time,attack_type,risk_score,risk_level,source,event
2026-05-21 01:15:12.454708,Mac Failed Login,70,Medium,Mac Local System,"Filtering the log data using ""composedMessage CONTAINS[c] ""authentication failure"" OR composedMessage CONTAINS[c] ""incorrect password"" OR composedMessage CONTAINS[c] ""Failed to authenticate"""""
2026-05-21 01:16:33.326860,Mac Failed Login,70,Medium,Mac Local System,"Filtering the log data using ""composedMessage CONTAINS[c] ""authentication failure"" OR composedMessage CONTAINS[c] ""incorrect password"" OR composedMessage CONTAINS[c] ""Failed to authenticate"""""
2026-05-21 01:33:09.803783,Mac Failed Login,70,Medium,Mac Local System,"Filtering the log data using ""composedMessage CONTAINS[c] ""authentication failure"" OR composedMessage CONTAINS[c] ""incorrect password"" OR composedMessage CONTAINS[c] ""Failed to authenticate"""""
2026-05-21 01:35:39.311221,Mac Failed Login,70,Medium,Mac Local System,"Filtering the log data using ""process == ""sudo"" AND composedMessage CONTAINS[c] ""incorrect password"""""
2026-05-21 01:36:22.393105,Mac Failed Login,70,Medium,Mac Local System,"Filtering the log data using ""process == ""sudo"" AND composedMessage CONTAINS[c] ""incorrect password"""""
2026-05-21 01:44:31.787540,Mac Failed Login,70,Medium,Mac Local System,2026-05-21 01:44:31.787 Df ecosystemanalyticsd[53070:660b6c] [com.apple.xpc:connection] [0xa56c7c640] failed to do a bootstrap look-up: xpc_error=[159: Unknown error: 159]
2026-05-21 01:44:31.788118,Mac Failed Login,70,Medium,Mac Local System,2026-05-21 01:44:31.787 Df ecosystemanalyticsd[53070:660b6c] [com.apple.xpc:connection] [0xa56c7c640] invalidated after a failed init
2026-05-21 01:44:31.798855,Mac Failed Login,70,Medium,Mac Local System,2026-05-21 01:44:31.798 E  ecosystemanalyticsd[53070:660b6c] (EcosystemAnalytics) EcosystemAnalytics.framework:RosettaCoordinator: getCodeSignatureInfo: SecStaticCodeCreate Failed url: <private>
2026-05-21 01:44:31.824825,Mac Failed Login,70,Medium,Mac Local System,2026-05-21 01:44:31.824 Df ecosystemanalyticsd[53070:660b6c] [com.apple.xpc:connection] [0xa56c7c640] failed to do a bootstrap look-up: xpc_error=[159: Unknown error: 159]
2026-05-21 01:44:31.824890,Mac Failed Login,70,Medium,Mac Local System,2026-05-21 01:44:31.824 Df ecosystemanalyticsd[53070:660b6c] [com.apple.xpc:connection] [0xa56c7c640] invalidated after a failed init
2026-05-21 01:44:31.825654,Mac Failed Login,70,Medium,Mac Local System,2026-05-21 01:44:31.825 E  ecosystemanalyticsd[53070:660b6c] (EcosystemAnalytics) EcosystemAnalytics.framework:RosettaCoordinator: getCodeSignatureInfo: SecStaticCodeCreate Failed url: <private>
2026-05-21 01:44:31.829130,Mac Failed Login,70,Medium,Mac Local System,2026-05-21 01:44:31.828 Df ecosystemd[6857:660ad0] [com.apple.xpc:connection] [0x906c89400] failed to do a bootstrap look-up: xpc_error=[159: Unknown error: 159]
2026-05-21 01:44:31.829385,Mac Failed Login,70,Medium,Mac Local System,2026-05-21 01:44:31.829 Df ecosystemd[6857:660ad0] [com.apple.xpc:connection] [0x906c89400] invalidated after a failed init
2026-05-21 01:44:31.837419,Mac Failed Login,70,Medium,Mac Local System,2026-05-21 01:44:31.837 Df ecosystemanalyticsd[53070:660b6c] [com.apple.xpc:connection] [0xa56c7c640] failed to do a bootstrap look-up: xpc_error=[159: Unknown error: 159]
2026-05-21 01:44:31.837481,Mac Failed Login,70,Medium,Mac Local System,2026-05-21 01:44:31.837 Df ecosystemanalyticsd[53070:660b6c] [com.apple.xpc:connection] [0xa56c7c640] invalidated after a failed init
2026-05-21 01:44:31.838385,Mac Failed Login,70,Medium,Mac Local System,2026-05-21 01:44:31.838 E  ecosystemanalyticsd[53070:660b6c] (EcosystemAnalytics) EcosystemAnalytics.framework:RosettaCoordinator: getCodeSignatureInfo: SecStaticCodeCreate Failed url: <private>
2026-05-21 01:44:31.844922,Mac Failed Login,70,Medium,Mac Local System,2026-05-21 01:44:31.844 Df ecosystemanalyticsd[53070:660b6c] [com.apple.xpc:connection] [0xa56c7c640] failed to do a bootstrap look-up: xpc_error=[159: Unknown error: 159]
2026-05-21 01:44:31.844969,Mac Failed Login,70,Medium,Mac Local System,2026-05-21 01:44:31.844 Df ecosystemanalyticsd[53070:660b6c] [com.apple.xpc:connection] [0xa56c7c640] invalidated after a failed init
2026-05-21 01:44:31.846013,Mac Failed Login,70,Medium,Mac Local System,2026-05-21 01:44:31.845 E  ecosystemanalyticsd[53070:660b6c] (EcosystemAnalytics) EcosystemAnalytics.framework:RosettaCoordinator: getCodeSignatureInfo: SecStaticCodeCreate Failed url: <private>
2026-05-21 01:44:31.853406,Mac Failed Login,70,Medium,Mac Local System,2026-05-21 01:44:31.853 Df ecosystemd[6857:660ad0] [com.apple.xpc:connection] [0x906c89400] failed to do a bootstrap look-up: xpc_error=[159: Unknown error: 159]
2026-05-21 01:44:31.853446,Mac Failed Login,70,Medium,Mac Local System,2026-05-21 01:44:31.853 Df ecosystemd[6857:660ad0] [com.apple.xpc:connection] [0x906c89400] invalidated after a failed init
2026-05-21 01:44:31.855629,Mac Failed Login,70,Medium,Mac Local System,2026-05-21 01:44:31.855 Df ecosystemanalyticsd[53070:660b6c] [com.apple.xpc:connection] [0xa56c7c640] failed to do a bootstrap look-up: xpc_error=[159: Unknown error: 159]
2026-05-21 01:44:31.855670,Mac Failed Login,70,Medium,Mac Local System,2026-05-21 01:44:31.855 Df ecosystemanalyticsd[53070:660b6c] [com.apple.xpc:connection] [0xa56c7c640] invalidated after a failed init
2026-05-21 01:44:31.856386,Mac Failed Login,70,Medium,Mac Local System,2026-05-21 01:44:31.856 E  ecosystemanalyticsd[53070:660b6c] (EcosystemAnalytics) EcosystemAnalytics.framework:RosettaCoordinator: getCodeSignatureInfo: SecStaticCodeCreate Failed url: <private>
2026-05-21 01:44:31.863736,Mac Failed Login,70,Medium,Mac Local System,2026-05-21 01:44:31.863 Df ecosystemanalyticsd[53070:660b6c] [com.apple.xpc:connection] [0xa56c7c640] failed to do a bootstrap look-up: xpc_error=[159: Unknown error: 159]
2026-05-21 01:44:31.863794,Mac Failed Login,70,Medium,Mac Local System,2026-05-21 01:44:31.863 Df ecosystemanalyticsd[53070:660b6c] [com.apple.xpc:connection] [0xa56c7c640] invalidated after a failed init
2026-05-21 01:44:31.864707,Mac Failed Login,70,Medium,Mac Local System,2026-05-21 01:44:31.864 E  ecosystemanalyticsd[53070:660b6c] (EcosystemAnalytics) EcosystemAnalytics.framework:RosettaCoordinator: getCodeSignatureInfo: SecStaticCodeCreate Failed url: <private>
2026-05-21 01:44:31.873047,Mac Failed Login,70,Medium,Mac Local System,2026-05-21 01:44:31.872 Df ecosystemd[6857:660ad0] [com.apple.xpc:connection] [0x906c89400] failed to do a bootstrap look-up: xpc_error=[159: Unknown error: 159]
2026-05-21 01:44:31.873090,Mac Failed Login,70,Medium,Mac Local System,2026-05-21 01:44:31.872 Df ecosystemd[6857:660ad0] [com.apple.xpc:connection] [0x906c89400] invalidated after a failed init
2026-05-21 01:44:31.875150,Mac Failed Login,70,Medium,Mac Local System,2026-05-21 01:44:31.875 Df ecosystemanalyticsd[53070:660b6c] [com.apple.xpc:connection] [0xa56c7c640] failed to do a bootstrap look-up: xpc_error=[159: Unknown error: 159]
2026-05-21 01:44:31.875193,Mac Failed Login,70,Medium,Mac Local System,2026-05-21 01:44:31.875 Df ecosystemanalyticsd[53070:660b6c] [com.apple.xpc:connection] [0xa56c7c640] invalidated after a failed init
2026-05-21 01:44:31.876362,Mac Failed Login,70,Medium,Mac Local System,2026-05-21 01:44:31.876 E  ecosystemanalyticsd[53070:660b6c] (EcosystemAnalytics) EcosystemAnalytics.framework:RosettaCoordinator: getCodeSignatureInfo: SecStaticCodeCreate Failed url: <private>
2026-05-21 01:44:31.882178,Mac Failed Login,70,Medium,Mac Local System,2026-05-21 01:44:31.882 Df ecosystemanalyticsd[53070:660b6c] [com.apple.xpc:connection] [0xa56c7c640] failed to do a bootstrap look-up: xpc_error=[159: Unknown error: 159]
2026-05-21 01:44:31.882227,Mac Failed Login,70,Medium,Mac Local System,2026-05-21 01:44:31.882 Df ecosystemanalyticsd[53070:660b6c] [com.apple.xpc:connection] [0xa56c7c640] invalidated after a failed init
2026-05-21 01:44:31.893852,Mac Failed Login,70,Medium,Mac Local System,2026-05-21 01:44:31.891 E  ecosystemanalyticsd[53070:660b6c] (EcosystemAnalytics) EcosystemAnalytics.framework:RosettaCoordinator: getCodeSignatureInfo: SecStaticCodeCreate Failed url: <private>
2026-05-21 01:44:31.927550,Mac Failed Login,70,Medium,Mac Local System,2026-05-21 01:44:31.927 Df ecosystemd[6857:660ad0] [com.apple.xpc:connection] [0x906c89400] failed to do a bootstrap look-up: xpc_error=[159: Unknown error: 159]
2026-05-21 01:44:31.927644,Mac Failed Login,70,Medium,Mac Local System,2026-05-21 01:44:31.927 Df ecosystemd[6857:660ad0] [com.apple.xpc:connection] [0x906c89400] invalidated after a failed init
2026-05-21 01:44:31.951262,Mac Failed Login,70,Medium,Mac Local System,2026-05-21 01:44:31.951 Df ecosystemd[6857:660ad0] [com.apple.xpc:connection] [0x906c89400] failed to do a bootstrap look-up: xpc_error=[159: Unknown error: 159]
2026-05-21 01:44:31.951319,Mac Failed Login,70,Medium,Mac Local System,2026-05-21 01:44:31.951 Df ecosystemd[6857:660ad0] [com.apple.xpc:connection] [0x906c89400] invalidated after a failed init
2026-05-21 01:44:31.966192,Mac Failed Login,70,Medium,Mac Local System,2026-05-21 01:44:31.966 Df ecosystemd[6857:660ad0] [com.apple.xpc:connection] [0x906c89400] failed to do a bootstrap look-up: xpc_error=[159: Unknown error: 159]
2026-05-21 01:44:31.966241,Mac Failed Login,70,Medium,Mac Local System,2026-05-21 01:44:31.966 Df ecosystemd[6857:660ad0] [com.apple.xpc:connection] [0x906c89400] invalidated after a failed init
2026-05-21 01:44:31.986196,Mac Failed Login,70,Medium,Mac Local System,2026-05-21 01:44:31.986 Df ecosystemd[6857:660ad0] [com.apple.xpc:connection] [0x906c89400] failed to do a bootstrap look-up: xpc_error=[159: Unknown error: 159]
2026-05-21 01:44:31.986244,Mac Failed Login,70,Medium,Mac Local System,2026-05-21 01:44:31.986 Df ecosystemd[6857:660ad0] [com.apple.xpc:connection] [0x906c89400] invalidated after a failed init
2026-05-21 01:44:32.001245,Mac Failed Login,70,Medium,Mac Local System,2026-05-21 01:44:32.001 Df ecosystemd[6857:660ad0] [com.apple.xpc:connection] [0x906c89400] failed to do a bootstrap look-up: xpc_error=[159: Unknown error: 159]
2026-05-21 01:44:32.001295,Mac Failed Login,70,Medium,Mac Local System,2026-05-21 01:44:32.001 Df ecosystemd[6857:660ad0] [com.apple.xpc:connection] [0x906c89400] invalidated after a failed init
2026-05-21 01:44:41.533496,Mac Failed Login,70,Medium,Mac Local System,2026-05-21 01:44:41.533 Df ecosystemanalyticsd[53070:660b6c] [com.apple.xpc:connection] [0xa56c7c640] failed to do a bootstrap look-up: xpc_error=[159: Unknown error: 159]
2026-05-21 01:44:41.533842,Mac Failed Login,70,Medium,Mac Local System,2026-05-21 01:44:41.533 Df ecosystemanalyticsd[53070:660b6c] [com.apple.xpc:connection] [0xa56c7c640] invalidated after a failed init
2026-05-21 01:44:41.574036,Mac Failed Login,70,Medium,Mac Local System,2026-05-21 01:44:41.573 Df ecosystemanalyticsd[53070:660b6c] [com.apple.xpc:connection] [0xa56c7c640] failed to do a bootstrap look-up: xpc_error=[159: Unknown error: 159]
2026-05-21 01:44:41.574155,Mac Failed Login,70,Medium,Mac Local System,2026-05-21 01:44:41.574 Df ecosystemanalyticsd[53070:660b6c] [com.apple.xpc:connection] [0xa56c7c640] invalidated after a failed init
2026-05-21 01:44:41.574809,Mac Failed Login,70,Medium,Mac Local System,2026-05-21 01:44:41.574 Df ecosystemd[6857:660ad0] [com.apple.xpc:connection] [0x906c89400] failed to do a bootstrap look-up: xpc_error=[159: Unknown error: 159]
2026-05-21 01:44:41.574964,Mac Failed Login,70,Medium,Mac Local System,2026-05-21 01:44:41.574 Df ecosystemd[6857:660ad0] [com.apple.xpc:connection] [0x906c89400] invalidated after a failed init
2026-05-21 01:44:41.576723,Mac Failed Login,70,Medium,Mac Local System,2026-05-21 01:44:41.576 E  ecosystemd[6857:660ad0] (EcosystemAnalytics) EcosystemAnalytics.framework:RosettaCoordinator: getCodeSignatureInfo: SecStaticCodeCreate Failed url: <private>
2026-05-21 01:44:41.602142,Mac Failed Login,70,Medium,Mac Local System,2026-05-21 01:44:41.601 Df ecosystemanalyticsd[53070:660b6c] [com.apple.xpc:connection] [0xa56c7c640] failed to do a bootstrap look-up: xpc_error=[159: Unknown error: 159]
2026-05-21 01:44:41.602241,Mac Failed Login,70,Medium,Mac Local System,2026-05-21 01:44:41.601 Df ecosystemd[6857:660ebd] [com.apple.xpc:connection] [0x906c89400] failed to do a bootstrap look-up: xpc_error=[159: Unknown error: 159]
2026-05-21 01:44:41.602295,Mac Failed Login,70,Medium,Mac Local System,2026-05-21 01:44:41.601 Df ecosystemanalyticsd[53070:660b6c] [com.apple.xpc:connection] [0xa56c7c640] invalidated after a failed init
2026-05-21 01:44:41.602328,Mac Failed Login,70,Medium,Mac Local System,2026-05-21 01:44:41.602 Df ecosystemd[6857:660ebd] [com.apple.xpc:connection] [0x906c89400] invalidated after a failed init
2026-05-21 01:44:41.603170,Mac Failed Login,70,Medium,Mac Local System,2026-05-21 01:44:41.602 E  ecosystemd[6857:660ebd] (EcosystemAnalytics) EcosystemAnalytics.framework:RosettaCoordinator: getCodeSignatureInfo: SecStaticCodeCreate Failed url: <private>
2026-05-21 01:44:41.626796,Mac Failed Login,70,Medium,Mac Local System,2026-05-21 01:44:41.626 Df ecosystemd[6857:660ebd] [com.apple.xpc:connection] [0x906c89400] failed to do a bootstrap look-up: xpc_error=[159: Unknown error: 159]
2026-05-21 01:44:41.626896,Mac Failed Login,70,Medium,Mac Local System,2026-05-21 01:44:41.626 Df ecosystemd[6857:660ebd] [com.apple.xpc:connection] [0x906c89400] invalidated after a failed init
2026-05-21 01:44:41.626942,Mac Failed Login,70,Medium,Mac Local System,2026-05-21 01:44:41.626 Df ecosystemanalyticsd[53070:660b6c] [com.apple.xpc:connection] [0xa56c7c640] failed to do a bootstrap look-up: xpc_error=[159: Unknown error: 159]
2026-05-21 01:44:41.626978,Mac Failed Login,70,Medium,Mac Local System,2026-05-21 01:44:41.626 Df ecosystemanalyticsd[53070:660b6c] [com.apple.xpc:connection] [0xa56c7c640] invalidated after a failed init
2026-05-21 01:44:41.627783,Mac Failed Login,70,Medium,Mac Local System,2026-05-21 01:44:41.627 E  ecosystemd[6857:660ebd] (EcosystemAnalytics) EcosystemAnalytics.framework:RosettaCoordinator: getCodeSignatureInfo: SecStaticCodeCreate Failed url: <private>
2026-05-21 01:44:41.653099,Mac Failed Login,70,Medium,Mac Local System,2026-05-21 01:44:41.652 Df ecosystemd[6857:660ad0] [com.apple.xpc:connection] [0x906c89400] failed to do a bootstrap look-up: xpc_error=[159: Unknown error: 159]
2026-05-21 01:44:41.653176,Mac Failed Login,70,Medium,Mac Local System,2026-05-21 01:44:41.652 Df ecosystemd[6857:660ad0] [com.apple.xpc:connection] [0x906c89400] invalidated after a failed init
2026-05-21 01:44:41.653949,Mac Failed Login,70,Medium,Mac Local System,2026-05-21 01:44:41.653 E  ecosystemd[6857:660ad0] (EcosystemAnalytics) EcosystemAnalytics.framework:RosettaCoordinator: getCodeSignatureInfo: SecStaticCodeCreate Failed url: <private>
2026-05-21 01:44:47.552639,Mac Failed Login,70,Medium,Mac Local System,2026-05-21 01:44:47.552 Df ecosystemanalyticsd[53070:660b6c] [com.apple.xpc:connection] [0xa56c7c640] failed to do a bootstrap look-up: xpc_error=[159: Unknown error: 159]
2026-05-21 01:44:47.552794,Mac Failed Login,70,Medium,Mac Local System,2026-05-21 01:44:47.552 Df ecosystemanalyticsd[53070:660b6c] [com.apple.xpc:connection] [0xa56c7c640] invalidated after a failed init
2026-05-21 01:44:47.645710,Mac Failed Login,70,Medium,Mac Local System,2026-05-21 01:44:47.645 Df ecosystemanalyticsd[53070:660b6c] [com.apple.xpc:connection] [0xa56c7c640] failed to do a bootstrap look-up: xpc_error=[159: Unknown error: 159]
2026-05-21 01:44:47.645933,Mac Failed Login,70,Medium,Mac Local System,2026-05-21 01:44:47.645 Df ecosystemanalyticsd[53070:660b6c] [com.apple.xpc:connection] [0xa56c7c640] invalidated after a failed init
2026-05-21 01:44:47.645950,Mac Failed Login,70,Medium,Mac Local System,2026-05-21 01:44:47.645 Df ecosystemd[6857:660ad0] [com.apple.xpc:connection] [0x906c89400] failed to do a bootstrap look-up: xpc_error=[159: Unknown error: 159]
2026-05-21 01:44:47.646017,Mac Failed Login,70,Medium,Mac Local System,2026-05-21 01:44:47.645 Df ecosystemd[6857:660ad0] [com.apple.xpc:connection] [0x906c89400] invalidated after a failed init
2026-05-21 01:44:47.647789,Mac Failed Login,70,Medium,Mac Local System,2026-05-21 01:44:47.647 E  ecosystemd[6857:660ad0] (EcosystemAnalytics) EcosystemAnalytics.framework:RosettaCoordinator: getCodeSignatureInfo: SecStaticCodeCreate Failed url: <private>
2026-05-21 01:44:47.679157,Mac Failed Login,70,Medium,Mac Local System,2026-05-21 01:44:47.678 Df ecosystemd[6857:660f0f] [com.apple.xpc:connection] [0x906c89400] failed to do a bootstrap look-up: xpc_error=[159: Unknown error: 159]
2026-05-21 01:44:47.679271,Mac Failed Login,70,Medium,Mac Local System,2026-05-21 01:44:47.679 Df ecosystemd[6857:660f0f] [com.apple.xpc:connection] [0x906c89400] invalidated after a failed init
2026-05-21 01:44:47.679297,Mac Failed Login,70,Medium,Mac Local System,2026-05-21 01:44:47.679 Df ecosystemanalyticsd[53070:660b6c] [com.apple.xpc:connection] [0xa56c7c640] failed to do a bootstrap look-up: xpc_error=[159: Unknown error: 159]
2026-05-21 01:44:47.679343,Mac Failed Login,70,Medium,Mac Local System,2026-05-21 01:44:47.679 Df ecosystemanalyticsd[53070:660b6c] [com.apple.xpc:connection] [0xa56c7c640] invalidated after a failed init
2026-05-21 01:44:47.680294,Mac Failed Login,70,Medium,Mac Local System,2026-05-21 01:44:47.680 E  ecosystemd[6857:660f0f] (EcosystemAnalytics) EcosystemAnalytics.framework:RosettaCoordinator: getCodeSignatureInfo: SecStaticCodeCreate Failed url: <private>
2026-05-21 01:44:47.704350,Mac Failed Login,70,Medium,Mac Local System,2026-05-21 01:44:47.704 Df ecosystemd[6857:660f0f] [com.apple.xpc:connection] [0x906c89400] failed to do a bootstrap look-up: xpc_error=[159: Unknown error: 159]
2026-05-21 01:44:47.704446,Mac Failed Login,70,Medium,Mac Local System,2026-05-21 01:44:47.704 Df ecosystemd[6857:660f0f] [com.apple.xpc:connection] [0x906c89400] invalidated after a failed init
2026-05-21 01:44:47.704676,Mac Failed Login,70,Medium,Mac Local System,2026-05-21 01:44:47.704 Df ecosystemanalyticsd[53070:660b6c] [com.apple.xpc:connection] [0xa56c7c640] failed to do a bootstrap look-up: xpc_error=[159: Unknown error: 159]
2026-05-21 01:44:47.704777,Mac Failed Login,70,Medium,Mac Local System,2026-05-21 01:44:47.704 Df ecosystemanalyticsd[53070:660b6c] [com.apple.xpc:connection] [0xa56c7c640] invalidated after a failed init
2026-05-21 01:44:47.706287,Mac Failed Login,70,Medium,Mac Local System,2026-05-21 01:44:47.706 E  ecosystemd[6857:660f0f] (EcosystemAnalytics) EcosystemAnalytics.framework:RosettaCoordinator: getCodeSignatureInfo: SecStaticCodeCreate Failed url: <private>
2026-05-21 01:44:47.742411,Mac Failed Login,70,Medium,Mac Local System,2026-05-21 01:44:47.742 Df ecosystemanalyticsd[53070:660b6c] [com.apple.xpc:connection] [0xa56c7c640] failed to do a bootstrap look-up: xpc_error=[159: Unknown error: 159]
2026-05-21 01:44:47.742511,Mac Failed Login,70,Medium,Mac Local System,2026-05-21 01:44:47.742 Df ecosystemanalyticsd[53070:660b6c] [com.apple.xpc:connection] [0xa56c7c640] invalidated after a failed init
2026-05-21 01:44:47.742630,Mac Failed Login,70,Medium,Mac Local System,2026-05-21 01:44:47.742 Df ecosystemd[6857:660f0f] [com.apple.xpc:connection] [0x906c89400] failed to do a bootstrap look-up: xpc_error=[159: Unknown error: 159]
2026-05-21 01:44:47.742660,Mac Failed Login,70,Medium,Mac Local System,2026-05-21 01:44:47.742 Df ecosystemd[6857:660f0f] [com.apple.xpc:connection] [0x906c89400] invalidated after a failed init
2026-05-21 01:44:47.743837,Mac Failed Login,70,Medium,Mac Local System,2026-05-21 01:44:47.743 E  ecosystemd[6857:660f0f] (EcosystemAnalytics) EcosystemAnalytics.framework:RosettaCoordinator: getCodeSignatureInfo: SecStaticCodeCreate Failed url: <private>
2026-05-21 01:44:47.765178,Mac Failed Login,70,Medium,Mac Local System,2026-05-21 01:44:47.764 Df ecosystemd[6857:660f0f] [com.apple.xpc:connection] [0x906c89400] failed to do a bootstrap look-up: xpc_error=[159: Unknown error: 159]
2026-05-21 01:44:47.765275,Mac Failed Login,70,Medium,Mac Local System,2026-05-21 01:44:47.764 Df ecosystemd[6857:660f0f] [com.apple.xpc:connection] [0x906c89400] invalidated after a failed init
2026-05-21 01:44:47.765303,Mac Failed Login,70,Medium,Mac Local System,2026-05-21 01:44:47.765 Df ecosystemanalyticsd[53070:660b6c] [com.apple.xpc:connection] [0xa56c7c640] failed to do a bootstrap look-up: xpc_error=[159: Unknown error: 159]
2026-05-21 01:44:47.765343,Mac Failed Login,70,Medium,Mac Local System,2026-05-21 01:44:47.765 Df ecosystemanalyticsd[53070:660b6c] [com.apple.xpc:connection] [0xa56c7c640] invalidated after a failed init
2026-05-21 01:44:47.766187,Mac Failed Login,70,Medium,Mac Local System,2026-05-21 01:44:47.766 E  ecosystemd[6857:660f0f] (EcosystemAnalytics) EcosystemAnalytics.framework:RosettaCoordinator: getCodeSignatureInfo: SecStaticCodeCreate Failed url: <private>
2026-05-21 01:44:47.786550,Mac Failed Login,70,Medium,Mac Local System,2026-05-21 01:44:47.786 Df ecosystemanalyticsd[53070:660b6c] [com.apple.xpc:connection] [0xa56c7c640] failed to do a bootstrap look-up: xpc_error=[159: Unknown error: 159]
2026-05-21 01:44:47.786629,Mac Failed Login,70,Medium,Mac Local System,2026-05-21 01:44:47.786 Df ecosystemanalyticsd[53070:660b6c] [com.apple.xpc:connection] [0xa56c7c640] invalidated after a failed init
2026-05-21 01:44:47.786714,Mac Failed Login,70,Medium,Mac Local System,2026-05-21 01:44:47.786 Df ecosystemd[6857:660ad0] [com.apple.xpc:connection] [0x906c89400] failed to do a bootstrap look-up: xpc_error=[159: Unknown error: 159]
2026-05-21 01:44:47.786743,Mac Failed Login,70,Medium,Mac Local System,2026-05-21 01:44:47.786 Df ecosystemd[6857:660ad0] [com.apple.xpc:connection] [0x906c89400] invalidated after a failed init
2026-05-21 01:44:47.787767,Mac Failed Login,70,Medium,Mac Local System,2026-05-21 01:44:47.787 E  ecosystemd[6857:660ad0] (EcosystemAnalytics) EcosystemAnalytics.framework:RosettaCoordinator: getCodeSignatureInfo: SecStaticCodeCreate Failed url: <private>
2026-05-21 01:44:47.802868,Mac Failed Login,70,Medium,Mac Local System,2026-05-21 01:44:47.802 Df ecosystemanalyticsd[53070:660b6c] [com.apple.xpc:connection] [0xa56c7c640] failed to do a bootstrap look-up: xpc_error=[159: Unknown error: 159]
2026-05-21 01:44:47.802931,Mac Failed Login,70,Medium,Mac Local System,2026-05-21 01:44:47.802 Df ecosystemanalyticsd[53070:660b6c] [com.apple.xpc:connection] [0xa56c7c640] invalidated after a failed init
2026-05-21 01:44:47.803450,Mac Failed Login,70,Medium,Mac Local System,2026-05-21 01:44:47.803 Df ecosystemd[6857:660ad0] [com.apple.xpc:connection] [0x906c89400] failed to do a bootstrap look-up: xpc_error=[159: Unknown error: 159]
2026-05-21 01:44:47.803482,Mac Failed Login,70,Medium,Mac Local System,2026-05-21 01:44:47.803 Df ecosystemd[6857:660ad0] [com.apple.xpc:connection] [0x906c89400] invalidated after a failed init
2026-05-21 01:44:47.804959,Mac Failed Login,70,Medium,Mac Local System,2026-05-21 01:44:47.804 E  ecosystemd[6857:660ad0] (EcosystemAnalytics) EcosystemAnalytics.framework:RosettaCoordinator: getCodeSignatureInfo: SecStaticCodeCreate Failed url: <private>
2026-05-21 01:44:47.826598,Mac Failed Login,70,Medium,Mac Local System,2026-05-21 01:44:47.826 Df ecosystemanalyticsd[53070:660b6c] [com.apple.xpc:connection] [0xa56c7c640] failed to do a bootstrap look-up: xpc_error=[159: Unknown error: 159]
2026-05-21 01:44:47.826669,Mac Failed Login,70,Medium,Mac Local System,2026-05-21 01:44:47.826 Df ecosystemanalyticsd[53070:660b6c] [com.apple.xpc:connection] [0xa56c7c640] invalidated after a failed init
2026-05-21 01:44:47.826786,Mac Failed Login,70,Medium,Mac Local System,2026-05-21 01:44:47.826 Df ecosystemd[6857:660f0e] [com.apple.xpc:connection] [0x906c89400] failed to do a bootstrap look-up: xpc_error=[159: Unknown error: 159]
2026-05-21 01:44:47.826839,Mac Failed Login,70,Medium,Mac Local System,2026-05-21 01:44:47.826 Df ecosystemd[6857:660f0e] [com.apple.xpc:connection] [0x906c89400] invalidated after a failed init
2026-05-21 01:44:47.827907,Mac Failed Login,70,Medium,Mac Local System,2026-05-21 01:44:47.827 E  ecosystemd[6857:660f0e] (EcosystemAnalytics) EcosystemAnalytics.framework:RosettaCoordinator: getCodeSignatureInfo: SecStaticCodeCreate Failed url: <private>
2026-05-21 01:44:47.845359,Mac Failed Login,70,Medium,Mac Local System,2026-05-21 01:44:47.845 Df ecosystemanalyticsd[53070:660b6c] [com.apple.xpc:connection] [0xa56c7c640] failed to do a bootstrap look-up: xpc_error=[159: Unknown error: 159]
2026-05-21 01:44:47.845454,Mac Failed Login,70,Medium,Mac Local System,2026-05-21 01:44:47.845 Df ecosystemanalyticsd[53070:660b6c] [com.apple.xpc:connection] [0xa56c7c640] invalidated after a failed init
2026-05-21 01:44:47.845493,Mac Failed Login,70,Medium,Mac Local System,2026-05-21 01:44:47.845 Df ecosystemd[6857:660f0e] [com.apple.xpc:connection] [0x906c89400] failed to do a bootstrap look-up: xpc_error=[159: Unknown error: 159]
2026-05-21 01:44:47.845521,Mac Failed Login,70,Medium,Mac Local System,2026-05-21 01:44:47.845 Df ecosystemd[6857:660f0e] [com.apple.xpc:connection] [0x906c89400] invalidated after a failed init
2026-05-21 01:44:47.846306,Mac Failed Login,70,Medium,Mac Local System,2026-05-21 01:44:47.846 E  ecosystemd[6857:660f0e] (EcosystemAnalytics) EcosystemAnalytics.framework:RosettaCoordinator: getCodeSignatureInfo: SecStaticCodeCreate Failed url: <private>
2026-05-21 01:44:47.868479,Mac Failed Login,70,Medium,Mac Local System,2026-05-21 01:44:47.868 Df ecosystemd[6857:660ad0] [com.apple.xpc:connection] [0x906c89400] failed to do a bootstrap look-up: xpc_error=[159: Unknown error: 159]
2026-05-21 01:44:47.868658,Mac Failed Login,70,Medium,Mac Local System,2026-05-21 01:44:47.868 Df ecosystemd[6857:660ad0] [com.apple.xpc:connection] [0x906c89400] invalidated after a failed init
2026-05-21 01:44:47.868799,Mac Failed Login,70,Medium,Mac Local System,2026-05-21 01:44:47.868 Df ecosystemanalyticsd[53070:660b6c] [com.apple.xpc:connection] [0xa56c7c640] failed to do a bootstrap look-up: xpc_error=[159: Unknown error: 159]
2026-05-21 01:44:47.868892,Mac Failed Login,70,Medium,Mac Local System,2026-05-21 01:44:47.868 Df ecosystemanalyticsd[53070:660b6c] [com.apple.xpc:connection] [0xa56c7c640] invalidated after a failed init
2026-05-21 01:44:47.870804,Mac Failed Login,70,Medium,Mac Local System,2026-05-21 01:44:47.870 E  ecosystemd[6857:660ad0] (EcosystemAnalytics) EcosystemAnalytics.framework:RosettaCoordinator: getCodeSignatureInfo: SecStaticCodeCreate Failed url: <private>
2026-05-21 01:44:47.885752,Mac Failed Login,70,Medium,Mac Local System,2026-05-21 01:44:47.885 Df ecosystemanalyticsd[53070:660b6c] [com.apple.xpc:connection] [0xa56c7c640] failed to do a bootstrap look-up: xpc_error=[159: Unknown error: 159]
2026-05-21 01:44:47.885827,Mac Failed Login,70,Medium,Mac Local System,2026-05-21 01:44:47.885 Df ecosystemanalyticsd[53070:660b6c] [com.apple.xpc:connection] [0xa56c7c640] invalidated after a failed init
2026-05-21 01:44:47.886367,Mac Failed Login,70,Medium,Mac Local System,2026-05-21 01:44:47.886 Df ecosystemd[6857:660ad0] [com.apple.xpc:connection] [0x906c89400] failed to do a bootstrap look-up: xpc_error=[159: Unknown error: 159]
2026-05-21 01:44:47.886444,Mac Failed Login,70,Medium,Mac Local System,2026-05-21 01:44:47.886 Df ecosystemd[6857:660ad0] [com.apple.xpc:connection] [0x906c89400] invalidated after a failed init
2026-05-21 01:44:47.888653,Mac Failed Login,70,Medium,Mac Local System,2026-05-21 01:44:47.888 E  ecosystemd[6857:660ad0] (EcosystemAnalytics) EcosystemAnalytics.framework:RosettaCoordinator: getCodeSignatureInfo: SecStaticCodeCreate Failed url: <private>
2026-05-21 01:44:47.912426,Mac Failed Login,70,Medium,Mac Local System,2026-05-21 01:44:47.912 Df ecosystemd[6857:660f0f] [com.apple.xpc:connection] [0x906c89400] failed to do a bootstrap look-up: xpc_error=[159: Unknown error: 159]
2026-05-21 01:44:47.912546,Mac Failed Login,70,Medium,Mac Local System,2026-05-21 01:44:47.912 Df ecosystemd[6857:660f0f] [com.apple.xpc:connection] [0x906c89400] invalidated after a failed init
2026-05-21 01:44:47.914451,Mac Failed Login,70,Medium,Mac Local System,2026-05-21 01:44:47.914 E  ecosystemd[6857:660f0f] (EcosystemAnalytics) EcosystemAnalytics.framework:RosettaCoordinator: getCodeSignatureInfo: SecStaticCodeCreate Failed url: <private>
2026-05-21 01:44:50.764169,Mac Failed Login,70,Medium,Mac Local System,2026-05-21 01:44:50.763 Df WindowServer[603:1050] [com.apple.SkyLight:default] pid 944 failed to act on a ping it dequeued before timing out.
2026-05-21 01:44:50.782957,Mac Failed Login,70,Medium,Mac Local System,"2026-05-21 01:44:50.782 E  runningboardd[601:660c8b] [com.apple.runningboard:process] Kernel call to get coalition roles for PID 14354, resource coalition id: 1113, jetsam coalition id: 1114, failed: ret -1, errno 2."
2026-05-21 01:44:50.783076,Mac Failed Login,70,Medium,Mac Local System,2026-05-21 01:44:50.782 Df runningboardd[601:660c8b] [com.apple.libxpc.OSLaunchdJob:all] copyJobWithPid:14354 failed with error 113: Could not find specified service
2026-05-21 01:44:50.901135,Mac Failed Login,70,Medium,Mac Local System,"2026-05-21 01:44:50.900 Df replayd[6196:65db51] [com.apple.securityd:SecWarning] SecTaskLoadEntitlements: failed to get cs_flags, error=3, pid=14354"
2026-05-21 01:44:51.071659,Mac Failed Login,70,Medium,Mac Local System,"2026-05-21 01:44:51.066 E  runningboardd[601:660f27] [com.apple.runningboard:process] Kernel call to get coalition roles for PID 14355, resource coalition id: 2716, jetsam coalition id: 2717, failed: ret -1, errno 2."
2026-05-21 01:44:51.201417,Mac Failed Login,70,Medium,Mac Local System,"2026-05-21 01:44:51.200 E  diagnostics_agent[1266:660df5] [com.apple.appstorefoundation:Default] Failed to parse receipt at /System/Library/CoreServices/screencaptureui.app/Contents/_MASReceipt/receipt: Error Domain=NSCocoaErrorDomain Code=260 ""The file “receipt” couldn’t be opened because there is no such file."" UserInfo={NSFilePath=/System/Library/CoreServices/screencaptureui.app/Contents/_MASReceipt/receipt, NSURL=file:///System/Library/CoreServices/screencaptureui.app/Contents/_MASReceipt/receipt, NSUnderlyingError=0x86b177300 {Error Domain=NSPOSIXErrorDomain Code=2 ""No such file or directory""}}"
2026-05-21 01:44:51.552858,Mac Failed Login,70,Medium,Mac Local System,2026-05-21 01:44:51.552 Df ecosystemanalyticsd[53070:660b6c] [com.apple.xpc:connection] [0xa56c7c640] failed to do a bootstrap look-up: xpc_error=[159: Unknown error: 159]
2026-05-21 01:44:51.552947,Mac Failed Login,70,Medium,Mac Local System,2026-05-21 01:44:51.552 Df ecosystemanalyticsd[53070:660b6c] [com.apple.xpc:connection] [0xa56c7c640] invalidated after a failed init
2026-05-21 01:44:51.554141,Mac Failed Login,70,Medium,Mac Local System,2026-05-21 01:44:51.553 E  ecosystemanalyticsd[53070:660b6c] (EcosystemAnalytics) EcosystemAnalytics.framework:RosettaCoordinator: getCodeSignatureInfo: SecStaticCodeCreate Failed url: <private>
2026-05-21 01:44:51.560268,Mac Failed Login,70,Medium,Mac Local System,2026-05-21 01:44:51.559 Df ecosystemd[6857:660f0f] [com.apple.xpc:connection] [0x906c89400] failed to do a bootstrap look-up: xpc_error=[159: Unknown error: 159]
2026-05-21 01:44:51.560423,Mac Failed Login,70,Medium,Mac Local System,2026-05-21 01:44:51.560 Df ecosystemanalyticsd[53070:660b6c] [com.apple.xpc:connection] [0xa56c7c640] failed to do a bootstrap look-up: xpc_error=[159: Unknown error: 159]
2026-05-21 01:44:51.560628,Mac Failed Login,70,Medium,Mac Local System,2026-05-21 01:44:51.560 Df ecosystemanalyticsd[53070:660b6c] [com.apple.xpc:connection] [0xa56c7c640] invalidated after a failed init
2026-05-21 01:44:51.561091,Mac Failed Login,70,Medium,Mac Local System,2026-05-21 01:44:51.560 Df ecosystemd[6857:660f0f] [com.apple.xpc:connection] [0x906c89400] invalidated after a failed init
2026-05-21 01:44:51.563566,Mac Failed Login,70,Medium,Mac Local System,2026-05-21 01:44:51.563 E  ecosystemanalyticsd[53070:660b6c] (EcosystemAnalytics) EcosystemAnalytics.framework:RosettaCoordinator: getCodeSignatureInfo: SecStaticCodeCreate Failed url: <private>
2026-05-21 01:44:51.577447,Mac Failed Login,70,Medium,Mac Local System,2026-05-21 01:44:51.577 Df ecosystemanalyticsd[53070:660b6c] [com.apple.xpc:connection] [0xa56c7c640] failed to do a bootstrap look-up: xpc_error=[159: Unknown error: 159]
2026-05-21 01:44:51.577550,Mac Failed Login,70,Medium,Mac Local System,2026-05-21 01:44:51.577 Df ecosystemanalyticsd[53070:660b6c] [com.apple.xpc:connection] [0xa56c7c640] invalidated after a failed init
2026-05-21 01:44:51.577742,Mac Failed Login,70,Medium,Mac Local System,2026-05-21 01:44:51.577 Df ecosystemd[6857:660f0f] [com.apple.xpc:connection] [0x906c89400] failed to do a bootstrap look-up: xpc_error=[159: Unknown error: 159]
2026-05-21 01:44:51.577786,Mac Failed Login,70,Medium,Mac Local System,2026-05-21 01:44:51.577 Df ecosystemd[6857:660f0f] [com.apple.xpc:connection] [0x906c89400] invalidated after a failed init
2026-05-21 01:44:51.578503,Mac Failed Login,70,Medium,Mac Local System,2026-05-21 01:44:51.578 E  ecosystemanalyticsd[53070:660b6c] (EcosystemAnalytics) EcosystemAnalytics.framework:RosettaCoordinator: getCodeSignatureInfo: SecStaticCodeCreate Failed url: <private>
2026-05-21 01:44:51.585136,Mac Failed Login,70,Medium,Mac Local System,2026-05-21 01:44:51.585 Df ecosystemanalyticsd[53070:660b6c] [com.apple.xpc:connection] [0xa56c7c640] failed to do a bootstrap look-up: xpc_error=[159: Unknown error: 159]
2026-05-21 01:44:51.585193,Mac Failed Login,70,Medium,Mac Local System,2026-05-21 01:44:51.585 Df ecosystemanalyticsd[53070:660b6c] [com.apple.xpc:connection] [0xa56c7c640] invalidated after a failed init
2026-05-21 01:44:51.585899,Mac Failed Login,70,Medium,Mac Local System,2026-05-21 01:44:51.585 E  ecosystemanalyticsd[53070:660b6c] (EcosystemAnalytics) EcosystemAnalytics.framework:RosettaCoordinator: getCodeSignatureInfo: SecStaticCodeCreate Failed url: <private>
2026-05-21 01:44:51.596953,Mac Failed Login,70,Medium,Mac Local System,2026-05-21 01:44:51.596 Df ecosystemd[6857:660f0f] [com.apple.xpc:connection] [0x906c89400] failed to do a bootstrap look-up: xpc_error=[159: Unknown error: 159]
2026-05-21 01:44:51.597025,Mac Failed Login,70,Medium,Mac Local System,2026-05-21 01:44:51.596 Df ecosystemd[6857:660f0f] [com.apple.xpc:connection] [0x906c89400] invalidated after a failed init
2026-05-21 01:44:51.598043,Mac Failed Login,70,Medium,Mac Local System,2026-05-21 01:44:51.597 Df ecosystemanalyticsd[53070:660b6c] [com.apple.xpc:connection] [0xa56c7c640] failed to do a bootstrap look-up: xpc_error=[159: Unknown error: 159]
2026-05-21 01:44:51.598089,Mac Failed Login,70,Medium,Mac Local System,2026-05-21 01:44:51.597 Df ecosystemanalyticsd[53070:660b6c] [com.apple.xpc:connection] [0xa56c7c640] invalidated after a failed init
2026-05-21 01:44:51.598768,Mac Failed Login,70,Medium,Mac Local System,2026-05-21 01:44:51.598 E  ecosystemanalyticsd[53070:660b6c] (EcosystemAnalytics) EcosystemAnalytics.framework:RosettaCoordinator: getCodeSignatureInfo: SecStaticCodeCreate Failed url: <private>
2026-05-21 01:44:51.603694,Mac Failed Login,70,Medium,Mac Local System,2026-05-21 01:44:51.603 Df ecosystemanalyticsd[53070:660b6c] [com.apple.xpc:connection] [0xa56c7c640] failed to do a bootstrap look-up: xpc_error=[159: Unknown error: 159]
2026-05-21 01:44:51.603832,Mac Failed Login,70,Medium,Mac Local System,2026-05-21 01:44:51.603 Df ecosystemanalyticsd[53070:660b6c] [com.apple.xpc:connection] [0xa56c7c640] invalidated after a failed init
2026-05-21 01:44:51.604912,Mac Failed Login,70,Medium,Mac Local System,2026-05-21 01:44:51.604 E  ecosystemanalyticsd[53070:660b6c] (EcosystemAnalytics) EcosystemAnalytics.framework:RosettaCoordinator: getCodeSignatureInfo: SecStaticCodeCreate Failed url: <private>
2026-05-21 01:44:51.608573,Mac Failed Login,70,Medium,Mac Local System,2026-05-21 01:44:51.608 Df ecosystemd[6857:660f0f] [com.apple.xpc:connection] [0x906c89400] failed to do a bootstrap look-up: xpc_error=[159: Unknown error: 159]
2026-05-21 01:44:51.608616,Mac Failed Login,70,Medium,Mac Local System,2026-05-21 01:44:51.608 Df ecosystemd[6857:660f0f] [com.apple.xpc:connection] [0x906c89400] invalidated after a failed init
2026-05-21 01:44:51.615213,Mac Failed Login,70,Medium,Mac Local System,2026-05-21 01:44:51.615 Df ecosystemanalyticsd[53070:660b6c] [com.apple.xpc:connection] [0xa56c7c640] failed to do a bootstrap look-up: xpc_error=[159: Unknown error: 159]
2026-05-21 01:44:51.615309,Mac Failed Login,70,Medium,Mac Local System,2026-05-21 01:44:51.615 Df ecosystemanalyticsd[53070:660b6c] [com.apple.xpc:connection] [0xa56c7c640] invalidated after a failed init
2026-05-21 01:44:51.616172,Mac Failed Login,70,Medium,Mac Local System,2026-05-21 01:44:51.616 E  ecosystemanalyticsd[53070:660b6c] (EcosystemAnalytics) EcosystemAnalytics.framework:RosettaCoordinator: getCodeSignatureInfo: SecStaticCodeCreate Failed url: <private>
2026-05-21 01:44:51.622030,Mac Failed Login,70,Medium,Mac Local System,2026-05-21 01:44:51.621 Df ecosystemanalyticsd[53070:660b6c] [com.apple.xpc:connection] [0xa56c7c640] failed to do a bootstrap look-up: xpc_error=[159: Unknown error: 159]
2026-05-21 01:44:51.622107,Mac Failed Login,70,Medium,Mac Local System,2026-05-21 01:44:51.621 Df ecosystemanalyticsd[53070:660b6c] [com.apple.xpc:connection] [0xa56c7c640] invalidated after a failed init
2026-05-21 01:44:51.622752,Mac Failed Login,70,Medium,Mac Local System,2026-05-21 01:44:51.622 E  ecosystemanalyticsd[53070:660b6c] (EcosystemAnalytics) EcosystemAnalytics.framework:RosettaCoordinator: getCodeSignatureInfo: SecStaticCodeCreate Failed url: <private>
2026-05-21 01:44:51.625317,Mac Failed Login,70,Medium,Mac Local System,2026-05-21 01:44:51.625 Df ecosystemd[6857:660f0f] [com.apple.xpc:connection] [0x906c89400] failed to do a bootstrap look-up: xpc_error=[159: Unknown error: 159]
2026-05-21 01:44:51.625354,Mac Failed Login,70,Medium,Mac Local System,2026-05-21 01:44:51.625 Df ecosystemd[6857:660f0f] [com.apple.xpc:connection] [0x906c89400] invalidated after a failed init
2026-05-21 01:44:51.643452,Mac Failed Login,70,Medium,Mac Local System,2026-05-21 01:44:51.643 Df ecosystemd[6857:660f0f] [com.apple.xpc:connection] [0x906c89400] failed to do a bootstrap look-up: xpc_error=[159: Unknown error: 159]
2026-05-21 01:44:51.643509,Mac Failed Login,70,Medium,Mac Local System,2026-05-21 01:44:51.643 Df ecosystemd[6857:660f0f] [com.apple.xpc:connection] [0x906c89400] invalidated after a failed init
2026-05-21 01:44:51.665630,Mac Failed Login,70,Medium,Mac Local System,2026-05-21 01:44:51.665 Df ecosystemd[6857:660f0f] [com.apple.xpc:connection] [0x906c89400] failed to do a bootstrap look-up: xpc_error=[159: Unknown error: 159]
2026-05-21 01:44:51.665684,Mac Failed Login,70,Medium,Mac Local System,2026-05-21 01:44:51.665 Df ecosystemd[6857:660f0f] [com.apple.xpc:connection] [0x906c89400] invalidated after a failed init
2026-05-21 01:44:51.682688,Mac Failed Login,70,Medium,Mac Local System,2026-05-21 01:44:51.682 Df ecosystemd[6857:660f0f] [com.apple.xpc:connection] [0x906c89400] failed to do a bootstrap look-up: xpc_error=[159: Unknown error: 159]
2026-05-21 01:44:51.682829,Mac Failed Login,70,Medium,Mac Local System,2026-05-21 01:44:51.682 Df ecosystemd[6857:660f0f] [com.apple.xpc:connection] [0x906c89400] invalidated after a failed init
2026-05-21 01:44:51.690376,Mac Failed Login,70,Medium,Mac Local System,2026-05-21 01:44:51.690 Df audioanalyticsd[6186:660e9a] [com.apple.xpc:connection] [0xca4c688c0] failed to do a bootstrap look-up: xpc_error=[3: No such process]
2026-05-21 01:44:51.690496,Mac Failed Login,70,Medium,Mac Local System,2026-05-21 01:44:51.690 Df audioanalyticsd[6186:660e9a] [com.apple.xpc:connection] [0xca4c688c0] invalidated after a failed init
2026-05-21 01:44:51.693422,Mac Failed Login,70,Medium,Mac Local System,"2026-05-21 01:44:51.693 E  audioanalyticsd[6186:660e9a] [com.apple.accounts:core] ""Remote account store returned fatal error: Error Domain=NSCocoaErrorDomain Code=4099 ""The connection to service named com.apple.accountsd.accountmanager was invalidated: Connection init failed at lookup with error 3 - No such process."" UserInfo={NSDebugDescription=The connection to service named com.apple.accountsd.accountmanager was invalidated: Connection init failed at lookup with error 3 - No such process.}"""
2026-05-21 01:44:51.697450,Mac Failed Login,70,Medium,Mac Local System,2026-05-21 01:44:51.697 Df audioanalyticsd[6186:660e9a] [com.apple.xpc:connection] [0xca4c688c0] failed to do a bootstrap look-up: xpc_error=[3: No such process]
2026-05-21 01:44:51.697517,Mac Failed Login,70,Medium,Mac Local System,2026-05-21 01:44:51.697 Df audioanalyticsd[6186:660e9a] [com.apple.xpc:connection] [0xca4c688c0] invalidated after a failed init
2026-05-21 01:44:51.697742,Mac Failed Login,70,Medium,Mac Local System,"2026-05-21 01:44:51.697 E  audioanalyticsd[6186:660e9a] [com.apple.accounts:core] ""Remote account store returned fatal error: Error Domain=NSCocoaErrorDomain Code=4099 ""The connection to service named com.apple.accountsd.accountmanager was invalidated: Connection init failed at lookup with error 3 - No such process."" UserInfo={NSDebugDescription=The connection to service named com.apple.accountsd.accountmanager was invalidated: Connection init failed at lookup with error 3 - No such process.}"""
2026-05-21 01:44:51.703978,Mac Failed Login,70,Medium,Mac Local System,"2026-05-21 01:44:51.703 E  audioanalyticsd[6186:660e9a] [com.apple.audioanalytics:carr] Failed to process message. { message=<private>, worker=<private>, reporterID=41566693490704 }"
2026-05-21 01:44:52.750846,Mac Failed Login,70,Medium,Mac Local System,2026-05-21 01:44:52.749 Df screencaptureui[14355:660f68] (MarkupUI) -[MUImageContentViewController initWithSourceContent:archivedDataModel:delegate:]: Failed to read annotations.
2026-05-21 01:44:53.296177,Mac Failed Login,70,Medium,Mac Local System,"2026-05-21 01:44:53.295 Df kernel[0:651222] (AppleH11ANEInterface) ANE0: ANE_Init: Statistics: ColdStarts: 1093, JetsamTriggeredColdStarts: 0, Resumes: 0, ResumesFailed: 0, SuspendsSuccessful: 0, SuspendsFailed: 0 FirmwareTimeouts: 0 ANEDeInits: 1092 ANEInitFailures: 0"
2026-05-21 01:44:53.296398,Mac Failed Login,70,Medium,Mac Local System,2026-05-21 01:44:53.295 Df kernel[0:651222] (AppleH11ANEInterface) ANE0: ANE_Init: Work Stats:  WorkSubmit: 21580 WorkSubmitFailed: 0 WorkBegin: 21580 WorkEnd: 21580 PendingRequests: 0
2026-05-21 01:44:54.696020,Mac Failed Login,70,Medium,Mac Local System,2026-05-21 01:44:54.695 E  runningboardd[601:660f29] [com.apple.runningboard:process] [xpcservice<com.apple.sharing.ShareSheetUI([osservice<com.apple.screencaptureui.agent(501)>:14355])(501)>{vt hash: 0}{definition:com.apple.sharing.ShareSheetUI[extension][client]}:14362] Memorystatus failed with unexpected error: Invalid argument (22)
2026-05-21 01:44:54.696420,Mac Failed Login,70,Medium,Mac Local System,"2026-05-21 01:44:54.695 E  runningboardd[601:660f29] [com.apple.runningboard:process] Kernel call to get coalition roles for PID 14362, resource coalition id: 132402, jetsam coalition id: 2717, failed: ret -1, errno 2."
2026-05-21 01:44:54.723368,Mac Failed Login,70,Medium,Mac Local System,2026-05-21 01:44:54.723 E  containermanagerd[19817:660ce8] (libsystem_trace.dylib) failed to read /Library/Preferences/Logging/com.apple.diagnosticd.filter.plist: [1: Operation not permitted]
2026-05-21 01:44:54.723486,Mac Failed Login,70,Medium,Mac Local System,2026-05-21 01:44:54.723 E  containermanagerd[19817:660ce8] (libsystem_trace.dylib) failed to read /Library/Preferences/Logging/com.apple.diagnosticd.filter.plist: [1: Operation not permitted]
2026-05-21 01:44:54.790703,Mac Failed Login,70,Medium,Mac Local System,2026-05-21 01:44:54.778 Df lsd[950:660e7c] [com.apple.launchservices:default] Failed to register <private>: -10811
2026-05-21 01:44:54.791871,Mac Failed Login,70,Medium,Mac Local System,2026-05-21 01:44:54.789 E  tccd[596:660dbd] [com.apple.TCC:access] Failed to create LSApplicationRecord for file:///System/Library/PrivateFrameworks/ShareKit.framework/Versions/A/PlugIns/ShareSheetUI.appex/: 'The operation couldn’t be completed. (OSStatus error -10811.)'
2026-05-21 01:44:54.794509,Mac Failed Login,70,Medium,Mac Local System,2026-05-21 01:44:54.794 E  tccd[596:660f39] [com.apple.TCC:access] Failed to create LSApplicationRecord for file:///System/Library/PrivateFrameworks/ShareKit.framework/Versions/A/PlugIns/ShareSheetUI.appex/: 'The operation couldn’t be completed. (OSStatus error -10811.)'
2026-05-21 01:44:54.796567,Mac Failed Login,70,Medium,Mac Local System,"2026-05-21 01:44:54.796 E  diagnostics_agent[1266:660f84] [com.apple.appstorefoundation:Default] Failed to parse receipt at /System/Library/PrivateFrameworks/ShareKit.framework/Versions/A/PlugIns/ShareSheetUI.appex/Contents/_MASReceipt/receipt: Error Domain=NSCocoaErrorDomain Code=260 ""The file “receipt” couldn’t be opened because there is no such file."" UserInfo={NSFilePath=/System/Library/PrivateFrameworks/ShareKit.framework/Versions/A/PlugIns/ShareSheetUI.appex/Contents/_MASReceipt/receipt, NSURL=file:///System/Library/PrivateFrameworks/ShareKit.framework/Versions/A/PlugIns/ShareSheetUI.appex/Contents/_MASReceipt/receipt, NSUnderlyingError=0x86b1770c0 {Error Domain=NSPOSIXErrorDomain Code=2 ""No such file or directory""}}"
2026-05-21 01:44:54.861212,Mac Failed Login,70,Medium,Mac Local System,2026-05-21 01:44:54.861 Df audioanalyticsd[6186:660e9a] [com.apple.xpc:connection] [0xca4c688c0] failed to do a bootstrap look-up: xpc_error=[3: No such process]
2026-05-21 01:44:54.862311,Mac Failed Login,70,Medium,Mac Local System,2026-05-21 01:44:54.862 Df audioanalyticsd[6186:660e9a] [com.apple.xpc:connection] [0xca4c688c0] invalidated after a failed init
2026-05-21 01:44:54.863449,Mac Failed Login,70,Medium,Mac Local System,"2026-05-21 01:44:54.863 E  audioanalyticsd[6186:660e9a] [com.apple.accounts:core] ""Remote account store returned fatal error: Error Domain=NSCocoaErrorDomain Code=4099 ""The connection to service named com.apple.accountsd.accountmanager was invalidated: Connection init failed at lookup with error 3 - No such process."" UserInfo={NSDebugDescription=The connection to service named com.apple.accountsd.accountmanager was invalidated: Connection init failed at lookup with error 3 - No such process.}"""
2026-05-21 01:44:54.863936,Mac Failed Login,70,Medium,Mac Local System,2026-05-21 01:44:54.863 Df audioanalyticsd[6186:660e9a] [com.apple.xpc:connection] [0xca4c688c0] failed to do a bootstrap look-up: xpc_error=[3: No such process]
2026-05-21 01:44:54.864013,Mac Failed Login,70,Medium,Mac Local System,2026-05-21 01:44:54.863 Df audioanalyticsd[6186:660e9a] [com.apple.xpc:connection] [0xca4c688c0] invalidated after a failed init
2026-05-21 01:44:54.864600,Mac Failed Login,70,Medium,Mac Local System,"2026-05-21 01:44:54.864 E  audioanalyticsd[6186:660e9a] [com.apple.accounts:core] ""Remote account store returned fatal error: Error Domain=NSCocoaErrorDomain Code=4099 ""The connection to service named com.apple.accountsd.accountmanager was invalidated: Connection init failed at lookup with error 3 - No such process."" UserInfo={NSDebugDescription=The connection to service named com.apple.accountsd.accountmanager was invalidated: Connection init failed at lookup with error 3 - No such process.}"""
2026-05-21 01:44:54.865608,Mac Failed Login,70,Medium,Mac Local System,"2026-05-21 01:44:54.865 E  audioanalyticsd[6186:660e9a] [com.apple.audioanalytics:carr] Failed to process message. { message=<private>, worker=<private>, reporterID=2598455215404 }"
2026-05-21 01:44:54.918778,Mac Failed Login,70,Medium,Mac Local System,2026-05-21 01:44:54.918 E  tccd[95944:660d96] [com.apple.TCC:access] Failed to issue generic sandbox extension for class: com.apple.tcc.kTCCServiceAddressBook
2026-05-21 01:44:54.919180,Mac Failed Login,70,Medium,Mac Local System,2026-05-21 01:44:54.918 E  tccd[95944:661035] [com.apple.TCC:access] Failed to issue generic sandbox extension for class: com.apple.tcc.kTCCServiceAddressBook
2026-05-21 01:44:55.015014,Mac Failed Login,70,Medium,Mac Local System,2026-05-21 01:44:55.014 Df sharingd[995:661003] [com.apple.xpc:connection] [0x7e51e0000] failed to do a bootstrap look-up: xpc_error=[159: Unknown error: 159]
2026-05-21 01:44:55.015111,Mac Failed Login,70,Medium,Mac Local System,2026-05-21 01:44:55.014 Df sharingd[995:661003] [com.apple.xpc:connection] [0x7e51e0000] invalidated after a failed init
2026-05-21 01:44:55.281208,Mac Failed Login,70,Medium,Mac Local System,"2026-05-21 01:44:55.281 E  com.apple.appkit.xpc.openAndSavePanelService[90790:66021b] [com.apple.accounts:core] ""ACMonitoredAccountStore: Failed to fetch accounts: Error Domain=com.apple.accounts Code=7"""
2026-05-21 01:44:55.281747,Mac Failed Login,70,Medium,Mac Local System,"2026-05-21 01:44:55.281 E  com.apple.appkit.xpc.openAndSavePanelService[88914:660879] [com.apple.accounts:core] ""ACMonitoredAccountStore: Failed to fetch accounts: Error Domain=com.apple.accounts Code=7"""
2026-05-21 01:44:55.299658,Mac Failed Login,70,Medium,Mac Local System,"2026-05-21 01:44:55.287 E  com.apple.appkit.xpc.openAndSavePanelService[6065:6600de] [com.apple.accounts:core] ""ACMonitoredAccountStore: Failed to fetch accounts: Error Domain=com.apple.accounts Code=7"""
2026-05-21 01:44:55.300991,Mac Failed Login,70,Medium,Mac Local System,"2026-05-21 01:44:55.300 E  rapportd[956:661040] [com.apple.accounts:core] ""ACMonitoredAccountStore: Failed to fetch accounts: Error Domain=com.apple.accounts Code=7"""
2026-05-21 01:44:55.318055,Mac Failed Login,70,Medium,Mac Local System,"2026-05-21 01:44:55.317 E  com.apple.appkit.xpc.openAndSavePanelService[58788:65f43d] [com.apple.accounts:core] ""ACMonitoredAccountStore: Failed to fetch accounts: Error Domain=com.apple.accounts Code=7"""
2026-05-21 01:44:58.540361,Mac Failed Login,70,Medium,Mac Local System,2026-05-21 01:44:58.540 Df ecosystemanalyticsd[53070:660b6c] [com.apple.xpc:connection] [0xa56c7c640] failed to do a bootstrap look-up: xpc_error=[159: Unknown error: 159]
2026-05-21 01:44:58.540725,Mac Failed Login,70,Medium,Mac Local System,2026-05-21 01:44:58.540 Df ecosystemanalyticsd[53070:660b6c] [com.apple.xpc:connection] [0xa56c7c640] invalidated after a failed init
2026-05-21 01:44:59.013686,Mac Failed Login,70,Medium,Mac Local System,2026-05-21 01:44:59.013 Df ecosystemanalyticsd[53070:660b6c] [com.apple.xpc:connection] [0xa56c7c640] failed to do a bootstrap look-up: xpc_error=[159: Unknown error: 159]
2026-05-21 01:44:59.013865,Mac Failed Login,70,Medium,Mac Local System,2026-05-21 01:44:59.013 Df ecosystemanalyticsd[53070:660b6c] [com.apple.xpc:connection] [0xa56c7c640] invalidated after a failed init
2026-05-21 01:44:59.016907,Mac Failed Login,70,Medium,Mac Local System,2026-05-21 01:44:59.016 Df ecosystemd[6857:660f0f] [com.apple.xpc:connection] [0x906c89400] failed to do a bootstrap look-up: xpc_error=[159: Unknown error: 159]
2026-05-21 01:44:59.017044,Mac Failed Login,70,Medium,Mac Local System,2026-05-21 01:44:59.016 Df ecosystemd[6857:660f0f] [com.apple.xpc:connection] [0x906c89400] invalidated after a failed init
2026-05-21 01:44:59.021463,Mac Failed Login,70,Medium,Mac Local System,2026-05-21 01:44:59.020 E  ecosystemd[6857:660f0f] (EcosystemAnalytics) EcosystemAnalytics.framework:RosettaCoordinator: getCodeSignatureInfo: SecStaticCodeCreate Failed url: <private>
2026-05-21 01:44:59.052111,Mac Failed Login,70,Medium,Mac Local System,2026-05-21 01:44:59.051 Df BiomeAgent[949:6610cc] [com.apple.xpc:connection] [0x77610d2c0] invalidated after a failed send of the check-in message: mach_error=[0x10000003: (ipc/send) invalid destination port]
2026-05-21 01:44:59.080053,Mac Failed Login,70,Medium,Mac Local System,2026-05-21 01:44:59.079 Df ecosystemd[6857:6610d0] [com.apple.xpc:connection] [0x906c89400] failed to do a bootstrap look-up: xpc_error=[159: Unknown error: 159]
2026-05-21 01:44:59.080163,Mac Failed Login,70,Medium,Mac Local System,2026-05-21 01:44:59.079 Df ecosystemd[6857:6610d0] [com.apple.xpc:connection] [0x906c89400] invalidated after a failed init
2026-05-21 01:44:59.081477,Mac Failed Login,70,Medium,Mac Local System,2026-05-21 01:44:59.081 E  ecosystemd[6857:6610d0] (EcosystemAnalytics) EcosystemAnalytics.framework:RosettaCoordinator: getCodeSignatureInfo: SecStaticCodeCreate Failed url: <private>
2026-05-21 01:44:59.252438,Mac Failed Login,70,Medium,Mac Local System,"2026-05-21 01:44:59.252 Df kernel[0:651222] (AppleH11ANEInterface) ANE0: ANE_deInit: Statistics: ColdStarts: 1093, JetsamTriggeredColdStarts: 0, Resumes: 0, ResumesFailed: 0, SuspendsSuccessful: 0, SuspendsFailed: 0 FirmwareTimeouts: 0 ANEDeInits: 1093 ANEInitFailures: 0 PartialShutdownsCompleted: 0"
2026-05-21 01:44:59.252693,Mac Failed Login,70,Medium,Mac Local System,2026-05-21 01:44:59.252 Df kernel[0:651222] (AppleH11ANEInterface) ANE0: ANE_deInit: Work Stats:  WorkSubmitted: 21645 WorkSubmitFailed 0 WorkBegin: 21645 WorkEnded: 21645 PendingRequests: 0
2026-05-21 01:44:59.950513,Mac Failed Login,70,Medium,Mac Local System,2026-05-21 01:44:59.950 Df BiomeAgent[949:6610cc] [com.apple.xpc:connection] [0x77610d2c0] invalidated after a failed send of the check-in message: mach_error=[0x10000003: (ipc/send) invalid destination port]
2026-05-21 01:45:00.031010,Mac Failed Login,70,Medium,Mac Local System,2026-05-21 01:45:00.030 Df ecosystemanalyticsd[53070:660b6c] [com.apple.xpc:connection] [0xa56c7c640] failed to do a bootstrap look-up: xpc_error=[159: Unknown error: 159]
2026-05-21 01:45:00.031122,Mac Failed Login,70,Medium,Mac Local System,2026-05-21 01:45:00.030 Df ecosystemanalyticsd[53070:660b6c] [com.apple.xpc:connection] [0xa56c7c640] invalidated after a failed init
2026-05-21 01:45:00.033797,Mac Failed Login,70,Medium,Mac Local System,2026-05-21 01:45:00.033 E  ecosystemanalyticsd[53070:660b6c] (EcosystemAnalytics) EcosystemAnalytics.framework:RosettaCoordinator: getCodeSignatureInfo: SecStaticCodeCreate Failed url: <private>
2026-05-21 01:45:00.371380,Mac Failed Login,70,Medium,Mac Local System,2026-05-21 01:45:00.371 Df ecosystemanalyticsd[53070:660b6c] [com.apple.xpc:connection] [0xa56c7c640] failed to do a bootstrap look-up: xpc_error=[159: Unknown error: 159]
2026-05-21 01:45:00.371491,Mac Failed Login,70,Medium,Mac Local System,2026-05-21 01:45:00.371 Df ecosystemanalyticsd[53070:660b6c] [com.apple.xpc:connection] [0xa56c7c640] invalidated after a failed init
2026-05-21 01:45:00.372605,Mac Failed Login,70,Medium,Mac Local System,2026-05-21 01:45:00.372 Df ecosystemd[6857:6610d0] [com.apple.xpc:connection] [0x906c89400] failed to do a bootstrap look-up: xpc_error=[159: Unknown error: 159]
2026-05-21 01:45:00.372869,Mac Failed Login,70,Medium,Mac Local System,2026-05-21 01:45:00.372 Df ecosystemd[6857:6610d0] [com.apple.xpc:connection] [0x906c89400] invalidated after a failed init
2026-05-21 01:45:00.372930,Mac Failed Login,70,Medium,Mac Local System,2026-05-21 01:45:00.372 E  ecosystemanalyticsd[53070:660b6c] (EcosystemAnalytics) EcosystemAnalytics.framework:RosettaCoordinator: getCodeSignatureInfo: SecStaticCodeCreate Failed url: <private>
2026-05-21 01:45:00.385135,Mac Failed Login,70,Medium,Mac Local System,2026-05-21 01:45:00.384 Df ecosystemanalyticsd[53070:660b6c] [com.apple.xpc:connection] [0xa56c7c640] failed to do a bootstrap look-up: xpc_error=[159: Unknown error: 159]
2026-05-21 01:45:00.385251,Mac Failed Login,70,Medium,Mac Local System,2026-05-21 01:45:00.384 Df ecosystemanalyticsd[53070:660b6c] [com.apple.xpc:connection] [0xa56c7c640] invalidated after a failed init
2026-05-21 01:45:00.386375,Mac Failed Login,70,Medium,Mac Local System,2026-05-21 01:45:00.386 E  ecosystemanalyticsd[53070:660b6c] (EcosystemAnalytics) EcosystemAnalytics.framework:RosettaCoordinator: getCodeSignatureInfo: SecStaticCodeCreate Failed url: <private>
2026-05-21 01:45:00.390071,Mac Failed Login,70,Medium,Mac Local System,2026-05-21 01:45:00.389 Df ecosystemd[6857:6610d0] [com.apple.xpc:connection] [0x906c89400] failed to do a bootstrap look-up: xpc_error=[159: Unknown error: 159]
2026-05-21 01:45:00.390155,Mac Failed Login,70,Medium,Mac Local System,2026-05-21 01:45:00.390 Df ecosystemd[6857:6610d0] [com.apple.xpc:connection] [0x906c89400] invalidated after a failed init
2026-05-21 01:45:00.393675,Mac Failed Login,70,Medium,Mac Local System,2026-05-21 01:45:00.393 Df ecosystemanalyticsd[53070:660b6c] [com.apple.xpc:connection] [0xa56c7c640] failed to do a bootstrap look-up: xpc_error=[159: Unknown error: 159]
2026-05-21 01:45:00.393725,Mac Failed Login,70,Medium,Mac Local System,2026-05-21 01:45:00.393 Df ecosystemanalyticsd[53070:660b6c] [com.apple.xpc:connection] [0xa56c7c640] invalidated after a failed init
2026-05-21 01:45:00.394439,Mac Failed Login,70,Medium,Mac Local System,2026-05-21 01:45:00.394 E  ecosystemanalyticsd[53070:660b6c] (EcosystemAnalytics) EcosystemAnalytics.framework:RosettaCoordinator: getCodeSignatureInfo: SecStaticCodeCreate Failed url: <private>
2026-05-21 01:45:00.403711,Mac Failed Login,70,Medium,Mac Local System,2026-05-21 01:45:00.403 Df ecosystemanalyticsd[53070:660b6c] [com.apple.xpc:connection] [0xa56c7c640] failed to do a bootstrap look-up: xpc_error=[159: Unknown error: 159]
2026-05-21 01:45:00.404110,Mac Failed Login,70,Medium,Mac Local System,2026-05-21 01:45:00.403 Df ecosystemanalyticsd[53070:660b6c] [com.apple.xpc:connection] [0xa56c7c640] invalidated after a failed init
2026-05-21 01:45:00.407729,Mac Failed Login,70,Medium,Mac Local System,2026-05-21 01:45:00.407 Df ecosystemd[6857:6610d0] [com.apple.xpc:connection] [0x906c89400] failed to do a bootstrap look-up: xpc_error=[159: Unknown error: 159]
2026-05-21 01:45:00.407818,Mac Failed Login,70,Medium,Mac Local System,2026-05-21 01:45:00.407 Df ecosystemd[6857:6610d0] [com.apple.xpc:connection] [0x906c89400] invalidated after a failed init
2026-05-21 01:45:00.525702,Mac Failed Login,70,Medium,Mac Local System,2026-05-21 01:45:00.525 Df ecosystemd[6857:6610d0] [com.apple.xpc:connection] [0x906c89400] failed to do a bootstrap look-up: xpc_error=[159: Unknown error: 159]
2026-05-21 01:45:00.525874,Mac Failed Login,70,Medium,Mac Local System,2026-05-21 01:45:00.525 Df ecosystemd[6857:6610d0] [com.apple.xpc:connection] [0x906c89400] invalidated after a failed init
2026-05-21 01:45:00.548095,Mac Failed Login,70,Medium,Mac Local System,2026-05-21 01:45:00.547 Df ecosystemanalyticsd[53070:660b6c] [com.apple.xpc:connection] [0xa56c7c640] failed to do a bootstrap look-up: xpc_error=[159: Unknown error: 159]
2026-05-21 01:45:00.548237,Mac Failed Login,70,Medium,Mac Local System,2026-05-21 01:45:00.547 Df ecosystemanalyticsd[53070:660b6c] [com.apple.xpc:connection] [0xa56c7c640] invalidated after a failed init
2026-05-21 01:45:00.551676,Mac Failed Login,70,Medium,Mac Local System,2026-05-21 01:45:00.551 Df ecosystemd[6857:6610d0] [com.apple.xpc:connection] [0x906c89400] failed to do a bootstrap look-up: xpc_error=[159: Unknown error: 159]
2026-05-21 01:45:00.551753,Mac Failed Login,70,Medium,Mac Local System,2026-05-21 01:45:00.551 Df ecosystemd[6857:6610d0] [com.apple.xpc:connection] [0x906c89400] invalidated after a failed init
2026-05-21 01:45:00.552592,Mac Failed Login,70,Medium,Mac Local System,2026-05-21 01:45:00.552 E  ecosystemd[6857:6610d0] (EcosystemAnalytics) EcosystemAnalytics.framework:RosettaCoordinator: getCodeSignatureInfo: SecStaticCodeCreate Failed url: <private>
2026-05-21 01:45:00.573784,Mac Failed Login,70,Medium,Mac Local System,2026-05-21 01:45:00.573 Df ecosystemd[6857:6610d1] [com.apple.xpc:connection] [0x906c89400] failed to do a bootstrap look-up: xpc_error=[159: Unknown error: 159]
2026-05-21 01:45:00.573936,Mac Failed Login,70,Medium,Mac Local System,2026-05-21 01:45:00.573 Df ecosystemd[6857:6610d1] [com.apple.xpc:connection] [0x906c89400] invalidated after a failed init
2026-05-21 01:45:00.574013,Mac Failed Login,70,Medium,Mac Local System,2026-05-21 01:45:00.573 Df ecosystemanalyticsd[53070:660b6c] [com.apple.xpc:connection] [0xa56c7c640] failed to do a bootstrap look-up: xpc_error=[159: Unknown error: 159]
2026-05-21 01:45:00.574182,Mac Failed Login,70,Medium,Mac Local System,2026-05-21 01:45:00.573 Df ecosystemanalyticsd[53070:660b6c] [com.apple.xpc:connection] [0xa56c7c640] invalidated after a failed init
2026-05-21 01:45:00.576785,Mac Failed Login,70,Medium,Mac Local System,2026-05-21 01:45:00.576 E  ecosystemd[6857:6610d1] (EcosystemAnalytics) EcosystemAnalytics.framework:RosettaCoordinator: getCodeSignatureInfo: SecStaticCodeCreate Failed url: <private>
2026-05-21 01:45:00.588883,Mac Failed Login,70,Medium,Mac Local System,2026-05-21 01:45:00.588 Df ecosystemanalyticsd[53070:660b6c] [com.apple.xpc:connection] [0xa56c7c640] failed to do a bootstrap look-up: xpc_error=[159: Unknown error: 159]
2026-05-21 01:45:00.589020,Mac Failed Login,70,Medium,Mac Local System,2026-05-21 01:45:00.588 Df ecosystemanalyticsd[53070:660b6c] [com.apple.xpc:connection] [0xa56c7c640] invalidated after a failed init
2026-05-21 01:45:00.678917,Mac Failed Login,70,Medium,Mac Local System,2026-05-21 01:45:00.678 Df ecosystemanalyticsd[53070:660b6c] [com.apple.xpc:connection] [0xa56c7c640] failed to do a bootstrap look-up: xpc_error=[159: Unknown error: 159]
2026-05-21 01:45:00.679038,Mac Failed Login,70,Medium,Mac Local System,2026-05-21 01:45:00.678 Df ecosystemd[6857:6610d1] [com.apple.xpc:connection] [0x906c89400] failed to do a bootstrap look-up: xpc_error=[159: Unknown error: 159]
2026-05-21 01:45:00.679282,Mac Failed Login,70,Medium,Mac Local System,2026-05-21 01:45:00.678 Df ecosystemanalyticsd[53070:660b6c] [com.apple.xpc:connection] [0xa56c7c640] invalidated after a failed init
2026-05-21 01:45:00.679337,Mac Failed Login,70,Medium,Mac Local System,2026-05-21 01:45:00.678 Df ecosystemd[6857:6610d1] [com.apple.xpc:connection] [0x906c89400] invalidated after a failed init
2026-05-21 01:45:00.680490,Mac Failed Login,70,Medium,Mac Local System,2026-05-21 01:45:00.680 E  ecosystemd[6857:6610d1] (EcosystemAnalytics) EcosystemAnalytics.framework:RosettaCoordinator: getCodeSignatureInfo: SecStaticCodeCreate Failed url: <private>
2026-05-21 01:45:00.680844,Mac Failed Login,70,Medium,Mac Local System,2026-05-21 01:45:00.680 Df ecosystemd[6857:6610d1] [com.apple.xpc:connection] [0x906c89400] failed to do a bootstrap look-up: xpc_error=[159: Unknown error: 159]
2026-05-21 01:45:00.680899,Mac Failed Login,70,Medium,Mac Local System,2026-05-21 01:45:00.680 Df ecosystemd[6857:6610d1] [com.apple.xpc:connection] [0x906c89400] invalidated after a failed init
2026-05-21 01:45:00.681913,Mac Failed Login,70,Medium,Mac Local System,2026-05-21 01:45:00.681 E  ecosystemd[6857:6610d1] (EcosystemAnalytics) EcosystemAnalytics.framework:RosettaCoordinator: getCodeSignatureInfo: SecStaticCodeCreate Failed url: <private>
2026-05-21 01:45:00.693903,Mac Failed Login,70,Medium,Mac Local System,2026-05-21 01:45:00.693 Df ecosystemanalyticsd[53070:660b6c] [com.apple.xpc:connection] [0xa56c7c640] failed to do a bootstrap look-up: xpc_error=[159: Unknown error: 159]
2026-05-21 01:45:00.693984,Mac Failed Login,70,Medium,Mac Local System,2026-05-21 01:45:00.693 Df ecosystemanalyticsd[53070:660b6c] [com.apple.xpc:connection] [0xa56c7c640] invalidated after a failed init
2026-05-21 01:45:00.762039,Mac Failed Login,70,Medium,Mac Local System,2026-05-21 01:45:00.761 Df ecosystemd[6857:6610d1] [com.apple.xpc:connection] [0x906c89400] failed to do a bootstrap look-up: xpc_error=[159: Unknown error: 159]
2026-05-21 01:45:00.762168,Mac Failed Login,70,Medium,Mac Local System,2026-05-21 01:45:00.761 Df ecosystemd[6857:6610d1] [com.apple.xpc:connection] [0x906c89400] invalidated after a failed init
2026-05-21 01:45:00.762499,Mac Failed Login,70,Medium,Mac Local System,2026-05-21 01:45:00.762 Df ecosystemanalyticsd[53070:660b6c] [com.apple.xpc:connection] [0xa56c7c640] failed to do a bootstrap look-up: xpc_error=[159: Unknown error: 159]
2026-05-21 01:45:00.762559,Mac Failed Login,70,Medium,Mac Local System,2026-05-21 01:45:00.762 Df ecosystemanalyticsd[53070:660b6c] [com.apple.xpc:connection] [0xa56c7c640] invalidated after a failed init
2026-05-21 01:45:00.763657,Mac Failed Login,70,Medium,Mac Local System,2026-05-21 01:45:00.763 E  ecosystemd[6857:6610d1] (EcosystemAnalytics) EcosystemAnalytics.framework:RosettaCoordinator: getCodeSignatureInfo: SecStaticCodeCreate Failed url: <private>
2026-05-21 01:45:00.764121,Mac Failed Login,70,Medium,Mac Local System,2026-05-21 01:45:00.763 Df ecosystemd[6857:6610d1] [com.apple.xpc:connection] [0x906c89400] failed to do a bootstrap look-up: xpc_error=[159: Unknown error: 159]
2026-05-21 01:45:00.764183,Mac Failed Login,70,Medium,Mac Local System,2026-05-21 01:45:00.764 Df ecosystemd[6857:6610d1] [com.apple.xpc:connection] [0x906c89400] invalidated after a failed init
2026-05-21 01:45:00.765395,Mac Failed Login,70,Medium,Mac Local System,2026-05-21 01:45:00.765 E  ecosystemd[6857:6610d1] (EcosystemAnalytics) EcosystemAnalytics.framework:RosettaCoordinator: getCodeSignatureInfo: SecStaticCodeCreate Failed url: <private>
2026-05-21 01:45:00.772698,Mac Failed Login,70,Medium,Mac Local System,2026-05-21 01:45:00.772 Df ecosystemanalyticsd[53070:660b6c] [com.apple.xpc:connection] [0xa56c7c640] failed to do a bootstrap look-up: xpc_error=[159: Unknown error: 159]
2026-05-21 01:45:00.772812,Mac Failed Login,70,Medium,Mac Local System,2026-05-21 01:45:00.772 Df ecosystemanalyticsd[53070:660b6c] [com.apple.xpc:connection] [0xa56c7c640] invalidated after a failed init
2026-05-21 01:45:00.841734,Mac Failed Login,70,Medium,Mac Local System,2026-05-21 01:45:00.841 Df ecosystemd[6857:6610d1] [com.apple.xpc:connection] [0x906c89400] failed to do a bootstrap look-up: xpc_error=[159: Unknown error: 159]
2026-05-21 01:45:00.841861,Mac Failed Login,70,Medium,Mac Local System,2026-05-21 01:45:00.841 Df ecosystemd[6857:6610d1] [com.apple.xpc:connection] [0x906c89400] invalidated after a failed init
2026-05-21 01:45:00.841972,Mac Failed Login,70,Medium,Mac Local System,2026-05-21 01:45:00.841 Df ecosystemanalyticsd[53070:660b6c] [com.apple.xpc:connection] [0xa56c7c640] failed to do a bootstrap look-up: xpc_error=[159: Unknown error: 159]
2026-05-21 01:45:00.842033,Mac Failed Login,70,Medium,Mac Local System,2026-05-21 01:45:00.841 Df ecosystemanalyticsd[53070:660b6c] [com.apple.xpc:connection] [0xa56c7c640] invalidated after a failed init
2026-05-21 01:45:00.843422,Mac Failed Login,70,Medium,Mac Local System,2026-05-21 01:45:00.843 E  ecosystemd[6857:6610d1] (EcosystemAnalytics) EcosystemAnalytics.framework:RosettaCoordinator: getCodeSignatureInfo: SecStaticCodeCreate Failed url: <private>
2026-05-21 01:45:00.843952,Mac Failed Login,70,Medium,Mac Local System,2026-05-21 01:45:00.843 Df ecosystemd[6857:6610d1] [com.apple.xpc:connection] [0x906c89400] failed to do a bootstrap look-up: xpc_error=[159: Unknown error: 159]
2026-05-21 01:45:00.844098,Mac Failed Login,70,Medium,Mac Local System,2026-05-21 01:45:00.843 Df ecosystemd[6857:6610d1] [com.apple.xpc:connection] [0x906c89400] invalidated after a failed init
2026-05-21 01:45:00.845118,Mac Failed Login,70,Medium,Mac Local System,2026-05-21 01:45:00.844 E  ecosystemd[6857:6610d1] (EcosystemAnalytics) EcosystemAnalytics.framework:RosettaCoordinator: getCodeSignatureInfo: SecStaticCodeCreate Failed url: <private>
2026-05-21 01:45:00.852565,Mac Failed Login,70,Medium,Mac Local System,2026-05-21 01:45:00.852 Df ecosystemanalyticsd[53070:660b6c] [com.apple.xpc:connection] [0xa56c7c640] failed to do a bootstrap look-up: xpc_error=[159: Unknown error: 159]
2026-05-21 01:45:00.852609,Mac Failed Login,70,Medium,Mac Local System,2026-05-21 01:45:00.852 Df ecosystemanalyticsd[53070:660b6c] [com.apple.xpc:connection] [0xa56c7c640] invalidated after a failed init
2026-05-21 01:45:00.892538,Mac Failed Login,70,Medium,Mac Local System,2026-05-21 01:45:00.892 Df ecosystemanalyticsd[53070:660b6c] [com.apple.xpc:connection] [0xa56c7c640] failed to do a bootstrap look-up: xpc_error=[159: Unknown error: 159]
2026-05-21 01:45:00.892632,Mac Failed Login,70,Medium,Mac Local System,2026-05-21 01:45:00.892 Df ecosystemd[6857:6610d1] [com.apple.xpc:connection] [0x906c89400] failed to do a bootstrap look-up: xpc_error=[159: Unknown error: 159]
2026-05-21 01:45:00.892672,Mac Failed Login,70,Medium,Mac Local System,2026-05-21 01:45:00.892 Df ecosystemd[6857:6610d1] [com.apple.xpc:connection] [0x906c89400] invalidated after a failed init
2026-05-21 01:45:00.893139,Mac Failed Login,70,Medium,Mac Local System,2026-05-21 01:45:00.892 Df ecosystemanalyticsd[53070:660b6c] [com.apple.xpc:connection] [0xa56c7c640] invalidated after a failed init
2026-05-21 01:45:00.894441,Mac Failed Login,70,Medium,Mac Local System,2026-05-21 01:45:00.894 E  ecosystemd[6857:6610d1] (EcosystemAnalytics) EcosystemAnalytics.framework:RosettaCoordinator: getCodeSignatureInfo: SecStaticCodeCreate Failed url: <private>
2026-05-21 01:45:00.894796,Mac Failed Login,70,Medium,Mac Local System,2026-05-21 01:45:00.894 Df ecosystemd[6857:6610d1] [com.apple.xpc:connection] [0x906c89400] failed to do a bootstrap look-up: xpc_error=[159: Unknown error: 159]
2026-05-21 01:45:00.894875,Mac Failed Login,70,Medium,Mac Local System,2026-05-21 01:45:00.894 Df ecosystemd[6857:6610d1] [com.apple.xpc:connection] [0x906c89400] invalidated after a failed init
2026-05-21 01:45:00.896638,Mac Failed Login,70,Medium,Mac Local System,2026-05-21 01:45:00.896 E  ecosystemd[6857:6610d1] (EcosystemAnalytics) EcosystemAnalytics.framework:RosettaCoordinator: getCodeSignatureInfo: SecStaticCodeCreate Failed url: <private>
2026-05-21 01:45:00.912986,Mac Failed Login,70,Medium,Mac Local System,2026-05-21 01:45:00.912 Df ecosystemanalyticsd[53070:660b6c] [com.apple.xpc:connection] [0xa56c7c640] failed to do a bootstrap look-up: xpc_error=[159: Unknown error: 159]
2026-05-21 01:45:00.913111,Mac Failed Login,70,Medium,Mac Local System,2026-05-21 01:45:00.912 Df ecosystemanalyticsd[53070:660b6c] [com.apple.xpc:connection] [0xa56c7c640] invalidated after a failed init
2026-05-21 01:45:00.932473,Mac Failed Login,70,Medium,Mac Local System,2026-05-21 01:45:00.932 Df ecosystemanalyticsd[53070:660b6c] [com.apple.xpc:connection] [0xa56c7c640] failed to do a bootstrap look-up: xpc_error=[159: Unknown error: 159]
2026-05-21 01:45:00.932675,Mac Failed Login,70,Medium,Mac Local System,2026-05-21 01:45:00.932 Df ecosystemanalyticsd[53070:660b6c] [com.apple.xpc:connection] [0xa56c7c640] invalidated after a failed init
2026-05-21 01:45:00.934091,Mac Failed Login,70,Medium,Mac Local System,2026-05-21 01:45:00.933 Df ecosystemd[6857:6610d1] [com.apple.xpc:connection] [0x906c89400] failed to do a bootstrap look-up: xpc_error=[159: Unknown error: 159]
2026-05-21 01:45:00.934186,Mac Failed Login,70,Medium,Mac Local System,2026-05-21 01:45:00.933 Df ecosystemd[6857:6610d1] [com.apple.xpc:connection] [0x906c89400] invalidated after a failed init
2026-05-21 01:45:00.935235,Mac Failed Login,70,Medium,Mac Local System,2026-05-21 01:45:00.935 E  ecosystemd[6857:6610d1] (EcosystemAnalytics) EcosystemAnalytics.framework:RosettaCoordinator: getCodeSignatureInfo: SecStaticCodeCreate Failed url: <private>
2026-05-21 01:45:00.936524,Mac Failed Login,70,Medium,Mac Local System,2026-05-21 01:45:00.936 Df ecosystemd[6857:6610d1] [com.apple.xpc:connection] [0x906c89400] failed to do a bootstrap look-up: xpc_error=[159: Unknown error: 159]
2026-05-21 01:45:00.936637,Mac Failed Login,70,Medium,Mac Local System,2026-05-21 01:45:00.936 Df ecosystemd[6857:6610d1] [com.apple.xpc:connection] [0x906c89400] invalidated after a failed init
2026-05-21 01:45:00.938327,Mac Failed Login,70,Medium,Mac Local System,2026-05-21 01:45:00.938 E  ecosystemd[6857:6610d1] (EcosystemAnalytics) EcosystemAnalytics.framework:RosettaCoordinator: getCodeSignatureInfo: SecStaticCodeCreate Failed url: <private>
2026-05-21 01:45:00.949133,Mac Failed Login,70,Medium,Mac Local System,2026-05-21 01:45:00.948 Df ecosystemanalyticsd[53070:660b6c] [com.apple.xpc:connection] [0xa56c7c640] failed to do a bootstrap look-up: xpc_error=[159: Unknown error: 159]
2026-05-21 01:45:00.949232,Mac Failed Login,70,Medium,Mac Local System,2026-05-21 01:45:00.949 Df ecosystemanalyticsd[53070:660b6c] [com.apple.xpc:connection] [0xa56c7c640] invalidated after a failed init
2026-05-21 01:45:00.967735,Mac Failed Login,70,Medium,Mac Local System,2026-05-21 01:45:00.967 Df ecosystemd[6857:6610d1] [com.apple.xpc:connection] [0x906c89400] failed to do a bootstrap look-up: xpc_error=[159: Unknown error: 159]
2026-05-21 01:45:00.967817,Mac Failed Login,70,Medium,Mac Local System,2026-05-21 01:45:00.967 Df ecosystemanalyticsd[53070:660b6c] [com.apple.xpc:connection] [0xa56c7c640] failed to do a bootstrap look-up: xpc_error=[159: Unknown error: 159]
2026-05-21 01:45:00.967857,Mac Failed Login,70,Medium,Mac Local System,2026-05-21 01:45:00.967 Df ecosystemd[6857:6610d1] [com.apple.xpc:connection] [0x906c89400] invalidated after a failed init
2026-05-21 01:45:00.967892,Mac Failed Login,70,Medium,Mac Local System,2026-05-21 01:45:00.967 Df ecosystemanalyticsd[53070:660b6c] [com.apple.xpc:connection] [0xa56c7c640] invalidated after a failed init
2026-05-21 01:45:00.968813,Mac Failed Login,70,Medium,Mac Local System,2026-05-21 01:45:00.968 E  ecosystemd[6857:6610d1] (EcosystemAnalytics) EcosystemAnalytics.framework:RosettaCoordinator: getCodeSignatureInfo: SecStaticCodeCreate Failed url: <private>
2026-05-21 01:45:00.969156,Mac Failed Login,70,Medium,Mac Local System,2026-05-21 01:45:00.969 Df ecosystemd[6857:6610d1] [com.apple.xpc:connection] [0x906c89400] failed to do a bootstrap look-up: xpc_error=[159: Unknown error: 159]
2026-05-21 01:45:00.969203,Mac Failed Login,70,Medium,Mac Local System,2026-05-21 01:45:00.969 Df ecosystemd[6857:6610d1] [com.apple.xpc:connection] [0x906c89400] invalidated after a failed init
2026-05-21 01:45:00.970923,Mac Failed Login,70,Medium,Mac Local System,2026-05-21 01:45:00.970 E  ecosystemd[6857:6610d1] (EcosystemAnalytics) EcosystemAnalytics.framework:RosettaCoordinator: getCodeSignatureInfo: SecStaticCodeCreate Failed url: <private>
2026-05-21 01:45:00.987402,Mac Failed Login,70,Medium,Mac Local System,2026-05-21 01:45:00.987 Df ecosystemanalyticsd[53070:660b6c] [com.apple.xpc:connection] [0xa56c7c640] failed to do a bootstrap look-up: xpc_error=[159: Unknown error: 159]
2026-05-21 01:45:00.987542,Mac Failed Login,70,Medium,Mac Local System,2026-05-21 01:45:00.987 Df ecosystemanalyticsd[53070:660b6c] [com.apple.xpc:connection] [0xa56c7c640] invalidated after a failed init
2026-05-21 01:45:01.014496,Mac Failed Login,70,Medium,Mac Local System,2026-05-21 01:45:01.014 Df ecosystemd[6857:6610d1] [com.apple.xpc:connection] [0x906c89400] failed to do a bootstrap look-up: xpc_error=[159: Unknown error: 159]
2026-05-21 01:45:01.014579,Mac Failed Login,70,Medium,Mac Local System,2026-05-21 01:45:01.014 Df ecosystemd[6857:6610d1] [com.apple.xpc:connection] [0x906c89400] invalidated after a failed init
2026-05-21 01:45:01.014612,Mac Failed Login,70,Medium,Mac Local System,2026-05-21 01:45:01.014 Df ecosystemanalyticsd[53070:660b6c] [com.apple.xpc:connection] [0xa56c7c640] failed to do a bootstrap look-up: xpc_error=[159: Unknown error: 159]
2026-05-21 01:45:01.014647,Mac Failed Login,70,Medium,Mac Local System,2026-05-21 01:45:01.014 Df ecosystemanalyticsd[53070:660b6c] [com.apple.xpc:connection] [0xa56c7c640] invalidated after a failed init
2026-05-21 01:45:01.015567,Mac Failed Login,70,Medium,Mac Local System,2026-05-21 01:45:01.015 E  ecosystemd[6857:6610d1] (EcosystemAnalytics) EcosystemAnalytics.framework:RosettaCoordinator: getCodeSignatureInfo: SecStaticCodeCreate Failed url: <private>
2026-05-21 01:45:01.015837,Mac Failed Login,70,Medium,Mac Local System,2026-05-21 01:45:01.015 Df ecosystemd[6857:6610d1] [com.apple.xpc:connection] [0x906c89400] failed to do a bootstrap look-up: xpc_error=[159: Unknown error: 159]
2026-05-21 01:45:01.015892,Mac Failed Login,70,Medium,Mac Local System,2026-05-21 01:45:01.015 Df ecosystemd[6857:6610d1] [com.apple.xpc:connection] [0x906c89400] invalidated after a failed init
2026-05-21 01:45:01.016755,Mac Failed Login,70,Medium,Mac Local System,2026-05-21 01:45:01.016 E  ecosystemd[6857:6610d1] (EcosystemAnalytics) EcosystemAnalytics.framework:RosettaCoordinator: getCodeSignatureInfo: SecStaticCodeCreate Failed url: <private>
2026-05-21 01:45:01.033669,Mac Failed Login,70,Medium,Mac Local System,2026-05-21 01:45:01.033 Df ecosystemanalyticsd[53070:660b6c] [com.apple.xpc:connection] [0xa56c7c640] failed to do a bootstrap look-up: xpc_error=[159: Unknown error: 159]
2026-05-21 01:45:01.033854,Mac Failed Login,70,Medium,Mac Local System,2026-05-21 01:45:01.033 Df ecosystemanalyticsd[53070:660b6c] [com.apple.xpc:connection] [0xa56c7c640] invalidated after a failed init
2026-05-21 01:45:01.061210,Mac Failed Login,70,Medium,Mac Local System,2026-05-21 01:45:01.060 Df ecosystemanalyticsd[53070:660b6c] [com.apple.xpc:connection] [0xa56c7c640] failed to do a bootstrap look-up: xpc_error=[159: Unknown error: 159]
2026-05-21 01:45:01.061398,Mac Failed Login,70,Medium,Mac Local System,2026-05-21 01:45:01.061 Df ecosystemanalyticsd[53070:660b6c] [com.apple.xpc:connection] [0xa56c7c640] invalidated after a failed init
2026-05-21 01:45:01.061479,Mac Failed Login,70,Medium,Mac Local System,2026-05-21 01:45:01.061 Df ecosystemd[6857:6610d1] [com.apple.xpc:connection] [0x906c89400] failed to do a bootstrap look-up: xpc_error=[159: Unknown error: 159]
2026-05-21 01:45:01.061553,Mac Failed Login,70,Medium,Mac Local System,2026-05-21 01:45:01.061 Df ecosystemd[6857:6610d1] [com.apple.xpc:connection] [0x906c89400] invalidated after a failed init
2026-05-21 01:45:01.063297,Mac Failed Login,70,Medium,Mac Local System,2026-05-21 01:45:01.063 E  ecosystemd[6857:6610d1] (EcosystemAnalytics) EcosystemAnalytics.framework:RosettaCoordinator: getCodeSignatureInfo: SecStaticCodeCreate Failed url: <private>
2026-05-21 01:45:01.063830,Mac Failed Login,70,Medium,Mac Local System,2026-05-21 01:45:01.063 Df ecosystemd[6857:6610d1] [com.apple.xpc:connection] [0x906c89400] failed to do a bootstrap look-up: xpc_error=[159: Unknown error: 159]
2026-05-21 01:45:01.063947,Mac Failed Login,70,Medium,Mac Local System,2026-05-21 01:45:01.063 Df ecosystemd[6857:6610d1] [com.apple.xpc:connection] [0x906c89400] invalidated after a failed init
2026-05-21 01:45:01.065586,Mac Failed Login,70,Medium,Mac Local System,2026-05-21 01:45:01.065 E  ecosystemd[6857:6610d1] (EcosystemAnalytics) EcosystemAnalytics.framework:RosettaCoordinator: getCodeSignatureInfo: SecStaticCodeCreate Failed url: <private>
2026-05-21 01:45:01.079905,Mac Failed Login,70,Medium,Mac Local System,2026-05-21 01:45:01.079 Df ecosystemanalyticsd[53070:660b6c] [com.apple.xpc:connection] [0xa56c7c640] failed to do a bootstrap look-up: xpc_error=[159: Unknown error: 159]
2026-05-21 01:45:01.080069,Mac Failed Login,70,Medium,Mac Local System,2026-05-21 01:45:01.079 Df ecosystemanalyticsd[53070:660b6c] [com.apple.xpc:connection] [0xa56c7c640] invalidated after a failed init
2026-05-21 01:45:01.116524,Mac Failed Login,70,Medium,Mac Local System,2026-05-21 01:45:01.116 Df ecosystemd[6857:6610d1] [com.apple.xpc:connection] [0x906c89400] failed to do a bootstrap look-up: xpc_error=[159: Unknown error: 159]
2026-05-21 01:45:01.116775,Mac Failed Login,70,Medium,Mac Local System,2026-05-21 01:45:01.116 Df ecosystemanalyticsd[53070:660b6c] [com.apple.xpc:connection] [0xa56c7c640] failed to do a bootstrap look-up: xpc_error=[159: Unknown error: 159]
2026-05-21 01:45:01.116952,Mac Failed Login,70,Medium,Mac Local System,2026-05-21 01:45:01.116 Df ecosystemd[6857:6610d1] [com.apple.xpc:connection] [0x906c89400] invalidated after a failed init
2026-05-21 01:45:01.117096,Mac Failed Login,70,Medium,Mac Local System,2026-05-21 01:45:01.116 Df ecosystemanalyticsd[53070:660b6c] [com.apple.xpc:connection] [0xa56c7c640] invalidated after a failed init
2026-05-21 01:45:01.119011,Mac Failed Login,70,Medium,Mac Local System,2026-05-21 01:45:01.118 E  ecosystemd[6857:6610d1] (EcosystemAnalytics) EcosystemAnalytics.framework:RosettaCoordinator: getCodeSignatureInfo: SecStaticCodeCreate Failed url: <private>
2026-05-21 01:45:01.119648,Mac Failed Login,70,Medium,Mac Local System,2026-05-21 01:45:01.119 Df ecosystemd[6857:6610d1] [com.apple.xpc:connection] [0x906c89400] failed to do a bootstrap look-up: xpc_error=[159: Unknown error: 159]
2026-05-21 01:45:01.119739,Mac Failed Login,70,Medium,Mac Local System,2026-05-21 01:45:01.119 Df ecosystemd[6857:6610d1] [com.apple.xpc:connection] [0x906c89400] invalidated after a failed init
2026-05-21 01:45:01.121693,Mac Failed Login,70,Medium,Mac Local System,2026-05-21 01:45:01.121 E  ecosystemd[6857:6610d1] (EcosystemAnalytics) EcosystemAnalytics.framework:RosettaCoordinator: getCodeSignatureInfo: SecStaticCodeCreate Failed url: <private>
2026-05-21 01:45:01.138426,Mac Failed Login,70,Medium,Mac Local System,2026-05-21 01:45:01.138 Df ecosystemanalyticsd[53070:660b6c] [com.apple.xpc:connection] [0xa56c7c640] failed to do a bootstrap look-up: xpc_error=[159: Unknown error: 159]
2026-05-21 01:45:01.138568,Mac Failed Login,70,Medium,Mac Local System,2026-05-21 01:45:01.138 Df ecosystemanalyticsd[53070:660b6c] [com.apple.xpc:connection] [0xa56c7c640] invalidated after a failed init
2026-05-21 01:45:01.176809,Mac Failed Login,70,Medium,Mac Local System,2026-05-21 01:45:01.176 Df ecosystemd[6857:6610d1] [com.apple.xpc:connection] [0x906c89400] failed to do a bootstrap look-up: xpc_error=[159: Unknown error: 159]
2026-05-21 01:45:01.176953,Mac Failed Login,70,Medium,Mac Local System,2026-05-21 01:45:01.176 Df ecosystemd[6857:6610d1] [com.apple.xpc:connection] [0x906c89400] invalidated after a failed init
2026-05-21 01:45:01.177061,Mac Failed Login,70,Medium,Mac Local System,2026-05-21 01:45:01.176 Df ecosystemanalyticsd[53070:660b6c] [com.apple.xpc:connection] [0xa56c7c640] failed to do a bootstrap look-up: xpc_error=[159: Unknown error: 159]
2026-05-21 01:45:01.177099,Mac Failed Login,70,Medium,Mac Local System,2026-05-21 01:45:01.176 Df ecosystemanalyticsd[53070:660b6c] [com.apple.xpc:connection] [0xa56c7c640] invalidated after a failed init
2026-05-21 01:45:01.178242,Mac Failed Login,70,Medium,Mac Local System,2026-05-21 01:45:01.178 E  ecosystemanalyticsd[53070:660b6c] (EcosystemAnalytics) EcosystemAnalytics.framework:RosettaCoordinator: getCodeSignatureInfo: SecStaticCodeCreate Failed url: <private>
2026-05-21 01:45:01.178600,Mac Failed Login,70,Medium,Mac Local System,2026-05-21 01:45:01.178 E  ecosystemd[6857:6610d1] (EcosystemAnalytics) EcosystemAnalytics.framework:RosettaCoordinator: getCodeSignatureInfo: SecStaticCodeCreate Failed url: <private>
2026-05-21 01:45:01.178953,Mac Failed Login,70,Medium,Mac Local System,2026-05-21 01:45:01.178 Df ecosystemd[6857:6610d1] [com.apple.xpc:connection] [0x906c89400] failed to do a bootstrap look-up: xpc_error=[159: Unknown error: 159]
2026-05-21 01:45:01.179028,Mac Failed Login,70,Medium,Mac Local System,2026-05-21 01:45:01.178 Df ecosystemd[6857:6610d1] [com.apple.xpc:connection] [0x906c89400] invalidated after a failed init
2026-05-21 01:45:01.180248,Mac Failed Login,70,Medium,Mac Local System,2026-05-21 01:45:01.180 E  ecosystemd[6857:6610d1] (EcosystemAnalytics) EcosystemAnalytics.framework:RosettaCoordinator: getCodeSignatureInfo: SecStaticCodeCreate Failed url: <private>
2026-05-21 01:45:01.186635,Mac Failed Login,70,Medium,Mac Local System,2026-05-21 01:45:01.186 Df ecosystemanalyticsd[53070:660b6c] [com.apple.xpc:connection] [0xa56c7c640] failed to do a bootstrap look-up: xpc_error=[159: Unknown error: 159]
2026-05-21 01:45:01.186738,Mac Failed Login,70,Medium,Mac Local System,2026-05-21 01:45:01.186 Df ecosystemanalyticsd[53070:660b6c] [com.apple.xpc:connection] [0xa56c7c640] invalidated after a failed init
2026-05-21 01:45:01.188444,Mac Failed Login,70,Medium,Mac Local System,2026-05-21 01:45:01.188 E  ecosystemanalyticsd[53070:660b6c] (EcosystemAnalytics) EcosystemAnalytics.framework:RosettaCoordinator: getCodeSignatureInfo: SecStaticCodeCreate Failed url: <private>
2026-05-21 01:45:01.190696,Mac Failed Login,70,Medium,Mac Local System,2026-05-21 01:45:01.190 Df ecosystemd[6857:6610d1] [com.apple.xpc:connection] [0x906c89400] failed to do a bootstrap look-up: xpc_error=[159: Unknown error: 159]
2026-05-21 01:45:01.190774,Mac Failed Login,70,Medium,Mac Local System,2026-05-21 01:45:01.190 Df ecosystemd[6857:6610d1] [com.apple.xpc:connection] [0x906c89400] invalidated after a failed init
2026-05-21 01:45:01.202876,Mac Failed Login,70,Medium,Mac Local System,2026-05-21 01:45:01.202 Df ecosystemanalyticsd[53070:660b6c] [com.apple.xpc:connection] [0xa56c7c640] failed to do a bootstrap look-up: xpc_error=[159: Unknown error: 159]
2026-05-21 01:45:01.203003,Mac Failed Login,70,Medium,Mac Local System,2026-05-21 01:45:01.202 Df ecosystemanalyticsd[53070:660b6c] [com.apple.xpc:connection] [0xa56c7c640] invalidated after a failed init
2026-05-21 01:45:01.207419,Mac Failed Login,70,Medium,Mac Local System,2026-05-21 01:45:01.207 Df ecosystemd[6857:6610d1] [com.apple.xpc:connection] [0x906c89400] failed to do a bootstrap look-up: xpc_error=[159: Unknown error: 159]
2026-05-21 01:45:01.207692,Mac Failed Login,70,Medium,Mac Local System,2026-05-21 01:45:01.207 Df ecosystemd[6857:6610d1] [com.apple.xpc:connection] [0x906c89400] invalidated after a failed init
2026-05-21 01:45:01.216034,Mac Failed Login,70,Medium,Mac Local System,2026-05-21 01:45:01.215 Df ecosystemanalyticsd[53070:660b6c] [com.apple.xpc:connection] [0xa56c7c640] failed to do a bootstrap look-up: xpc_error=[159: Unknown error: 159]
2026-05-21 01:45:01.216143,Mac Failed Login,70,Medium,Mac Local System,2026-05-21 01:45:01.215 Df ecosystemanalyticsd[53070:660b6c] [com.apple.xpc:connection] [0xa56c7c640] invalidated after a failed init
2026-05-21 01:45:01.238692,Mac Failed Login,70,Medium,Mac Local System,2026-05-21 01:45:01.238 Df ecosystemd[6857:6610d1] [com.apple.xpc:connection] [0x906c89400] failed to do a bootstrap look-up: xpc_error=[159: Unknown error: 159]
2026-05-21 01:45:01.238858,Mac Failed Login,70,Medium,Mac Local System,2026-05-21 01:45:01.238 Df ecosystemd[6857:6610d1] [com.apple.xpc:connection] [0x906c89400] invalidated after a failed init
2026-05-21 01:45:01.238948,Mac Failed Login,70,Medium,Mac Local System,2026-05-21 01:45:01.238 Df ecosystemanalyticsd[53070:660b6c] [com.apple.xpc:connection] [0xa56c7c640] failed to do a bootstrap look-up: xpc_error=[159: Unknown error: 159]
2026-05-21 01:45:01.239004,Mac Failed Login,70,Medium,Mac Local System,2026-05-21 01:45:01.238 Df ecosystemanalyticsd[53070:660b6c] [com.apple.xpc:connection] [0xa56c7c640] invalidated after a failed init
2026-05-21 01:45:01.240675,Mac Failed Login,70,Medium,Mac Local System,2026-05-21 01:45:01.240 E  ecosystemd[6857:6610d1] (EcosystemAnalytics) EcosystemAnalytics.framework:RosettaCoordinator: getCodeSignatureInfo: SecStaticCodeCreate Failed url: <private>
2026-05-21 01:45:01.241198,Mac Failed Login,70,Medium,Mac Local System,2026-05-21 01:45:01.241 Df ecosystemd[6857:6610d1] [com.apple.xpc:connection] [0x906c89400] failed to do a bootstrap look-up: xpc_error=[159: Unknown error: 159]
2026-05-21 01:45:01.241274,Mac Failed Login,70,Medium,Mac Local System,2026-05-21 01:45:01.241 Df ecosystemd[6857:6610d1] [com.apple.xpc:connection] [0x906c89400] invalidated after a failed init
2026-05-21 01:45:01.242916,Mac Failed Login,70,Medium,Mac Local System,2026-05-21 01:45:01.242 E  ecosystemd[6857:6610d1] (EcosystemAnalytics) EcosystemAnalytics.framework:RosettaCoordinator: getCodeSignatureInfo: SecStaticCodeCreate Failed url: <private>
2026-05-21 01:45:01.255852,Mac Failed Login,70,Medium,Mac Local System,2026-05-21 01:45:01.255 Df ecosystemanalyticsd[53070:660b6c] [com.apple.xpc:connection] [0xa56c7c640] failed to do a bootstrap look-up: xpc_error=[159: Unknown error: 159]
2026-05-21 01:45:01.256005,Mac Failed Login,70,Medium,Mac Local System,2026-05-21 01:45:01.255 Df ecosystemanalyticsd[53070:660b6c] [com.apple.xpc:connection] [0xa56c7c640] invalidated after a failed init
2026-05-21 01:45:01.282263,Mac Failed Login,70,Medium,Mac Local System,2026-05-21 01:45:01.282 Df ecosystemanalyticsd[53070:660b6c] [com.apple.xpc:connection] [0xa56c7c640] failed to do a bootstrap look-up: xpc_error=[159: Unknown error: 159]
2026-05-21 01:45:01.282508,Mac Failed Login,70,Medium,Mac Local System,2026-05-21 01:45:01.282 Df ecosystemanalyticsd[53070:660b6c] [com.apple.xpc:connection] [0xa56c7c640] invalidated after a failed init
2026-05-21 01:45:01.282764,Mac Failed Login,70,Medium,Mac Local System,2026-05-21 01:45:01.282 Df ecosystemd[6857:6610d1] [com.apple.xpc:connection] [0x906c89400] failed to do a bootstrap look-up: xpc_error=[159: Unknown error: 159]
2026-05-21 01:45:01.282832,Mac Failed Login,70,Medium,Mac Local System,2026-05-21 01:45:01.282 Df ecosystemd[6857:6610d1] [com.apple.xpc:connection] [0x906c89400] invalidated after a failed init
2026-05-21 01:45:01.284375,Mac Failed Login,70,Medium,Mac Local System,2026-05-21 01:45:01.284 E  ecosystemd[6857:6610d1] (EcosystemAnalytics) EcosystemAnalytics.framework:RosettaCoordinator: getCodeSignatureInfo: SecStaticCodeCreate Failed url: <private>
2026-05-21 01:45:01.284840,Mac Failed Login,70,Medium,Mac Local System,2026-05-21 01:45:01.284 Df ecosystemd[6857:6610d1] [com.apple.xpc:connection] [0x906c89400] failed to do a bootstrap look-up: xpc_error=[159: Unknown error: 159]
2026-05-21 01:45:01.284919,Mac Failed Login,70,Medium,Mac Local System,2026-05-21 01:45:01.284 Df ecosystemd[6857:6610d1] [com.apple.xpc:connection] [0x906c89400] invalidated after a failed init
2026-05-21 01:45:01.286179,Mac Failed Login,70,Medium,Mac Local System,2026-05-21 01:45:01.285 E  ecosystemd[6857:6610d1] (EcosystemAnalytics) EcosystemAnalytics.framework:RosettaCoordinator: getCodeSignatureInfo: SecStaticCodeCreate Failed url: <private>
2026-05-21 01:45:01.300374,Mac Failed Login,70,Medium,Mac Local System,2026-05-21 01:45:01.300 Df ecosystemanalyticsd[53070:660b6c] [com.apple.xpc:connection] [0xa56c7c640] failed to do a bootstrap look-up: xpc_error=[159: Unknown error: 159]
2026-05-21 01:45:01.300549,Mac Failed Login,70,Medium,Mac Local System,2026-05-21 01:45:01.300 Df ecosystemanalyticsd[53070:660b6c] [com.apple.xpc:connection] [0xa56c7c640] invalidated after a failed init
2026-05-21 01:45:01.328167,Mac Failed Login,70,Medium,Mac Local System,2026-05-21 01:45:01.327 Df ecosystemd[6857:6610d1] [com.apple.xpc:connection] [0x906c89400] failed to do a bootstrap look-up: xpc_error=[159: Unknown error: 159]
2026-05-21 01:45:01.328350,Mac Failed Login,70,Medium,Mac Local System,2026-05-21 01:45:01.327 Df ecosystemd[6857:6610d1] [com.apple.xpc:connection] [0x906c89400] invalidated after a failed init
2026-05-21 01:45:01.328508,Mac Failed Login,70,Medium,Mac Local System,2026-05-21 01:45:01.328 Df ecosystemanalyticsd[53070:660b6c] [com.apple.xpc:connection] [0xa56c7c640] failed to do a bootstrap look-up: xpc_error=[159: Unknown error: 159]
2026-05-21 01:45:01.328614,Mac Failed Login,70,Medium,Mac Local System,2026-05-21 01:45:01.328 Df ecosystemanalyticsd[53070:660b6c] [com.apple.xpc:connection] [0xa56c7c640] invalidated after a failed init
2026-05-21 01:45:01.332090,Mac Failed Login,70,Medium,Mac Local System,2026-05-21 01:45:01.331 E  ecosystemd[6857:6610d1] (EcosystemAnalytics) EcosystemAnalytics.framework:RosettaCoordinator: getCodeSignatureInfo: SecStaticCodeCreate Failed url: <private>
2026-05-21 01:45:01.333096,Mac Failed Login,70,Medium,Mac Local System,2026-05-21 01:45:01.332 Df ecosystemd[6857:6610d1] [com.apple.xpc:connection] [0x906c89400] failed to do a bootstrap look-up: xpc_error=[159: Unknown error: 159]
2026-05-21 01:45:01.333190,Mac Failed Login,70,Medium,Mac Local System,2026-05-21 01:45:01.332 Df ecosystemd[6857:6610d1] [com.apple.xpc:connection] [0x906c89400] invalidated after a failed init
2026-05-21 01:45:01.334550,Mac Failed Login,70,Medium,Mac Local System,2026-05-21 01:45:01.334 E  ecosystemd[6857:6610d1] (EcosystemAnalytics) EcosystemAnalytics.framework:RosettaCoordinator: getCodeSignatureInfo: SecStaticCodeCreate Failed url: <private>
2026-05-21 01:45:01.347377,Mac Failed Login,70,Medium,Mac Local System,2026-05-21 01:45:01.347 Df ecosystemanalyticsd[53070:660b6c] [com.apple.xpc:connection] [0xa56c7c640] failed to do a bootstrap look-up: xpc_error=[159: Unknown error: 159]
2026-05-21 01:45:01.347576,Mac Failed Login,70,Medium,Mac Local System,2026-05-21 01:45:01.347 Df ecosystemanalyticsd[53070:660b6c] [com.apple.xpc:connection] [0xa56c7c640] invalidated after a failed init
2026-05-21 01:45:01.373765,Mac Failed Login,70,Medium,Mac Local System,2026-05-21 01:45:01.373 Df ecosystemanalyticsd[53070:660b6c] [com.apple.xpc:connection] [0xa56c7c640] failed to do a bootstrap look-up: xpc_error=[159: Unknown error: 159]
2026-05-21 01:45:01.374266,Mac Failed Login,70,Medium,Mac Local System,2026-05-21 01:45:01.374 Df ecosystemanalyticsd[53070:660b6c] [com.apple.xpc:connection] [0xa56c7c640] invalidated after a failed init
2026-05-21 01:45:01.374358,Mac Failed Login,70,Medium,Mac Local System,2026-05-21 01:45:01.374 Df ecosystemd[6857:6610d1] [com.apple.xpc:connection] [0x906c89400] failed to do a bootstrap look-up: xpc_error=[159: Unknown error: 159]
2026-05-21 01:45:01.374620,Mac Failed Login,70,Medium,Mac Local System,2026-05-21 01:45:01.374 Df ecosystemd[6857:6610d1] [com.apple.xpc:connection] [0x906c89400] invalidated after a failed init
2026-05-21 01:45:01.377490,Mac Failed Login,70,Medium,Mac Local System,2026-05-21 01:45:01.377 E  ecosystemd[6857:6610d1] (EcosystemAnalytics) EcosystemAnalytics.framework:RosettaCoordinator: getCodeSignatureInfo: SecStaticCodeCreate Failed url: <private>
2026-05-21 01:45:01.378357,Mac Failed Login,70,Medium,Mac Local System,2026-05-21 01:45:01.378 Df ecosystemd[6857:6610d1] [com.apple.xpc:connection] [0x906c89400] failed to do a bootstrap look-up: xpc_error=[159: Unknown error: 159]
2026-05-21 01:45:01.378468,Mac Failed Login,70,Medium,Mac Local System,2026-05-21 01:45:01.378 Df ecosystemd[6857:6610d1] [com.apple.xpc:connection] [0x906c89400] invalidated after a failed init
2026-05-21 01:45:01.383194,Mac Failed Login,70,Medium,Mac Local System,2026-05-21 01:45:01.383 E  ecosystemd[6857:6610d1] (EcosystemAnalytics) EcosystemAnalytics.framework:RosettaCoordinator: getCodeSignatureInfo: SecStaticCodeCreate Failed url: <private>
2026-05-21 01:45:01.393688,Mac Failed Login,70,Medium,Mac Local System,2026-05-21 01:45:01.393 Df ecosystemanalyticsd[53070:660b6c] [com.apple.xpc:connection] [0xa56c7c640] failed to do a bootstrap look-up: xpc_error=[159: Unknown error: 159]
2026-05-21 01:45:01.393790,Mac Failed Login,70,Medium,Mac Local System,2026-05-21 01:45:01.393 Df ecosystemanalyticsd[53070:660b6c] [com.apple.xpc:connection] [0xa56c7c640] invalidated after a failed init
2026-05-21 01:45:01.412057,Mac Failed Login,70,Medium,Mac Local System,2026-05-21 01:45:01.411 Df ecosystemanalyticsd[53070:660b6c] [com.apple.xpc:connection] [0xa56c7c640] failed to do a bootstrap look-up: xpc_error=[159: Unknown error: 159]
2026-05-21 01:45:01.412195,Mac Failed Login,70,Medium,Mac Local System,2026-05-21 01:45:01.411 Df ecosystemanalyticsd[53070:660b6c] [com.apple.xpc:connection] [0xa56c7c640] invalidated after a failed init
2026-05-21 01:45:01.412343,Mac Failed Login,70,Medium,Mac Local System,2026-05-21 01:45:01.412 Df ecosystemd[6857:6610d1] [com.apple.xpc:connection] [0x906c89400] failed to do a bootstrap look-up: xpc_error=[159: Unknown error: 159]
2026-05-21 01:45:01.412390,Mac Failed Login,70,Medium,Mac Local System,2026-05-21 01:45:01.412 Df ecosystemd[6857:6610d1] [com.apple.xpc:connection] [0x906c89400] invalidated after a failed init
2026-05-21 01:45:01.413574,Mac Failed Login,70,Medium,Mac Local System,2026-05-21 01:45:01.413 E  ecosystemd[6857:6610d1] (EcosystemAnalytics) EcosystemAnalytics.framework:RosettaCoordinator: getCodeSignatureInfo: SecStaticCodeCreate Failed url: <private>
2026-05-21 01:45:01.413883,Mac Failed Login,70,Medium,Mac Local System,2026-05-21 01:45:01.413 Df ecosystemd[6857:6610d1] [com.apple.xpc:connection] [0x906c89400] failed to do a bootstrap look-up: xpc_error=[159: Unknown error: 159]
2026-05-21 01:45:01.413920,Mac Failed Login,70,Medium,Mac Local System,2026-05-21 01:45:01.413 Df ecosystemd[6857:6610d1] [com.apple.xpc:connection] [0x906c89400] invalidated after a failed init
2026-05-21 01:45:01.414789,Mac Failed Login,70,Medium,Mac Local System,2026-05-21 01:45:01.414 E  ecosystemd[6857:6610d1] (EcosystemAnalytics) EcosystemAnalytics.framework:RosettaCoordinator: getCodeSignatureInfo: SecStaticCodeCreate Failed url: <private>
2026-05-21 01:45:01.424752,Mac Failed Login,70,Medium,Mac Local System,2026-05-21 01:45:01.424 Df ecosystemanalyticsd[53070:660b6c] [com.apple.xpc:connection] [0xa56c7c640] failed to do a bootstrap look-up: xpc_error=[159: Unknown error: 159]
2026-05-21 01:45:01.424903,Mac Failed Login,70,Medium,Mac Local System,2026-05-21 01:45:01.424 Df ecosystemanalyticsd[53070:660b6c] [com.apple.xpc:connection] [0xa56c7c640] invalidated after a failed init
2026-05-21 01:45:01.444319,Mac Failed Login,70,Medium,Mac Local System,2026-05-21 01:45:01.444 Df ecosystemanalyticsd[53070:660b6c] [com.apple.xpc:connection] [0xa56c7c640] failed to do a bootstrap look-up: xpc_error=[159: Unknown error: 159]
2026-05-21 01:45:01.444506,Mac Failed Login,70,Medium,Mac Local System,2026-05-21 01:45:01.444 Df ecosystemanalyticsd[53070:660b6c] [com.apple.xpc:connection] [0xa56c7c640] invalidated after a failed init
2026-05-21 01:45:01.444595,Mac Failed Login,70,Medium,Mac Local System,2026-05-21 01:45:01.444 Df ecosystemd[6857:6610d1] [com.apple.xpc:connection] [0x906c89400] failed to do a bootstrap look-up: xpc_error=[159: Unknown error: 159]
2026-05-21 01:45:01.444732,Mac Failed Login,70,Medium,Mac Local System,2026-05-21 01:45:01.444 Df ecosystemd[6857:6610d1] [com.apple.xpc:connection] [0x906c89400] invalidated after a failed init
2026-05-21 01:45:01.446227,Mac Failed Login,70,Medium,Mac Local System,2026-05-21 01:45:01.446 E  ecosystemd[6857:6610d1] (EcosystemAnalytics) EcosystemAnalytics.framework:RosettaCoordinator: getCodeSignatureInfo: SecStaticCodeCreate Failed url: <private>
2026-05-21 01:45:01.446665,Mac Failed Login,70,Medium,Mac Local System,2026-05-21 01:45:01.446 Df ecosystemd[6857:6610d1] [com.apple.xpc:connection] [0x906c89400] failed to do a bootstrap look-up: xpc_error=[159: Unknown error: 159]
2026-05-21 01:45:01.446745,Mac Failed Login,70,Medium,Mac Local System,2026-05-21 01:45:01.446 Df ecosystemd[6857:6610d1] [com.apple.xpc:connection] [0x906c89400] invalidated after a failed init
2026-05-21 01:45:01.448112,Mac Failed Login,70,Medium,Mac Local System,2026-05-21 01:45:01.447 E  ecosystemd[6857:6610d1] (EcosystemAnalytics) EcosystemAnalytics.framework:RosettaCoordinator: getCodeSignatureInfo: SecStaticCodeCreate Failed url: <private>
2026-05-21 01:45:01.457606,Mac Failed Login,70,Medium,Mac Local System,2026-05-21 01:45:01.457 Df ecosystemanalyticsd[53070:660b6c] [com.apple.xpc:connection] [0xa56c7c640] failed to do a bootstrap look-up: xpc_error=[159: Unknown error: 159]
2026-05-21 01:45:01.457735,Mac Failed Login,70,Medium,Mac Local System,2026-05-21 01:45:01.457 Df ecosystemanalyticsd[53070:660b6c] [com.apple.xpc:connection] [0xa56c7c640] invalidated after a failed init
2026-05-21 01:45:01.477903,Mac Failed Login,70,Medium,Mac Local System,2026-05-21 01:45:01.477 Df ecosystemanalyticsd[53070:660b6c] [com.apple.xpc:connection] [0xa56c7c640] failed to do a bootstrap look-up: xpc_error=[159: Unknown error: 159]
2026-05-21 01:45:01.478072,Mac Failed Login,70,Medium,Mac Local System,2026-05-21 01:45:01.477 Df ecosystemanalyticsd[53070:660b6c] [com.apple.xpc:connection] [0xa56c7c640] invalidated after a failed init
2026-05-21 01:45:01.478300,Mac Failed Login,70,Medium,Mac Local System,2026-05-21 01:45:01.478 Df ecosystemd[6857:6610d1] [com.apple.xpc:connection] [0x906c89400] failed to do a bootstrap look-up: xpc_error=[159: Unknown error: 159]
2026-05-21 01:45:01.478382,Mac Failed Login,70,Medium,Mac Local System,2026-05-21 01:45:01.478 Df ecosystemd[6857:6610d1] [com.apple.xpc:connection] [0x906c89400] invalidated after a failed init
2026-05-21 01:45:01.479998,Mac Failed Login,70,Medium,Mac Local System,2026-05-21 01:45:01.479 E  ecosystemd[6857:6610d1] (EcosystemAnalytics) EcosystemAnalytics.framework:RosettaCoordinator: getCodeSignatureInfo: SecStaticCodeCreate Failed url: <private>
2026-05-21 01:45:01.480713,Mac Failed Login,70,Medium,Mac Local System,2026-05-21 01:45:01.480 Df ecosystemd[6857:6610d1] [com.apple.xpc:connection] [0x906c89400] failed to do a bootstrap look-up: xpc_error=[159: Unknown error: 159]
2026-05-21 01:45:01.480809,Mac Failed Login,70,Medium,Mac Local System,2026-05-21 01:45:01.480 Df ecosystemd[6857:6610d1] [com.apple.xpc:connection] [0x906c89400] invalidated after a failed init
2026-05-21 01:45:01.482947,Mac Failed Login,70,Medium,Mac Local System,2026-05-21 01:45:01.482 E  ecosystemd[6857:6610d1] (EcosystemAnalytics) EcosystemAnalytics.framework:RosettaCoordinator: getCodeSignatureInfo: SecStaticCodeCreate Failed url: <private>
2026-05-21 01:45:01.493184,Mac Failed Login,70,Medium,Mac Local System,2026-05-21 01:45:01.493 Df ecosystemanalyticsd[53070:660b6c] [com.apple.xpc:connection] [0xa56c7c640] failed to do a bootstrap look-up: xpc_error=[159: Unknown error: 159]
2026-05-21 01:45:01.493302,Mac Failed Login,70,Medium,Mac Local System,2026-05-21 01:45:01.493 Df ecosystemanalyticsd[53070:660b6c] [com.apple.xpc:connection] [0xa56c7c640] invalidated after a failed init
2026-05-21 01:45:01.513124,Mac Failed Login,70,Medium,Mac Local System,2026-05-21 01:45:01.512 Df ecosystemanalyticsd[53070:660b6c] [com.apple.xpc:connection] [0xa56c7c640] failed to do a bootstrap look-up: xpc_error=[159: Unknown error: 159]
2026-05-21 01:45:01.513321,Mac Failed Login,70,Medium,Mac Local System,2026-05-21 01:45:01.512 Df ecosystemanalyticsd[53070:660b6c] [com.apple.xpc:connection] [0xa56c7c640] invalidated after a failed init
2026-05-21 01:45:01.514489,Mac Failed Login,70,Medium,Mac Local System,2026-05-21 01:45:01.513 Df ecosystemd[6857:6610d1] [com.apple.xpc:connection] [0x906c89400] failed to do a bootstrap look-up: xpc_error=[159: Unknown error: 159]
2026-05-21 01:45:01.518149,Mac Failed Login,70,Medium,Mac Local System,2026-05-21 01:45:01.517 Df ecosystemd[6857:6610d1] [com.apple.xpc:connection] [0x906c89400] invalidated after a failed init
2026-05-21 01:45:01.522014,Mac Failed Login,70,Medium,Mac Local System,2026-05-21 01:45:01.521 E  ecosystemd[6857:6610d1] (EcosystemAnalytics) EcosystemAnalytics.framework:RosettaCoordinator: getCodeSignatureInfo: SecStaticCodeCreate Failed url: <private>
2026-05-21 01:45:01.523959,Mac Failed Login,70,Medium,Mac Local System,2026-05-21 01:45:01.523 Df ecosystemd[6857:6610d1] [com.apple.xpc:connection] [0x906c89400] failed to do a bootstrap look-up: xpc_error=[159: Unknown error: 159]
2026-05-21 01:45:01.524144,Mac Failed Login,70,Medium,Mac Local System,2026-05-21 01:45:01.523 Df ecosystemd[6857:6610d1] [com.apple.xpc:connection] [0x906c89400] invalidated after a failed init
2026-05-21 01:45:01.527503,Mac Failed Login,70,Medium,Mac Local System,2026-05-21 01:45:01.527 E  ecosystemd[6857:6610d1] (EcosystemAnalytics) EcosystemAnalytics.framework:RosettaCoordinator: getCodeSignatureInfo: SecStaticCodeCreate Failed url: <private>
2026-05-21 01:45:01.543429,Mac Failed Login,70,Medium,Mac Local System,2026-05-21 01:45:01.543 Df ecosystemanalyticsd[53070:660b6c] [com.apple.xpc:connection] [0xa56c7c640] failed to do a bootstrap look-up: xpc_error=[159: Unknown error: 159]
2026-05-21 01:45:01.543620,Mac Failed Login,70,Medium,Mac Local System,2026-05-21 01:45:01.543 Df ecosystemanalyticsd[53070:660b6c] [com.apple.xpc:connection] [0xa56c7c640] invalidated after a failed init
2026-05-21 01:45:01.548430,Mac Failed Login,70,Medium,Mac Local System,2026-05-21 01:45:01.547 Df apsd[565:f92] Failed entitlement check 'com.apple.private.aps-connection-initiate' for 8214
2026-05-21 01:45:01.574445,Mac Failed Login,70,Medium,Mac Local System,2026-05-21 01:45:01.574 Df ecosystemd[6857:6610d1] [com.apple.xpc:connection] [0x906c89400] failed to do a bootstrap look-up: xpc_error=[159: Unknown error: 159]
2026-05-21 01:45:01.574647,Mac Failed Login,70,Medium,Mac Local System,2026-05-21 01:45:01.574 Df ecosystemd[6857:6610d1] [com.apple.xpc:connection] [0x906c89400] invalidated after a failed init
2026-05-21 01:45:01.574798,Mac Failed Login,70,Medium,Mac Local System,2026-05-21 01:45:01.574 Df ecosystemanalyticsd[53070:660b6c] [com.apple.xpc:connection] [0xa56c7c640] failed to do a bootstrap look-up: xpc_error=[159: Unknown error: 159]
2026-05-21 01:45:01.574891,Mac Failed Login,70,Medium,Mac Local System,2026-05-21 01:45:01.574 Df ecosystemanalyticsd[53070:660b6c] [com.apple.xpc:connection] [0xa56c7c640] invalidated after a failed init
2026-05-21 01:45:01.576848,Mac Failed Login,70,Medium,Mac Local System,2026-05-21 01:45:01.576 E  ecosystemd[6857:6610d1] (EcosystemAnalytics) EcosystemAnalytics.framework:RosettaCoordinator: getCodeSignatureInfo: SecStaticCodeCreate Failed url: <private>
2026-05-21 01:45:01.577504,Mac Failed Login,70,Medium,Mac Local System,2026-05-21 01:45:01.577 Df ecosystemd[6857:6610d1] [com.apple.xpc:connection] [0x906c89400] failed to do a bootstrap look-up: xpc_error=[159: Unknown error: 159]
2026-05-21 01:45:01.577607,Mac Failed Login,70,Medium,Mac Local System,2026-05-21 01:45:01.577 Df ecosystemd[6857:6610d1] [com.apple.xpc:connection] [0x906c89400] invalidated after a failed init
2026-05-21 01:45:01.579418,Mac Failed Login,70,Medium,Mac Local System,2026-05-21 01:45:01.579 E  ecosystemd[6857:6610d1] (EcosystemAnalytics) EcosystemAnalytics.framework:RosettaCoordinator: getCodeSignatureInfo: SecStaticCodeCreate Failed url: <private>
2026-05-21 01:45:01.594740,Mac Failed Login,70,Medium,Mac Local System,2026-05-21 01:45:01.594 Df ecosystemanalyticsd[53070:660b6c] [com.apple.xpc:connection] [0xa56c7c640] failed to do a bootstrap look-up: xpc_error=[159: Unknown error: 159]
2026-05-21 01:45:01.594934,Mac Failed Login,70,Medium,Mac Local System,2026-05-21 01:45:01.594 Df ecosystemanalyticsd[53070:660b6c] [com.apple.xpc:connection] [0xa56c7c640] invalidated after a failed init
2026-05-21 01:45:01.625118,Mac Failed Login,70,Medium,Mac Local System,2026-05-21 01:45:01.624 Df ecosystemanalyticsd[53070:660b6c] [com.apple.xpc:connection] [0xa56c7c640] failed to do a bootstrap look-up: xpc_error=[159: Unknown error: 159]
2026-05-21 01:45:01.625340,Mac Failed Login,70,Medium,Mac Local System,2026-05-21 01:45:01.624 Df ecosystemanalyticsd[53070:660b6c] [com.apple.xpc:connection] [0xa56c7c640] invalidated after a failed init
2026-05-21 01:45:01.625609,Mac Failed Login,70,Medium,Mac Local System,2026-05-21 01:45:01.625 Df ecosystemd[6857:6610d1] [com.apple.xpc:connection] [0x906c89400] failed to do a bootstrap look-up: xpc_error=[159: Unknown error: 159]
2026-05-21 01:45:01.625709,Mac Failed Login,70,Medium,Mac Local System,2026-05-21 01:45:01.625 Df ecosystemd[6857:6610d1] [com.apple.xpc:connection] [0x906c89400] invalidated after a failed init
2026-05-21 01:45:01.627701,Mac Failed Login,70,Medium,Mac Local System,2026-05-21 01:45:01.627 E  ecosystemd[6857:6610d1] (EcosystemAnalytics) EcosystemAnalytics.framework:RosettaCoordinator: getCodeSignatureInfo: SecStaticCodeCreate Failed url: <private>
2026-05-21 01:45:01.628345,Mac Failed Login,70,Medium,Mac Local System,2026-05-21 01:45:01.628 Df ecosystemd[6857:6610d1] [com.apple.xpc:connection] [0x906c89400] failed to do a bootstrap look-up: xpc_error=[159: Unknown error: 159]
2026-05-21 01:45:01.628454,Mac Failed Login,70,Medium,Mac Local System,2026-05-21 01:45:01.628 Df ecosystemd[6857:6610d1] [com.apple.xpc:connection] [0x906c89400] invalidated after a failed init
2026-05-21 01:45:01.631144,Mac Failed Login,70,Medium,Mac Local System,2026-05-21 01:45:01.630 E  ecosystemd[6857:6610d1] (EcosystemAnalytics) EcosystemAnalytics.framework:RosettaCoordinator: getCodeSignatureInfo: SecStaticCodeCreate Failed url: <private>
2026-05-21 01:45:01.648464,Mac Failed Login,70,Medium,Mac Local System,2026-05-21 01:45:01.648 Df ecosystemanalyticsd[53070:660b6c] [com.apple.xpc:connection] [0xa56c7c640] failed to do a bootstrap look-up: xpc_error=[159: Unknown error: 159]
2026-05-21 01:45:01.648655,Mac Failed Login,70,Medium,Mac Local System,2026-05-21 01:45:01.648 Df ecosystemanalyticsd[53070:660b6c] [com.apple.xpc:connection] [0xa56c7c640] invalidated after a failed init
2026-05-21 01:45:01.680741,Mac Failed Login,70,Medium,Mac Local System,2026-05-21 01:45:01.680 Df ecosystemd[6857:6610d1] [com.apple.xpc:connection] [0x906c89400] failed to do a bootstrap look-up: xpc_error=[159: Unknown error: 159]
2026-05-21 01:45:01.680944,Mac Failed Login,70,Medium,Mac Local System,2026-05-21 01:45:01.680 Df ecosystemd[6857:6610d1] [com.apple.xpc:connection] [0x906c89400] invalidated after a failed init
2026-05-21 01:45:01.681338,Mac Failed Login,70,Medium,Mac Local System,2026-05-21 01:45:01.681 Df ecosystemanalyticsd[53070:660b6c] [com.apple.xpc:connection] [0xa56c7c640] failed to do a bootstrap look-up: xpc_error=[159: Unknown error: 159]
2026-05-21 01:45:01.681547,Mac Failed Login,70,Medium,Mac Local System,2026-05-21 01:45:01.681 Df ecosystemanalyticsd[53070:660b6c] [com.apple.xpc:connection] [0xa56c7c640] invalidated after a failed init
2026-05-21 01:45:01.683555,Mac Failed Login,70,Medium,Mac Local System,2026-05-21 01:45:01.683 E  ecosystemd[6857:6610d1] (EcosystemAnalytics) EcosystemAnalytics.framework:RosettaCoordinator: getCodeSignatureInfo: SecStaticCodeCreate Failed url: <private>
2026-05-21 01:45:01.684271,Mac Failed Login,70,Medium,Mac Local System,2026-05-21 01:45:01.684 Df ecosystemd[6857:6610d1] [com.apple.xpc:connection] [0x906c89400] failed to do a bootstrap look-up: xpc_error=[159: Unknown error: 159]
2026-05-21 01:45:01.684357,Mac Failed Login,70,Medium,Mac Local System,2026-05-21 01:45:01.684 Df ecosystemd[6857:6610d1] [com.apple.xpc:connection] [0x906c89400] invalidated after a failed init
2026-05-21 01:45:01.686163,Mac Failed Login,70,Medium,Mac Local System,2026-05-21 01:45:01.685 E  ecosystemd[6857:6610d1] (EcosystemAnalytics) EcosystemAnalytics.framework:RosettaCoordinator: getCodeSignatureInfo: SecStaticCodeCreate Failed url: <private>
2026-05-21 01:45:01.701881,Mac Failed Login,70,Medium,Mac Local System,2026-05-21 01:45:01.701 Df ecosystemanalyticsd[53070:660b6c] [com.apple.xpc:connection] [0xa56c7c640] failed to do a bootstrap look-up: xpc_error=[159: Unknown error: 159]
2026-05-21 01:45:01.702081,Mac Failed Login,70,Medium,Mac Local System,2026-05-21 01:45:01.701 Df ecosystemanalyticsd[53070:660b6c] [com.apple.xpc:connection] [0xa56c7c640] invalidated after a failed init
2026-05-21 01:45:01.734435,Mac Failed Login,70,Medium,Mac Local System,2026-05-21 01:45:01.734 Df ecosystemanalyticsd[53070:660b6c] [com.apple.xpc:connection] [0xa56c7c640] failed to do a bootstrap look-up: xpc_error=[159: Unknown error: 159]
2026-05-21 01:45:01.734676,Mac Failed Login,70,Medium,Mac Local System,2026-05-21 01:45:01.734 Df ecosystemanalyticsd[53070:660b6c] [com.apple.xpc:connection] [0xa56c7c640] invalidated after a failed init
2026-05-21 01:45:01.734886,Mac Failed Login,70,Medium,Mac Local System,2026-05-21 01:45:01.734 Df ecosystemd[6857:6610d1] [com.apple.xpc:connection] [0x906c89400] failed to do a bootstrap look-up: xpc_error=[159: Unknown error: 159]
2026-05-21 01:45:01.735019,Mac Failed Login,70,Medium,Mac Local System,2026-05-21 01:45:01.734 Df ecosystemd[6857:6610d1] [com.apple.xpc:connection] [0x906c89400] invalidated after a failed init
2026-05-21 01:45:01.736714,Mac Failed Login,70,Medium,Mac Local System,2026-05-21 01:45:01.736 E  ecosystemd[6857:6610d1] (EcosystemAnalytics) EcosystemAnalytics.framework:RosettaCoordinator: getCodeSignatureInfo: SecStaticCodeCreate Failed url: <private>
2026-05-21 01:45:01.737322,Mac Failed Login,70,Medium,Mac Local System,2026-05-21 01:45:01.737 Df ecosystemd[6857:6610d1] [com.apple.xpc:connection] [0x906c89400] failed to do a bootstrap look-up: xpc_error=[159: Unknown error: 159]
2026-05-21 01:45:01.737430,Mac Failed Login,70,Medium,Mac Local System,2026-05-21 01:45:01.737 Df ecosystemd[6857:6610d1] [com.apple.xpc:connection] [0x906c89400] invalidated after a failed init
2026-05-21 01:45:01.738749,Mac Failed Login,70,Medium,Mac Local System,2026-05-21 01:45:01.738 E  ecosystemd[6857:6610d1] (EcosystemAnalytics) EcosystemAnalytics.framework:RosettaCoordinator: getCodeSignatureInfo: SecStaticCodeCreate Failed url: <private>
2026-05-21 01:45:01.750517,Mac Failed Login,70,Medium,Mac Local System,2026-05-21 01:45:01.750 Df ecosystemanalyticsd[53070:660b6c] [com.apple.xpc:connection] [0xa56c7c640] failed to do a bootstrap look-up: xpc_error=[159: Unknown error: 159]
2026-05-21 01:45:01.750680,Mac Failed Login,70,Medium,Mac Local System,2026-05-21 01:45:01.750 Df ecosystemanalyticsd[53070:660b6c] [com.apple.xpc:connection] [0xa56c7c640] invalidated after a failed init
2026-05-21 01:45:01.784161,Mac Failed Login,70,Medium,Mac Local System,2026-05-21 01:45:01.783 Df ecosystemanalyticsd[53070:660b6c] [com.apple.xpc:connection] [0xa56c7c640] failed to do a bootstrap look-up: xpc_error=[159: Unknown error: 159]
2026-05-21 01:45:01.784328,Mac Failed Login,70,Medium,Mac Local System,2026-05-21 01:45:01.783 Df ecosystemd[6857:6610d1] [com.apple.xpc:connection] [0x906c89400] failed to do a bootstrap look-up: xpc_error=[159: Unknown error: 159]
2026-05-21 01:45:01.784379,Mac Failed Login,70,Medium,Mac Local System,2026-05-21 01:45:01.784 Df ecosystemd[6857:6610d1] [com.apple.xpc:connection] [0x906c89400] invalidated after a failed init
2026-05-21 01:45:01.784441,Mac Failed Login,70,Medium,Mac Local System,2026-05-21 01:45:01.784 Df ecosystemanalyticsd[53070:660b6c] [com.apple.xpc:connection] [0xa56c7c640] invalidated after a failed init
2026-05-21 01:45:01.786865,Mac Failed Login,70,Medium,Mac Local System,2026-05-21 01:45:01.786 E  ecosystemd[6857:6610d1] (EcosystemAnalytics) EcosystemAnalytics.framework:RosettaCoordinator: getCodeSignatureInfo: SecStaticCodeCreate Failed url: <private>
2026-05-21 01:45:01.788262,Mac Failed Login,70,Medium,Mac Local System,2026-05-21 01:45:01.788 Df ecosystemd[6857:6610d1] [com.apple.xpc:connection] [0x906c89400] failed to do a bootstrap look-up: xpc_error=[159: Unknown error: 159]
2026-05-21 01:45:01.788361,Mac Failed Login,70,Medium,Mac Local System,2026-05-21 01:45:01.788 Df ecosystemd[6857:6610d1] [com.apple.xpc:connection] [0x906c89400] invalidated after a failed init
2026-05-21 01:45:01.790792,Mac Failed Login,70,Medium,Mac Local System,2026-05-21 01:45:01.790 E  ecosystemd[6857:6610d1] (EcosystemAnalytics) EcosystemAnalytics.framework:RosettaCoordinator: getCodeSignatureInfo: SecStaticCodeCreate Failed url: <private>
2026-05-21 01:45:01.801752,Mac Failed Login,70,Medium,Mac Local System,2026-05-21 01:45:01.801 Df ecosystemanalyticsd[53070:660b6c] [com.apple.xpc:connection] [0xa56c7c640] failed to do a bootstrap look-up: xpc_error=[159: Unknown error: 159]
2026-05-21 01:45:01.801872,Mac Failed Login,70,Medium,Mac Local System,2026-05-21 01:45:01.801 Df ecosystemanalyticsd[53070:660b6c] [com.apple.xpc:connection] [0xa56c7c640] invalidated after a failed init
2026-05-21 01:45:01.824773,Mac Failed Login,70,Medium,Mac Local System,2026-05-21 01:45:01.824 Df ecosystemanalyticsd[53070:660b6c] [com.apple.xpc:connection] [0xa56c7c640] failed to do a bootstrap look-up: xpc_error=[159: Unknown error: 159]
2026-05-21 01:45:01.824983,Mac Failed Login,70,Medium,Mac Local System,2026-05-21 01:45:01.824 Df ecosystemanalyticsd[53070:660b6c] [com.apple.xpc:connection] [0xa56c7c640] invalidated after a failed init
2026-05-21 01:45:01.825275,Mac Failed Login,70,Medium,Mac Local System,2026-05-21 01:45:01.825 Df ecosystemd[6857:6610d1] [com.apple.xpc:connection] [0x906c89400] failed to do a bootstrap look-up: xpc_error=[159: Unknown error: 159]
2026-05-21 01:45:01.825347,Mac Failed Login,70,Medium,Mac Local System,2026-05-21 01:45:01.825 Df ecosystemd[6857:6610d1] [com.apple.xpc:connection] [0x906c89400] invalidated after a failed init
2026-05-21 01:45:01.827036,Mac Failed Login,70,Medium,Mac Local System,2026-05-21 01:45:01.826 E  ecosystemd[6857:6610d1] (EcosystemAnalytics) EcosystemAnalytics.framework:RosettaCoordinator: getCodeSignatureInfo: SecStaticCodeCreate Failed url: <private>
2026-05-21 01:45:01.827551,Mac Failed Login,70,Medium,Mac Local System,2026-05-21 01:45:01.827 Df ecosystemd[6857:6610d1] [com.apple.xpc:connection] [0x906c89400] failed to do a bootstrap look-up: xpc_error=[159: Unknown error: 159]
2026-05-21 01:45:01.827662,Mac Failed Login,70,Medium,Mac Local System,2026-05-21 01:45:01.827 Df ecosystemd[6857:6610d1] [com.apple.xpc:connection] [0x906c89400] invalidated after a failed init
2026-05-21 01:45:01.829079,Mac Failed Login,70,Medium,Mac Local System,2026-05-21 01:45:01.828 E  ecosystemd[6857:6610d1] (EcosystemAnalytics) EcosystemAnalytics.framework:RosettaCoordinator: getCodeSignatureInfo: SecStaticCodeCreate Failed url: <private>
2026-05-21 01:45:01.838042,Mac Failed Login,70,Medium,Mac Local System,2026-05-21 01:45:01.837 Df ecosystemanalyticsd[53070:660b6c] [com.apple.xpc:connection] [0xa56c7c640] failed to do a bootstrap look-up: xpc_error=[159: Unknown error: 159]
2026-05-21 01:45:01.838168,Mac Failed Login,70,Medium,Mac Local System,2026-05-21 01:45:01.837 Df ecosystemanalyticsd[53070:660b6c] [com.apple.xpc:connection] [0xa56c7c640] invalidated after a failed init
2026-05-21 01:45:01.861997,Mac Failed Login,70,Medium,Mac Local System,2026-05-21 01:45:01.861 Df ecosystemanalyticsd[53070:660b6c] [com.apple.xpc:connection] [0xa56c7c640] failed to do a bootstrap look-up: xpc_error=[159: Unknown error: 159]
2026-05-21 01:45:01.862174,Mac Failed Login,70,Medium,Mac Local System,2026-05-21 01:45:01.861 Df ecosystemanalyticsd[53070:660b6c] [com.apple.xpc:connection] [0xa56c7c640] invalidated after a failed init
2026-05-21 01:45:01.862285,Mac Failed Login,70,Medium,Mac Local System,2026-05-21 01:45:01.862 Df ecosystemd[6857:6610d1] [com.apple.xpc:connection] [0x906c89400] failed to do a bootstrap look-up: xpc_error=[159: Unknown error: 159]
2026-05-21 01:45:01.862335,Mac Failed Login,70,Medium,Mac Local System,2026-05-21 01:45:01.862 Df ecosystemd[6857:6610d1] [com.apple.xpc:connection] [0x906c89400] invalidated after a failed init
2026-05-21 01:45:01.863847,Mac Failed Login,70,Medium,Mac Local System,2026-05-21 01:45:01.863 E  ecosystemd[6857:6610d1] (EcosystemAnalytics) EcosystemAnalytics.framework:RosettaCoordinator: getCodeSignatureInfo: SecStaticCodeCreate Failed url: <private>
2026-05-21 01:45:01.864496,Mac Failed Login,70,Medium,Mac Local System,2026-05-21 01:45:01.864 Df ecosystemd[6857:6610d1] [com.apple.xpc:connection] [0x906c89400] failed to do a bootstrap look-up: xpc_error=[159: Unknown error: 159]
2026-05-21 01:45:01.864603,Mac Failed Login,70,Medium,Mac Local System,2026-05-21 01:45:01.864 Df ecosystemd[6857:6610d1] [com.apple.xpc:connection] [0x906c89400] invalidated after a failed init
2026-05-21 01:45:01.866160,Mac Failed Login,70,Medium,Mac Local System,2026-05-21 01:45:01.865 E  ecosystemd[6857:6610d1] (EcosystemAnalytics) EcosystemAnalytics.framework:RosettaCoordinator: getCodeSignatureInfo: SecStaticCodeCreate Failed url: <private>
2026-05-21 01:45:01.878851,Mac Failed Login,70,Medium,Mac Local System,2026-05-21 01:45:01.878 Df ecosystemanalyticsd[53070:660b6c] [com.apple.xpc:connection] [0xa56c7c640] failed to do a bootstrap look-up: xpc_error=[159: Unknown error: 159]
2026-05-21 01:45:01.879032,Mac Failed Login,70,Medium,Mac Local System,2026-05-21 01:45:01.878 Df ecosystemanalyticsd[53070:660b6c] [com.apple.xpc:connection] [0xa56c7c640] invalidated after a failed init
2026-05-21 01:45:01.904309,Mac Failed Login,70,Medium,Mac Local System,2026-05-21 01:45:01.903 Df ecosystemd[6857:6610d1] [com.apple.xpc:connection] [0x906c89400] failed to do a bootstrap look-up: xpc_error=[159: Unknown error: 159]
2026-05-21 01:45:01.904464,Mac Failed Login,70,Medium,Mac Local System,2026-05-21 01:45:01.903 Df ecosystemd[6857:6610d1] [com.apple.xpc:connection] [0x906c89400] invalidated after a failed init
2026-05-21 01:45:01.904610,Mac Failed Login,70,Medium,Mac Local System,2026-05-21 01:45:01.904 Df ecosystemanalyticsd[53070:660b6c] [com.apple.xpc:connection] [0xa56c7c640] failed to do a bootstrap look-up: xpc_error=[159: Unknown error: 159]
2026-05-21 01:45:01.904694,Mac Failed Login,70,Medium,Mac Local System,2026-05-21 01:45:01.904 Df ecosystemanalyticsd[53070:660b6c] [com.apple.xpc:connection] [0xa56c7c640] invalidated after a failed init
2026-05-21 01:45:01.908122,Mac Failed Login,70,Medium,Mac Local System,2026-05-21 01:45:01.907 E  ecosystemd[6857:6610d1] (EcosystemAnalytics) EcosystemAnalytics.framework:RosettaCoordinator: getCodeSignatureInfo: SecStaticCodeCreate Failed url: <private>
2026-05-21 01:45:01.908723,Mac Failed Login,70,Medium,Mac Local System,2026-05-21 01:45:01.908 Df ecosystemd[6857:6610d1] [com.apple.xpc:connection] [0x906c89400] failed to do a bootstrap look-up: xpc_error=[159: Unknown error: 159]
2026-05-21 01:45:01.908785,Mac Failed Login,70,Medium,Mac Local System,2026-05-21 01:45:01.908 Df ecosystemd[6857:6610d1] [com.apple.xpc:connection] [0x906c89400] invalidated after a failed init
2026-05-21 01:45:01.909891,Mac Failed Login,70,Medium,Mac Local System,2026-05-21 01:45:01.909 E  ecosystemd[6857:6610d1] (EcosystemAnalytics) EcosystemAnalytics.framework:RosettaCoordinator: getCodeSignatureInfo: SecStaticCodeCreate Failed url: <private>
2026-05-21 01:45:01.918284,Mac Failed Login,70,Medium,Mac Local System,2026-05-21 01:45:01.918 Df ecosystemanalyticsd[53070:660b6c] [com.apple.xpc:connection] [0xa56c7c640] failed to do a bootstrap look-up: xpc_error=[159: Unknown error: 159]
2026-05-21 01:45:01.918377,Mac Failed Login,70,Medium,Mac Local System,2026-05-21 01:45:01.918 Df ecosystemanalyticsd[53070:660b6c] [com.apple.xpc:connection] [0xa56c7c640] invalidated after a failed init
2026-05-21 01:45:01.944402,Mac Failed Login,70,Medium,Mac Local System,2026-05-21 01:45:01.944 Df ecosystemd[6857:6610d1] [com.apple.xpc:connection] [0x906c89400] failed to do a bootstrap look-up: xpc_error=[159: Unknown error: 159]
2026-05-21 01:45:01.944561,Mac Failed Login,70,Medium,Mac Local System,2026-05-21 01:45:01.944 Df ecosystemd[6857:6610d1] [com.apple.xpc:connection] [0x906c89400] invalidated after a failed init
2026-05-21 01:45:01.944638,Mac Failed Login,70,Medium,Mac Local System,2026-05-21 01:45:01.944 Df ecosystemanalyticsd[53070:660b6c] [com.apple.xpc:connection] [0xa56c7c640] failed to do a bootstrap look-up: xpc_error=[159: Unknown error: 159]
2026-05-21 01:45:01.944714,Mac Failed Login,70,Medium,Mac Local System,2026-05-21 01:45:01.944 Df ecosystemanalyticsd[53070:660b6c] [com.apple.xpc:connection] [0xa56c7c640] invalidated after a failed init
2026-05-21 01:45:01.946594,Mac Failed Login,70,Medium,Mac Local System,2026-05-21 01:45:01.946 E  ecosystemd[6857:6610d1] (EcosystemAnalytics) EcosystemAnalytics.framework:RosettaCoordinator: getCodeSignatureInfo: SecStaticCodeCreate Failed url: <private>
2026-05-21 01:45:01.947128,Mac Failed Login,70,Medium,Mac Local System,2026-05-21 01:45:01.946 Df ecosystemd[6857:6610d1] [com.apple.xpc:connection] [0x906c89400] failed to do a bootstrap look-up: xpc_error=[159: Unknown error: 159]
2026-05-21 01:45:01.947228,Mac Failed Login,70,Medium,Mac Local System,2026-05-21 01:45:01.946 Df ecosystemd[6857:6610d1] [com.apple.xpc:connection] [0x906c89400] invalidated after a failed init
2026-05-21 01:45:01.948627,Mac Failed Login,70,Medium,Mac Local System,2026-05-21 01:45:01.948 E  ecosystemd[6857:6610d1] (EcosystemAnalytics) EcosystemAnalytics.framework:RosettaCoordinator: getCodeSignatureInfo: SecStaticCodeCreate Failed url: <private>
2026-05-21 01:45:01.960991,Mac Failed Login,70,Medium,Mac Local System,2026-05-21 01:45:01.960 Df ecosystemanalyticsd[53070:660b6c] [com.apple.xpc:connection] [0xa56c7c640] failed to do a bootstrap look-up: xpc_error=[159: Unknown error: 159]
2026-05-21 01:45:01.961181,Mac Failed Login,70,Medium,Mac Local System,2026-05-21 01:45:01.960 Df ecosystemanalyticsd[53070:660b6c] [com.apple.xpc:connection] [0xa56c7c640] invalidated after a failed init
2026-05-21 01:45:01.985979,Mac Failed Login,70,Medium,Mac Local System,2026-05-21 01:45:01.985 Df ecosystemd[6857:6610d1] [com.apple.xpc:connection] [0x906c89400] failed to do a bootstrap look-up: xpc_error=[159: Unknown error: 159]
2026-05-21 01:45:01.986145,Mac Failed Login,70,Medium,Mac Local System,2026-05-21 01:45:01.985 Df ecosystemd[6857:6610d1] [com.apple.xpc:connection] [0x906c89400] invalidated after a failed init
2026-05-21 01:45:01.986440,Mac Failed Login,70,Medium,Mac Local System,2026-05-21 01:45:01.986 Df ecosystemanalyticsd[53070:660b6c] [com.apple.xpc:connection] [0xa56c7c640] failed to do a bootstrap look-up: xpc_error=[159: Unknown error: 159]
2026-05-21 01:45:01.986553,Mac Failed Login,70,Medium,Mac Local System,2026-05-21 01:45:01.986 Df ecosystemanalyticsd[53070:660b6c] [com.apple.xpc:connection] [0xa56c7c640] invalidated after a failed init
2026-05-21 01:45:01.988440,Mac Failed Login,70,Medium,Mac Local System,2026-05-21 01:45:01.988 E  ecosystemanalyticsd[53070:660b6c] (EcosystemAnalytics) EcosystemAnalytics.framework:RosettaCoordinator: getCodeSignatureInfo: SecStaticCodeCreate Failed url: <private>
2026-05-21 01:45:01.988860,Mac Failed Login,70,Medium,Mac Local System,2026-05-21 01:45:01.988 E  ecosystemd[6857:6610d1] (EcosystemAnalytics) EcosystemAnalytics.framework:RosettaCoordinator: getCodeSignatureInfo: SecStaticCodeCreate Failed url: <private>
2026-05-21 01:45:01.989395,Mac Failed Login,70,Medium,Mac Local System,2026-05-21 01:45:01.989 Df ecosystemd[6857:6610d1] [com.apple.xpc:connection] [0x906c89400] failed to do a bootstrap look-up: xpc_error=[159: Unknown error: 159]
2026-05-21 01:45:01.989475,Mac Failed Login,70,Medium,Mac Local System,2026-05-21 01:45:01.989 Df ecosystemd[6857:6610d1] [com.apple.xpc:connection] [0x906c89400] invalidated after a failed init
2026-05-21 01:45:01.990538,Mac Failed Login,70,Medium,Mac Local System,2026-05-21 01:45:01.990 E  ecosystemd[6857:6610d1] (EcosystemAnalytics) EcosystemAnalytics.framework:RosettaCoordinator: getCodeSignatureInfo: SecStaticCodeCreate Failed url: <private>
2026-05-21 01:45:01.996561,Mac Failed Login,70,Medium,Mac Local System,2026-05-21 01:45:01.996 Df ecosystemanalyticsd[53070:660b6c] [com.apple.xpc:connection] [0xa56c7c640] failed to do a bootstrap look-up: xpc_error=[159: Unknown error: 159]
2026-05-21 01:45:01.996679,Mac Failed Login,70,Medium,Mac Local System,2026-05-21 01:45:01.996 Df ecosystemanalyticsd[53070:660b6c] [com.apple.xpc:connection] [0xa56c7c640] invalidated after a failed init
2026-05-21 01:45:01.997747,Mac Failed Login,70,Medium,Mac Local System,2026-05-21 01:45:01.997 E  ecosystemanalyticsd[53070:660b6c] (EcosystemAnalytics) EcosystemAnalytics.framework:RosettaCoordinator: getCodeSignatureInfo: SecStaticCodeCreate Failed url: <private>
2026-05-21 01:45:02.005515,Mac Failed Login,70,Medium,Mac Local System,2026-05-21 01:45:02.005 Df ecosystemd[6857:6610d1] [com.apple.xpc:connection] [0x906c89400] failed to do a bootstrap look-up: xpc_error=[159: Unknown error: 159]
2026-05-21 01:45:02.005614,Mac Failed Login,70,Medium,Mac Local System,2026-05-21 01:45:02.005 Df ecosystemd[6857:6610d1] [com.apple.xpc:connection] [0x906c89400] invalidated after a failed init
2026-05-21 01:45:02.015159,Mac Failed Login,70,Medium,Mac Local System,2026-05-21 01:45:02.014 Df ecosystemanalyticsd[53070:660b6c] [com.apple.xpc:connection] [0xa56c7c640] failed to do a bootstrap look-up: xpc_error=[159: Unknown error: 159]
2026-05-21 01:45:02.015330,Mac Failed Login,70,Medium,Mac Local System,2026-05-21 01:45:02.015 Df ecosystemanalyticsd[53070:660b6c] [com.apple.xpc:connection] [0xa56c7c640] invalidated after a failed init
2026-05-21 01:45:02.023141,Mac Failed Login,70,Medium,Mac Local System,2026-05-21 01:45:02.022 Df ecosystemd[6857:6610d1] [com.apple.xpc:connection] [0x906c89400] failed to do a bootstrap look-up: xpc_error=[159: Unknown error: 159]
2026-05-21 01:45:02.023266,Mac Failed Login,70,Medium,Mac Local System,2026-05-21 01:45:02.023 Df ecosystemd[6857:6610d1] [com.apple.xpc:connection] [0x906c89400] invalidated after a failed init
2026-05-21 01:45:02.026143,Mac Failed Login,70,Medium,Mac Local System,2026-05-21 01:45:02.025 Df ecosystemanalyticsd[53070:660b6c] [com.apple.xpc:connection] [0xa56c7c640] failed to do a bootstrap look-up: xpc_error=[159: Unknown error: 159]
2026-05-21 01:45:02.026240,Mac Failed Login,70,Medium,Mac Local System,2026-05-21 01:45:02.026 Df ecosystemanalyticsd[53070:660b6c] [com.apple.xpc:connection] [0xa56c7c640] invalidated after a failed init
2026-05-21 01:45:02.049959,Mac Failed Login,70,Medium,Mac Local System,2026-05-21 01:45:02.049 Df ecosystemanalyticsd[53070:660b6c] [com.apple.xpc:connection] [0xa56c7c640] failed to do a bootstrap look-up: xpc_error=[159: Unknown error: 159]
2026-05-21 01:45:02.050096,Mac Failed Login,70,Medium,Mac Local System,2026-05-21 01:45:02.049 Df ecosystemanalyticsd[53070:660b6c] [com.apple.xpc:connection] [0xa56c7c640] invalidated after a failed init
2026-05-21 01:45:02.050623,Mac Failed Login,70,Medium,Mac Local System,2026-05-21 01:45:02.050 Df ecosystemd[6857:6610d1] [com.apple.xpc:connection] [0x906c89400] failed to do a bootstrap look-up: xpc_error=[159: Unknown error: 159]
2026-05-21 01:45:02.050726,Mac Failed Login,70,Medium,Mac Local System,2026-05-21 01:45:02.050 Df ecosystemd[6857:6610d1] [com.apple.xpc:connection] [0x906c89400] invalidated after a failed init
2026-05-21 01:45:02.052042,Mac Failed Login,70,Medium,Mac Local System,2026-05-21 01:45:02.051 E  ecosystemd[6857:6610d1] (EcosystemAnalytics) EcosystemAnalytics.framework:RosettaCoordinator: getCodeSignatureInfo: SecStaticCodeCreate Failed url: <private>
2026-05-21 01:45:02.052448,Mac Failed Login,70,Medium,Mac Local System,2026-05-21 01:45:02.052 Df ecosystemd[6857:6610d1] [com.apple.xpc:connection] [0x906c89400] failed to do a bootstrap look-up: xpc_error=[159: Unknown error: 159]
2026-05-21 01:45:02.052525,Mac Failed Login,70,Medium,Mac Local System,2026-05-21 01:45:02.052 Df ecosystemd[6857:6610d1] [com.apple.xpc:connection] [0x906c89400] invalidated after a failed init
2026-05-21 01:45:02.055267,Mac Failed Login,70,Medium,Mac Local System,2026-05-21 01:45:02.055 E  ecosystemd[6857:6610d1] (EcosystemAnalytics) EcosystemAnalytics.framework:RosettaCoordinator: getCodeSignatureInfo: SecStaticCodeCreate Failed url: <private>
2026-05-21 01:45:02.073979,Mac Failed Login,70,Medium,Mac Local System,2026-05-21 01:45:02.073 Df WindowServer[603:1050] [com.apple.SkyLight:default] pid 944 failed to act on a ping it dequeued before timing out.
2026-05-21 01:45:02.079941,Mac Failed Login,70,Medium,Mac Local System,"2026-05-21 01:45:02.078 Df sharingd[995:1aa1] [com.apple.securityd:SecWarning] SecTaskLoadEntitlements: failed to get cs_flags, error=3, pid=14362"
2026-05-21 01:45:02.090247,Mac Failed Login,70,Medium,Mac Local System,"2026-05-21 01:45:02.085 Df sharingd[995:1aa1] [com.apple.securityd:SecWarning] SecTaskLoadEntitlements: failed to get cs_flags, error=3, pid=14362"
2026-05-21 01:45:02.111933,Mac Failed Login,70,Medium,Mac Local System,"2026-05-21 01:45:02.111 Df linkd[95920:660f88] [com.apple.securityd:SecWarning] SecTaskLoadEntitlements: failed to get cs_flags, error=3, pid=14355"
2026-05-21 01:45:02.121624,Mac Failed Login,70,Medium,Mac Local System,"2026-05-21 01:45:02.121 Df linkd[95920:661125] [com.apple.securityd:SecWarning] SecTaskLoadEntitlements: failed to get cs_flags, error=3, pid=14362"
2026-05-21 01:45:02.205333,Mac Failed Login,70,Medium,Mac Local System,2026-05-21 01:45:02.205 Df ecosystemanalyticsd[53070:660b6c] [com.apple.xpc:connection] [0xa56c7c640] failed to do a bootstrap look-up: xpc_error=[159: Unknown error: 159]
2026-05-21 01:45:02.205439,Mac Failed Login,70,Medium,Mac Local System,2026-05-21 01:45:02.205 Df ecosystemanalyticsd[53070:660b6c] [com.apple.xpc:connection] [0xa56c7c640] invalidated after a failed init
2026-05-21 01:45:02.205479,Mac Failed Login,70,Medium,Mac Local System,2026-05-21 01:45:02.205 Df ecosystemd[6857:6610d1] [com.apple.xpc:connection] [0x906c89400] failed to do a bootstrap look-up: xpc_error=[159: Unknown error: 159]
2026-05-21 01:45:02.205536,Mac Failed Login,70,Medium,Mac Local System,2026-05-21 01:45:02.205 Df ecosystemd[6857:6610d1] [com.apple.xpc:connection] [0x906c89400] invalidated after a failed init
2026-05-21 01:45:02.206891,Mac Failed Login,70,Medium,Mac Local System,2026-05-21 01:45:02.206 E  ecosystemd[6857:6610d1] (EcosystemAnalytics) EcosystemAnalytics.framework:RosettaCoordinator: getCodeSignatureInfo: SecStaticCodeCreate Failed url: <private>
2026-05-21 01:45:02.240234,Mac Failed Login,70,Medium,Mac Local System,2026-05-21 01:45:02.239 Df ecosystemd[6857:6610d0] [com.apple.xpc:connection] [0x906c89400] failed to do a bootstrap look-up: xpc_error=[159: Unknown error: 159]
2026-05-21 01:45:02.240348,Mac Failed Login,70,Medium,Mac Local System,2026-05-21 01:45:02.239 Df ecosystemd[6857:6610d0] [com.apple.xpc:connection] [0x906c89400] invalidated after a failed init
2026-05-21 01:45:02.240413,Mac Failed Login,70,Medium,Mac Local System,2026-05-21 01:45:02.239 Df ecosystemanalyticsd[53070:660b6c] [com.apple.xpc:connection] [0xa56c7c640] failed to do a bootstrap look-up: xpc_error=[159: Unknown error: 159]
2026-05-21 01:45:02.240468,Mac Failed Login,70,Medium,Mac Local System,2026-05-21 01:45:02.239 Df ecosystemanalyticsd[53070:660b6c] [com.apple.xpc:connection] [0xa56c7c640] invalidated after a failed init
2026-05-21 01:45:02.241322,Mac Failed Login,70,Medium,Mac Local System,2026-05-21 01:45:02.241 E  ecosystemd[6857:6610d0] (EcosystemAnalytics) EcosystemAnalytics.framework:RosettaCoordinator: getCodeSignatureInfo: SecStaticCodeCreate Failed url: <private>
2026-05-21 01:45:02.258808,Mac Failed Login,70,Medium,Mac Local System,2026-05-21 01:45:02.258 Df ecosystemanalyticsd[53070:660b6c] [com.apple.xpc:connection] [0xa56c7c640] failed to do a bootstrap look-up: xpc_error=[159: Unknown error: 159]
2026-05-21 01:45:02.259005,Mac Failed Login,70,Medium,Mac Local System,2026-05-21 01:45:02.258 Df ecosystemanalyticsd[53070:660b6c] [com.apple.xpc:connection] [0xa56c7c640] invalidated after a failed init
2026-05-21 01:45:02.294470,Mac Failed Login,70,Medium,Mac Local System,2026-05-21 01:45:02.294 Df ecosystemanalyticsd[53070:660b6c] [com.apple.xpc:connection] [0xa56c7c640] failed to do a bootstrap look-up: xpc_error=[159: Unknown error: 159]
2026-05-21 01:45:02.294688,Mac Failed Login,70,Medium,Mac Local System,2026-05-21 01:45:02.294 Df ecosystemanalyticsd[53070:660b6c] [com.apple.xpc:connection] [0xa56c7c640] invalidated after a failed init
2026-05-21 01:45:02.294963,Mac Failed Login,70,Medium,Mac Local System,2026-05-21 01:45:02.294 Df ecosystemd[6857:6610d0] [com.apple.xpc:connection] [0x906c89400] failed to do a bootstrap look-up: xpc_error=[159: Unknown error: 159]
2026-05-21 01:45:02.295031,Mac Failed Login,70,Medium,Mac Local System,2026-05-21 01:45:02.294 Df ecosystemd[6857:6610d0] [com.apple.xpc:connection] [0x906c89400] invalidated after a failed init
2026-05-21 01:45:02.297662,Mac Failed Login,70,Medium,Mac Local System,2026-05-21 01:45:02.297 E  ecosystemd[6857:6610d0] (EcosystemAnalytics) EcosystemAnalytics.framework:RosettaCoordinator: getCodeSignatureInfo: SecStaticCodeCreate Failed url: <private>
2026-05-21 01:45:02.298717,Mac Failed Login,70,Medium,Mac Local System,2026-05-21 01:45:02.298 Df ecosystemd[6857:6610d0] [com.apple.xpc:connection] [0x906c89400] failed to do a bootstrap look-up: xpc_error=[159: Unknown error: 159]
2026-05-21 01:45:02.298793,Mac Failed Login,70,Medium,Mac Local System,2026-05-21 01:45:02.298 Df ecosystemd[6857:6610d0] [com.apple.xpc:connection] [0x906c89400] invalidated after a failed init
2026-05-21 01:45:02.300371,Mac Failed Login,70,Medium,Mac Local System,2026-05-21 01:45:02.300 E  ecosystemd[6857:6610d0] (EcosystemAnalytics) EcosystemAnalytics.framework:RosettaCoordinator: getCodeSignatureInfo: SecStaticCodeCreate Failed url: <private>
2026-05-21 01:45:02.309539,Mac Failed Login,70,Medium,Mac Local System,2026-05-21 01:45:02.309 Df ecosystemanalyticsd[53070:660b6c] [com.apple.xpc:connection] [0xa56c7c640] failed to do a bootstrap look-up: xpc_error=[159: Unknown error: 159]
2026-05-21 01:45:02.309648,Mac Failed Login,70,Medium,Mac Local System,2026-05-21 01:45:02.309 Df ecosystemanalyticsd[53070:660b6c] [com.apple.xpc:connection] [0xa56c7c640] invalidated after a failed init
2026-05-21 01:45:02.330958,Mac Failed Login,70,Medium,Mac Local System,2026-05-21 01:45:02.330 Df ecosystemd[6857:6610d0] [com.apple.xpc:connection] [0x906c89400] failed to do a bootstrap look-up: xpc_error=[159: Unknown error: 159]
2026-05-21 01:45:02.331108,Mac Failed Login,70,Medium,Mac Local System,2026-05-21 01:45:02.330 Df ecosystemd[6857:6610d0] [com.apple.xpc:connection] [0x906c89400] invalidated after a failed init
2026-05-21 01:45:02.331253,Mac Failed Login,70,Medium,Mac Local System,2026-05-21 01:45:02.331 Df ecosystemanalyticsd[53070:660b6c] [com.apple.xpc:connection] [0xa56c7c640] failed to do a bootstrap look-up: xpc_error=[159: Unknown error: 159]
2026-05-21 01:45:02.331332,Mac Failed Login,70,Medium,Mac Local System,2026-05-21 01:45:02.331 Df ecosystemanalyticsd[53070:660b6c] [com.apple.xpc:connection] [0xa56c7c640] invalidated after a failed init
2026-05-21 01:45:02.332903,Mac Failed Login,70,Medium,Mac Local System,2026-05-21 01:45:02.332 E  ecosystemd[6857:6610d0] (EcosystemAnalytics) EcosystemAnalytics.framework:RosettaCoordinator: getCodeSignatureInfo: SecStaticCodeCreate Failed url: <private>
2026-05-21 01:45:02.333724,Mac Failed Login,70,Medium,Mac Local System,2026-05-21 01:45:02.333 Df ecosystemd[6857:6610d0] [com.apple.xpc:connection] [0x906c89400] failed to do a bootstrap look-up: xpc_error=[159: Unknown error: 159]
2026-05-21 01:45:02.333817,Mac Failed Login,70,Medium,Mac Local System,2026-05-21 01:45:02.333 Df ecosystemd[6857:6610d0] [com.apple.xpc:connection] [0x906c89400] invalidated after a failed init
2026-05-21 01:45:02.335326,Mac Failed Login,70,Medium,Mac Local System,2026-05-21 01:45:02.335 E  ecosystemd[6857:6610d0] (EcosystemAnalytics) EcosystemAnalytics.framework:RosettaCoordinator: getCodeSignatureInfo: SecStaticCodeCreate Failed url: <private>
2026-05-21 01:45:02.341307,Mac Failed Login,70,Medium,Mac Local System,"2026-05-21 01:45:02.340 Df kernel[0:651222] (AppleH11ANEInterface) ANE0: ANE_Init: Statistics: ColdStarts: 1094, JetsamTriggeredColdStarts: 0, Resumes: 0, ResumesFailed: 0, SuspendsSuccessful: 0, SuspendsFailed: 0 FirmwareTimeouts: 0 ANEDeInits: 1093 ANEInitFailures: 0"
2026-05-21 01:45:02.341436,Mac Failed Login,70,Medium,Mac Local System,2026-05-21 01:45:02.340 Df kernel[0:651222] (AppleH11ANEInterface) ANE0: ANE_Init: Work Stats:  WorkSubmit: 21645 WorkSubmitFailed: 0 WorkBegin: 21645 WorkEnd: 21645 PendingRequests: 0
2026-05-21 01:45:02.351062,Mac Failed Login,70,Medium,Mac Local System,2026-05-21 01:45:02.350 Df ecosystemanalyticsd[53070:660b6c] [com.apple.xpc:connection] [0xa56c7c640] failed to do a bootstrap look-up: xpc_error=[159: Unknown error: 159]
2026-05-21 01:45:02.351167,Mac Failed Login,70,Medium,Mac Local System,2026-05-21 01:45:02.350 Df ecosystemanalyticsd[53070:660b6c] [com.apple.xpc:connection] [0xa56c7c640] invalidated after a failed init
2026-05-21 01:45:02.366600,Mac Failed Login,70,Medium,Mac Local System,2026-05-21 01:45:02.366 Df ecosystemd[6857:6610d0] [com.apple.xpc:connection] [0x906c89400] failed to do a bootstrap look-up: xpc_error=[159: Unknown error: 159]
2026-05-21 01:45:02.366716,Mac Failed Login,70,Medium,Mac Local System,2026-05-21 01:45:02.366 Df ecosystemd[6857:6610d0] [com.apple.xpc:connection] [0x906c89400] invalidated after a failed init
2026-05-21 01:45:02.367053,Mac Failed Login,70,Medium,Mac Local System,2026-05-21 01:45:02.366 Df ecosystemanalyticsd[53070:660b6c] [com.apple.xpc:connection] [0xa56c7c640] failed to do a bootstrap look-up: xpc_error=[159: Unknown error: 159]
2026-05-21 01:45:02.367136,Mac Failed Login,70,Medium,Mac Local System,2026-05-21 01:45:02.366 Df ecosystemanalyticsd[53070:660b6c] [com.apple.xpc:connection] [0xa56c7c640] invalidated after a failed init
2026-05-21 01:45:02.368701,Mac Failed Login,70,Medium,Mac Local System,2026-05-21 01:45:02.368 E  ecosystemd[6857:6610d0] (EcosystemAnalytics) EcosystemAnalytics.framework:RosettaCoordinator: getCodeSignatureInfo: SecStaticCodeCreate Failed url: <private>
2026-05-21 01:45:02.369271,Mac Failed Login,70,Medium,Mac Local System,2026-05-21 01:45:02.369 Df ecosystemd[6857:6610d0] [com.apple.xpc:connection] [0x906c89400] failed to do a bootstrap look-up: xpc_error=[159: Unknown error: 159]
2026-05-21 01:45:02.369342,Mac Failed Login,70,Medium,Mac Local System,2026-05-21 01:45:02.369 Df ecosystemd[6857:6610d0] [com.apple.xpc:connection] [0x906c89400] invalidated after a failed init
2026-05-21 01:45:02.370923,Mac Failed Login,70,Medium,Mac Local System,2026-05-21 01:45:02.370 E  ecosystemd[6857:6610d0] (EcosystemAnalytics) EcosystemAnalytics.framework:RosettaCoordinator: getCodeSignatureInfo: SecStaticCodeCreate Failed url: <private>
2026-05-21 01:45:02.382011,Mac Failed Login,70,Medium,Mac Local System,2026-05-21 01:45:02.381 Df ecosystemanalyticsd[53070:660b6c] [com.apple.xpc:connection] [0xa56c7c640] failed to do a bootstrap look-up: xpc_error=[159: Unknown error: 159]
2026-05-21 01:45:02.382120,Mac Failed Login,70,Medium,Mac Local System,2026-05-21 01:45:02.381 Df ecosystemanalyticsd[53070:660b6c] [com.apple.xpc:connection] [0xa56c7c640] invalidated after a failed init
2026-05-21 01:45:02.406043,Mac Failed Login,70,Medium,Mac Local System,2026-05-21 01:45:02.405 Df ecosystemanalyticsd[53070:660b6c] [com.apple.xpc:connection] [0xa56c7c640] failed to do a bootstrap look-up: xpc_error=[159: Unknown error: 159]
2026-05-21 01:45:02.406940,Mac Failed Login,70,Medium,Mac Local System,2026-05-21 01:45:02.406 Df ecosystemanalyticsd[53070:660b6c] [com.apple.xpc:connection] [0xa56c7c640] invalidated after a failed init
2026-05-21 01:45:02.407290,Mac Failed Login,70,Medium,Mac Local System,2026-05-21 01:45:02.407 Df ecosystemd[6857:6610d0] [com.apple.xpc:connection] [0x906c89400] failed to do a bootstrap look-up: xpc_error=[159: Unknown error: 159]
2026-05-21 01:45:02.407375,Mac Failed Login,70,Medium,Mac Local System,2026-05-21 01:45:02.407 Df ecosystemd[6857:6610d0] [com.apple.xpc:connection] [0x906c89400] invalidated after a failed init
2026-05-21 01:45:02.408993,Mac Failed Login,70,Medium,Mac Local System,2026-05-21 01:45:02.408 E  ecosystemd[6857:6610d0] (EcosystemAnalytics) EcosystemAnalytics.framework:RosettaCoordinator: getCodeSignatureInfo: SecStaticCodeCreate Failed url: <private>
2026-05-21 01:45:02.409633,Mac Failed Login,70,Medium,Mac Local System,2026-05-21 01:45:02.409 Df ecosystemd[6857:6610d0] [com.apple.xpc:connection] [0x906c89400] failed to do a bootstrap look-up: xpc_error=[159: Unknown error: 159]
2026-05-21 01:45:02.409730,Mac Failed Login,70,Medium,Mac Local System,2026-05-21 01:45:02.409 Df ecosystemd[6857:6610d0] [com.apple.xpc:connection] [0x906c89400] invalidated after a failed init
2026-05-21 01:45:02.412052,Mac Failed Login,70,Medium,Mac Local System,2026-05-21 01:45:02.411 E  ecosystemd[6857:6610d0] (EcosystemAnalytics) EcosystemAnalytics.framework:RosettaCoordinator: getCodeSignatureInfo: SecStaticCodeCreate Failed url: <private>
2026-05-21 01:45:02.429044,Mac Failed Login,70,Medium,Mac Local System,2026-05-21 01:45:02.428 Df ecosystemanalyticsd[53070:660b6c] [com.apple.xpc:connection] [0xa56c7c640] failed to do a bootstrap look-up: xpc_error=[159: Unknown error: 159]
2026-05-21 01:45:02.429121,Mac Failed Login,70,Medium,Mac Local System,2026-05-21 01:45:02.428 Df ecosystemanalyticsd[53070:660b6c] [com.apple.xpc:connection] [0xa56c7c640] invalidated after a failed init
2026-05-21 01:45:02.445716,Mac Failed Login,70,Medium,Mac Local System,2026-05-21 01:45:02.445 Df ecosystemd[6857:6610d0] [com.apple.xpc:connection] [0x906c89400] failed to do a bootstrap look-up: xpc_error=[159: Unknown error: 159]
2026-05-21 01:45:02.445802,Mac Failed Login,70,Medium,Mac Local System,2026-05-21 01:45:02.445 Df ecosystemd[6857:6610d0] [com.apple.xpc:connection] [0x906c89400] invalidated after a failed init
2026-05-21 01:45:02.446024,Mac Failed Login,70,Medium,Mac Local System,2026-05-21 01:45:02.445 Df ecosystemanalyticsd[53070:660b6c] [com.apple.xpc:connection] [0xa56c7c640] failed to do a bootstrap look-up: xpc_error=[159: Unknown error: 159]
2026-05-21 01:45:02.446077,Mac Failed Login,70,Medium,Mac Local System,2026-05-21 01:45:02.445 Df ecosystemanalyticsd[53070:660b6c] [com.apple.xpc:connection] [0xa56c7c640] invalidated after a failed init
2026-05-21 01:45:02.447305,Mac Failed Login,70,Medium,Mac Local System,2026-05-21 01:45:02.447 E  ecosystemd[6857:6610d0] (EcosystemAnalytics) EcosystemAnalytics.framework:RosettaCoordinator: getCodeSignatureInfo: SecStaticCodeCreate Failed url: <private>
2026-05-21 01:45:02.447707,Mac Failed Login,70,Medium,Mac Local System,2026-05-21 01:45:02.447 Df ecosystemd[6857:6610d0] [com.apple.xpc:connection] [0x906c89400] failed to do a bootstrap look-up: xpc_error=[159: Unknown error: 159]
2026-05-21 01:45:02.447768,Mac Failed Login,70,Medium,Mac Local System,2026-05-21 01:45:02.447 Df ecosystemd[6857:6610d0] [com.apple.xpc:connection] [0x906c89400] invalidated after a failed init
2026-05-21 01:45:02.448992,Mac Failed Login,70,Medium,Mac Local System,2026-05-21 01:45:02.448 E  ecosystemd[6857:6610d0] (EcosystemAnalytics) EcosystemAnalytics.framework:RosettaCoordinator: getCodeSignatureInfo: SecStaticCodeCreate Failed url: <private>
2026-05-21 01:45:02.458830,Mac Failed Login,70,Medium,Mac Local System,2026-05-21 01:45:02.458 Df ecosystemanalyticsd[53070:660b6c] [com.apple.xpc:connection] [0xa56c7c640] failed to do a bootstrap look-up: xpc_error=[159: Unknown error: 159]
2026-05-21 01:45:02.458916,Mac Failed Login,70,Medium,Mac Local System,2026-05-21 01:45:02.458 Df ecosystemanalyticsd[53070:660b6c] [com.apple.xpc:connection] [0xa56c7c640] invalidated after a failed init
2026-05-21 01:45:02.479271,Mac Failed Login,70,Medium,Mac Local System,2026-05-21 01:45:02.479 Df ecosystemd[6857:6610d0] [com.apple.xpc:connection] [0x906c89400] failed to do a bootstrap look-up: xpc_error=[159: Unknown error: 159]
2026-05-21 01:45:02.479364,Mac Failed Login,70,Medium,Mac Local System,2026-05-21 01:45:02.479 Df ecosystemanalyticsd[53070:660b6c] [com.apple.xpc:connection] [0xa56c7c640] failed to do a bootstrap look-up: xpc_error=[159: Unknown error: 159]
2026-05-21 01:45:02.479466,Mac Failed Login,70,Medium,Mac Local System,2026-05-21 01:45:02.479 Df ecosystemd[6857:6610d0] [com.apple.xpc:connection] [0x906c89400] invalidated after a failed init
2026-05-21 01:45:02.479511,Mac Failed Login,70,Medium,Mac Local System,2026-05-21 01:45:02.479 Df ecosystemanalyticsd[53070:660b6c] [com.apple.xpc:connection] [0xa56c7c640] invalidated after a failed init
2026-05-21 01:45:02.481029,Mac Failed Login,70,Medium,Mac Local System,2026-05-21 01:45:02.480 E  ecosystemd[6857:6610d0] (EcosystemAnalytics) EcosystemAnalytics.framework:RosettaCoordinator: getCodeSignatureInfo: SecStaticCodeCreate Failed url: <private>
2026-05-21 01:45:02.481640,Mac Failed Login,70,Medium,Mac Local System,2026-05-21 01:45:02.481 Df ecosystemd[6857:6610d0] [com.apple.xpc:connection] [0x906c89400] failed to do a bootstrap look-up: xpc_error=[159: Unknown error: 159]
2026-05-21 01:45:02.481728,Mac Failed Login,70,Medium,Mac Local System,2026-05-21 01:45:02.481 Df ecosystemd[6857:6610d0] [com.apple.xpc:connection] [0x906c89400] invalidated after a failed init
2026-05-21 01:45:02.483185,Mac Failed Login,70,Medium,Mac Local System,2026-05-21 01:45:02.482 E  ecosystemd[6857:6610d0] (EcosystemAnalytics) EcosystemAnalytics.framework:RosettaCoordinator: getCodeSignatureInfo: SecStaticCodeCreate Failed url: <private>
2026-05-21 01:45:02.494452,Mac Failed Login,70,Medium,Mac Local System,2026-05-21 01:45:02.494 Df ecosystemanalyticsd[53070:660b6c] [com.apple.xpc:connection] [0xa56c7c640] failed to do a bootstrap look-up: xpc_error=[159: Unknown error: 159]
2026-05-21 01:45:02.494556,Mac Failed Login,70,Medium,Mac Local System,2026-05-21 01:45:02.494 Df ecosystemanalyticsd[53070:660b6c] [com.apple.xpc:connection] [0xa56c7c640] invalidated after a failed init
2026-05-21 01:45:02.538724,Mac Failed Login,70,Medium,Mac Local System,2026-05-21 01:45:02.538 E  bluetoothd[588:660400] (IOKit) IOPMAssertionCreateWithProperties: io_pm_assertion_create failed with error 0xe00002c1
2026-05-21 01:45:02.538824,Mac Failed Login,70,Medium,Mac Local System,2026-05-21 01:45:02.538 Df bluetoothd[588:660400] [com.apple.icloud.SPOwner:powerManagement] IOPMAssertionCreateWithProperties <private> failed with error: (-536870207)
2026-05-21 01:45:02.551706,Mac Failed Login,70,Medium,Mac Local System,2026-05-21 01:45:02.551 Df findmybeaconingd[99203:661130] [com.apple.xpc:connection] [0xa9d13c3c0] failed to do a bootstrap look-up: xpc_error=[159: Unknown error: 159]
2026-05-21 01:45:02.551817,Mac Failed Login,70,Medium,Mac Local System,2026-05-21 01:45:02.551 Df findmybeaconingd[99203:661130] [com.apple.xpc:connection] [0xa9d13c3c0] invalidated after a failed init
2026-05-21 01:45:02.552983,Mac Failed Login,70,Medium,Mac Local System,2026-05-21 01:45:02.551 Df findmybeaconingd[99203:661130] [com.apple.xpc:connection] [0xa9d13c3c0] failed to do a bootstrap look-up: xpc_error=[159: Unknown error: 159]
2026-05-21 01:45:02.553053,Mac Failed Login,70,Medium,Mac Local System,2026-05-21 01:45:02.551 Df findmybeaconingd[99203:661130] [com.apple.xpc:connection] [0xa9d13c3c0] invalidated after a failed init
2026-05-21 01:45:02.553099,Mac Failed Login,70,Medium,Mac Local System,2026-05-21 01:45:02.552 Df findmybeaconingd[99203:660dd4] [com.apple.xpc:connection] [0xa9d13c3c0] failed to do a bootstrap look-up: xpc_error=[159: Unknown error: 159]
2026-05-21 01:45:02.553367,Mac Failed Login,70,Medium,Mac Local System,2026-05-21 01:45:02.552 Df findmybeaconingd[99203:660dd4] [com.apple.xpc:connection] [0xa9d13c3c0] invalidated after a failed init
2026-05-21 01:45:02.553444,Mac Failed Login,70,Medium,Mac Local System,2026-05-21 01:45:02.552 Df findmybeaconingd[99203:660dd4] [com.apple.xpc:connection] [0xa9d13c3c0] failed to do a bootstrap look-up: xpc_error=[159: Unknown error: 159]
2026-05-21 01:45:02.553483,Mac Failed Login,70,Medium,Mac Local System,2026-05-21 01:45:02.552 Df findmybeaconingd[99203:660dd4] [com.apple.xpc:connection] [0xa9d13c3c0] invalidated after a failed init
2026-05-21 01:45:02.574427,Mac Failed Login,70,Medium,Mac Local System,"2026-05-21 01:45:02.574 Df kernel[0:651222] (AppleH11ANEInterface) ANE0: ANE_deInit: Statistics: ColdStarts: 1094, JetsamTriggeredColdStarts: 0, Resumes: 0, ResumesFailed: 0, SuspendsSuccessful: 0, SuspendsFailed: 0 FirmwareTimeouts: 0 ANEDeInits: 1094 ANEInitFailures: 0 PartialShutdownsCompleted: 0"
2026-05-21 01:45:02.574482,Mac Failed Login,70,Medium,Mac Local System,2026-05-21 01:45:02.574 Df kernel[0:651222] (AppleH11ANEInterface) ANE0: ANE_deInit: Work Stats:  WorkSubmitted: 21645 WorkSubmitFailed 0 WorkBegin: 21645 WorkEnded: 21645 PendingRequests: 0
2026-05-21 01:45:02.583630,Mac Failed Login,70,Medium,Mac Local System,2026-05-21 01:45:02.583 Df ecosystemd[6857:6610d0] [com.apple.xpc:connection] [0x906c89400] failed to do a bootstrap look-up: xpc_error=[159: Unknown error: 159]
2026-05-21 01:45:02.583685,Mac Failed Login,70,Medium,Mac Local System,2026-05-21 01:45:02.583 Df ecosystemd[6857:6610d0] [com.apple.xpc:connection] [0x906c89400] invalidated after a failed init
2026-05-21 01:45:02.583781,Mac Failed Login,70,Medium,Mac Local System,2026-05-21 01:45:02.583 Df ecosystemanalyticsd[53070:660b6c] [com.apple.xpc:connection] [0xa56c7c640] failed to do a bootstrap look-up: xpc_error=[159: Unknown error: 159]
2026-05-21 01:45:02.583844,Mac Failed Login,70,Medium,Mac Local System,2026-05-21 01:45:02.583 Df ecosystemanalyticsd[53070:660b6c] [com.apple.xpc:connection] [0xa56c7c640] invalidated after a failed init
2026-05-21 01:45:02.585668,Mac Failed Login,70,Medium,Mac Local System,2026-05-21 01:45:02.585 E  ecosystemd[6857:6610d0] (EcosystemAnalytics) EcosystemAnalytics.framework:RosettaCoordinator: getCodeSignatureInfo: SecStaticCodeCreate Failed url: <private>
2026-05-21 01:45:02.586214,Mac Failed Login,70,Medium,Mac Local System,2026-05-21 01:45:02.586 Df ecosystemd[6857:6610d0] [com.apple.xpc:connection] [0x906c89400] failed to do a bootstrap look-up: xpc_error=[159: Unknown error: 159]
2026-05-21 01:45:02.586259,Mac Failed Login,70,Medium,Mac Local System,2026-05-21 01:45:02.586 Df ecosystemd[6857:6610d0] [com.apple.xpc:connection] [0x906c89400] invalidated after a failed init
2026-05-21 01:45:02.587377,Mac Failed Login,70,Medium,Mac Local System,2026-05-21 01:45:02.587 E  ecosystemd[6857:6610d0] (EcosystemAnalytics) EcosystemAnalytics.framework:RosettaCoordinator: getCodeSignatureInfo: SecStaticCodeCreate Failed url: <private>
2026-05-21 01:45:02.594327,Mac Failed Login,70,Medium,Mac Local System,2026-05-21 01:45:02.594 Df ecosystemanalyticsd[53070:660b6c] [com.apple.xpc:connection] [0xa56c7c640] failed to do a bootstrap look-up: xpc_error=[159: Unknown error: 159]
2026-05-21 01:45:02.594392,Mac Failed Login,70,Medium,Mac Local System,2026-05-21 01:45:02.594 Df ecosystemanalyticsd[53070:660b6c] [com.apple.xpc:connection] [0xa56c7c640] invalidated after a failed init
2026-05-21 01:45:02.722014,Mac Failed Login,70,Medium,Mac Local System,2026-05-21 01:45:02.721 Df ecosystemd[6857:6610d0] [com.apple.xpc:connection] [0x906c89400] failed to do a bootstrap look-up: xpc_error=[159: Unknown error: 159]
2026-05-21 01:45:02.722158,Mac Failed Login,70,Medium,Mac Local System,2026-05-21 01:45:02.721 Df ecosystemd[6857:6610d0] [com.apple.xpc:connection] [0x906c89400] invalidated after a failed init
2026-05-21 01:45:02.722228,Mac Failed Login,70,Medium,Mac Local System,2026-05-21 01:45:02.721 Df ecosystemanalyticsd[53070:660b6c] [com.apple.xpc:connection] [0xa56c7c640] failed to do a bootstrap look-up: xpc_error=[159: Unknown error: 159]
2026-05-21 01:45:02.722339,Mac Failed Login,70,Medium,Mac Local System,2026-05-21 01:45:02.722 Df ecosystemanalyticsd[53070:660b6c] [com.apple.xpc:connection] [0xa56c7c640] invalidated after a failed init
2026-05-21 01:45:02.723573,Mac Failed Login,70,Medium,Mac Local System,2026-05-21 01:45:02.723 E  ecosystemd[6857:6610d0] (EcosystemAnalytics) EcosystemAnalytics.framework:RosettaCoordinator: getCodeSignatureInfo: SecStaticCodeCreate Failed url: <private>
2026-05-21 01:45:02.723805,Mac Failed Login,70,Medium,Mac Local System,2026-05-21 01:45:02.723 Df ecosystemd[6857:6610d0] [com.apple.xpc:connection] [0x906c89400] failed to do a bootstrap look-up: xpc_error=[159: Unknown error: 159]
2026-05-21 01:45:02.723832,Mac Failed Login,70,Medium,Mac Local System,2026-05-21 01:45:02.723 Df ecosystemd[6857:6610d0] [com.apple.xpc:connection] [0x906c89400] invalidated after a failed init
2026-05-21 01:45:02.725265,Mac Failed Login,70,Medium,Mac Local System,2026-05-21 01:45:02.725 E  ecosystemd[6857:6610d0] (EcosystemAnalytics) EcosystemAnalytics.framework:RosettaCoordinator: getCodeSignatureInfo: SecStaticCodeCreate Failed url: <private>
2026-05-21 01:45:02.732971,Mac Failed Login,70,Medium,Mac Local System,2026-05-21 01:45:02.732 Df ecosystemanalyticsd[53070:660b6c] [com.apple.xpc:connection] [0xa56c7c640] failed to do a bootstrap look-up: xpc_error=[159: Unknown error: 159]
2026-05-21 01:45:02.733011,Mac Failed Login,70,Medium,Mac Local System,2026-05-21 01:45:02.732 Df ecosystemanalyticsd[53070:660b6c] [com.apple.xpc:connection] [0xa56c7c640] invalidated after a failed init
2026-05-21 01:45:02.748154,Mac Failed Login,70,Medium,Mac Local System,2026-05-21 01:45:02.748 Df ecosystemanalyticsd[53070:660b6c] [com.apple.xpc:connection] [0xa56c7c640] failed to do a bootstrap look-up: xpc_error=[159: Unknown error: 159]
2026-05-21 01:45:02.748254,Mac Failed Login,70,Medium,Mac Local System,2026-05-21 01:45:02.748 Df ecosystemd[6857:6610d0] [com.apple.xpc:connection] [0x906c89400] failed to do a bootstrap look-up: xpc_error=[159: Unknown error: 159]
2026-05-21 01:45:02.748302,Mac Failed Login,70,Medium,Mac Local System,2026-05-21 01:45:02.748 Df ecosystemanalyticsd[53070:660b6c] [com.apple.xpc:connection] [0xa56c7c640] invalidated after a failed init
2026-05-21 01:45:02.748346,Mac Failed Login,70,Medium,Mac Local System,2026-05-21 01:45:02.748 Df ecosystemd[6857:6610d0] [com.apple.xpc:connection] [0x906c89400] invalidated after a failed init
2026-05-21 01:45:02.749618,Mac Failed Login,70,Medium,Mac Local System,2026-05-21 01:45:02.749 E  ecosystemd[6857:6610d0] (EcosystemAnalytics) EcosystemAnalytics.framework:RosettaCoordinator: getCodeSignatureInfo: SecStaticCodeCreate Failed url: <private>
2026-05-21 01:45:02.750101,Mac Failed Login,70,Medium,Mac Local System,2026-05-21 01:45:02.749 Df ecosystemd[6857:6610d0] [com.apple.xpc:connection] [0x906c89400] failed to do a bootstrap look-up: xpc_error=[159: Unknown error: 159]
2026-05-21 01:45:02.750170,Mac Failed Login,70,Medium,Mac Local System,2026-05-21 01:45:02.749 Df ecosystemd[6857:6610d0] [com.apple.xpc:connection] [0x906c89400] invalidated after a failed init
2026-05-21 01:45:02.751375,Mac Failed Login,70,Medium,Mac Local System,2026-05-21 01:45:02.751 E  ecosystemd[6857:6610d0] (EcosystemAnalytics) EcosystemAnalytics.framework:RosettaCoordinator: getCodeSignatureInfo: SecStaticCodeCreate Failed url: <private>
2026-05-21 01:45:02.759656,Mac Failed Login,70,Medium,Mac Local System,2026-05-21 01:45:02.759 Df ecosystemanalyticsd[53070:660b6c] [com.apple.xpc:connection] [0xa56c7c640] failed to do a bootstrap look-up: xpc_error=[159: Unknown error: 159]
2026-05-21 01:45:02.759758,Mac Failed Login,70,Medium,Mac Local System,2026-05-21 01:45:02.759 Df ecosystemanalyticsd[53070:660b6c] [com.apple.xpc:connection] [0xa56c7c640] invalidated after a failed init
2026-05-21 01:45:02.776140,Mac Failed Login,70,Medium,Mac Local System,2026-05-21 01:45:02.775 Df ecosystemd[6857:6610d0] [com.apple.xpc:connection] [0x906c89400] failed to do a bootstrap look-up: xpc_error=[159: Unknown error: 159]
2026-05-21 01:45:02.776263,Mac Failed Login,70,Medium,Mac Local System,2026-05-21 01:45:02.776 Df ecosystemd[6857:6610d0] [com.apple.xpc:connection] [0x906c89400] invalidated after a failed init
2026-05-21 01:45:02.776317,Mac Failed Login,70,Medium,Mac Local System,2026-05-21 01:45:02.775 Df ecosystemanalyticsd[53070:660b6c] [com.apple.xpc:connection] [0xa56c7c640] failed to do a bootstrap look-up: xpc_error=[159: Unknown error: 159]
2026-05-21 01:45:02.776375,Mac Failed Login,70,Medium,Mac Local System,2026-05-21 01:45:02.776 Df ecosystemanalyticsd[53070:660b6c] [com.apple.xpc:connection] [0xa56c7c640] invalidated after a failed init
2026-05-21 01:45:02.777702,Mac Failed Login,70,Medium,Mac Local System,2026-05-21 01:45:02.777 E  ecosystemd[6857:6610d0] (EcosystemAnalytics) EcosystemAnalytics.framework:RosettaCoordinator: getCodeSignatureInfo: SecStaticCodeCreate Failed url: <private>
2026-05-21 01:45:02.778045,Mac Failed Login,70,Medium,Mac Local System,2026-05-21 01:45:02.777 Df ecosystemd[6857:6610d0] [com.apple.xpc:connection] [0x906c89400] failed to do a bootstrap look-up: xpc_error=[159: Unknown error: 159]
2026-05-21 01:45:02.778112,Mac Failed Login,70,Medium,Mac Local System,2026-05-21 01:45:02.777 Df ecosystemd[6857:6610d0] [com.apple.xpc:connection] [0x906c89400] invalidated after a failed init
2026-05-21 01:45:02.779259,Mac Failed Login,70,Medium,Mac Local System,2026-05-21 01:45:02.779 E  ecosystemd[6857:6610d0] (EcosystemAnalytics) EcosystemAnalytics.framework:RosettaCoordinator: getCodeSignatureInfo: SecStaticCodeCreate Failed url: <private>
2026-05-21 01:45:02.787483,Mac Failed Login,70,Medium,Mac Local System,2026-05-21 01:45:02.787 Df ecosystemanalyticsd[53070:660b6c] [com.apple.xpc:connection] [0xa56c7c640] failed to do a bootstrap look-up: xpc_error=[159: Unknown error: 159]
2026-05-21 01:45:02.787604,Mac Failed Login,70,Medium,Mac Local System,2026-05-21 01:45:02.787 Df ecosystemanalyticsd[53070:660b6c] [com.apple.xpc:connection] [0xa56c7c640] invalidated after a failed init
2026-05-21 01:45:02.809921,Mac Failed Login,70,Medium,Mac Local System,2026-05-21 01:45:02.809 Df ecosystemd[6857:6610d0] [com.apple.xpc:connection] [0x906c89400] failed to do a bootstrap look-up: xpc_error=[159: Unknown error: 159]
2026-05-21 01:45:02.810084,Mac Failed Login,70,Medium,Mac Local System,2026-05-21 01:45:02.809 Df ecosystemd[6857:6610d0] [com.apple.xpc:connection] [0x906c89400] invalidated after a failed init
2026-05-21 01:45:02.810536,Mac Failed Login,70,Medium,Mac Local System,2026-05-21 01:45:02.810 Df ecosystemanalyticsd[53070:660b6c] [com.apple.xpc:connection] [0xa56c7c640] failed to do a bootstrap look-up: xpc_error=[159: Unknown error: 159]
2026-05-21 01:45:02.810666,Mac Failed Login,70,Medium,Mac Local System,2026-05-21 01:45:02.810 Df ecosystemanalyticsd[53070:660b6c] [com.apple.xpc:connection] [0xa56c7c640] invalidated after a failed init
2026-05-21 01:45:02.812434,Mac Failed Login,70,Medium,Mac Local System,2026-05-21 01:45:02.812 E  ecosystemd[6857:6610d0] (EcosystemAnalytics) EcosystemAnalytics.framework:RosettaCoordinator: getCodeSignatureInfo: SecStaticCodeCreate Failed url: <private>
2026-05-21 01:45:02.812972,Mac Failed Login,70,Medium,Mac Local System,2026-05-21 01:45:02.812 Df ecosystemd[6857:6610d0] [com.apple.xpc:connection] [0x906c89400] failed to do a bootstrap look-up: xpc_error=[159: Unknown error: 159]
2026-05-21 01:45:02.813047,Mac Failed Login,70,Medium,Mac Local System,2026-05-21 01:45:02.812 Df ecosystemd[6857:6610d0] [com.apple.xpc:connection] [0x906c89400] invalidated after a failed init
2026-05-21 01:45:02.814376,Mac Failed Login,70,Medium,Mac Local System,2026-05-21 01:45:02.814 E  ecosystemd[6857:6610d0] (EcosystemAnalytics) EcosystemAnalytics.framework:RosettaCoordinator: getCodeSignatureInfo: SecStaticCodeCreate Failed url: <private>
2026-05-21 01:45:02.823852,Mac Failed Login,70,Medium,Mac Local System,2026-05-21 01:45:02.823 Df ecosystemanalyticsd[53070:660b6c] [com.apple.xpc:connection] [0xa56c7c640] failed to do a bootstrap look-up: xpc_error=[159: Unknown error: 159]
2026-05-21 01:45:02.823989,Mac Failed Login,70,Medium,Mac Local System,2026-05-21 01:45:02.823 Df ecosystemanalyticsd[53070:660b6c] [com.apple.xpc:connection] [0xa56c7c640] invalidated after a failed init
2026-05-21 01:45:02.845565,Mac Failed Login,70,Medium,Mac Local System,2026-05-21 01:45:02.845 Df ecosystemanalyticsd[53070:660b6c] [com.apple.xpc:connection] [0xa56c7c640] failed to do a bootstrap look-up: xpc_error=[159: Unknown error: 159]
2026-05-21 01:45:02.845791,Mac Failed Login,70,Medium,Mac Local System,2026-05-21 01:45:02.845 Df ecosystemanalyticsd[53070:660b6c] [com.apple.xpc:connection] [0xa56c7c640] invalidated after a failed init
2026-05-21 01:45:02.846138,Mac Failed Login,70,Medium,Mac Local System,2026-05-21 01:45:02.845 Df ecosystemd[6857:6610d0] [com.apple.xpc:connection] [0x906c89400] failed to do a bootstrap look-up: xpc_error=[159: Unknown error: 159]
2026-05-21 01:45:02.846255,Mac Failed Login,70,Medium,Mac Local System,2026-05-21 01:45:02.845 Df ecosystemd[6857:6610d0] [com.apple.xpc:connection] [0x906c89400] invalidated after a failed init
2026-05-21 01:45:02.848479,Mac Failed Login,70,Medium,Mac Local System,2026-05-21 01:45:02.848 E  ecosystemd[6857:6610d0] (EcosystemAnalytics) EcosystemAnalytics.framework:RosettaCoordinator: getCodeSignatureInfo: SecStaticCodeCreate Failed url: <private>
2026-05-21 01:45:02.849078,Mac Failed Login,70,Medium,Mac Local System,2026-05-21 01:45:02.848 Df ecosystemd[6857:6610d0] [com.apple.xpc:connection] [0x906c89400] failed to do a bootstrap look-up: xpc_error=[159: Unknown error: 159]
2026-05-21 01:45:02.849193,Mac Failed Login,70,Medium,Mac Local System,2026-05-21 01:45:02.848 Df ecosystemd[6857:6610d0] [com.apple.xpc:connection] [0x906c89400] invalidated after a failed init
2026-05-21 01:45:02.850697,Mac Failed Login,70,Medium,Mac Local System,2026-05-21 01:45:02.850 E  ecosystemd[6857:6610d0] (EcosystemAnalytics) EcosystemAnalytics.framework:RosettaCoordinator: getCodeSignatureInfo: SecStaticCodeCreate Failed url: <private>
2026-05-21 01:45:02.862013,Mac Failed Login,70,Medium,Mac Local System,2026-05-21 01:45:02.861 Df ecosystemanalyticsd[53070:660b6c] [com.apple.xpc:connection] [0xa56c7c640] failed to do a bootstrap look-up: xpc_error=[159: Unknown error: 159]
2026-05-21 01:45:02.862144,Mac Failed Login,70,Medium,Mac Local System,2026-05-21 01:45:02.861 Df ecosystemanalyticsd[53070:660b6c] [com.apple.xpc:connection] [0xa56c7c640] invalidated after a failed init
2026-05-21 01:45:02.886947,Mac Failed Login,70,Medium,Mac Local System,2026-05-21 01:45:02.886 Df ecosystemanalyticsd[53070:660b6c] [com.apple.xpc:connection] [0xa56c7c640] failed to do a bootstrap look-up: xpc_error=[159: Unknown error: 159]
2026-05-21 01:45:02.887213,Mac Failed Login,70,Medium,Mac Local System,2026-05-21 01:45:02.886 Df ecosystemanalyticsd[53070:660b6c] [com.apple.xpc:connection] [0xa56c7c640] invalidated after a failed init
2026-05-21 01:45:02.887473,Mac Failed Login,70,Medium,Mac Local System,2026-05-21 01:45:02.887 Df ecosystemd[6857:6610d0] [com.apple.xpc:connection] [0x906c89400] failed to do a bootstrap look-up: xpc_error=[159: Unknown error: 159]
2026-05-21 01:45:02.887581,Mac Failed Login,70,Medium,Mac Local System,2026-05-21 01:45:02.887 Df ecosystemd[6857:6610d0] [com.apple.xpc:connection] [0x906c89400] invalidated after a failed init
2026-05-21 01:45:02.889648,Mac Failed Login,70,Medium,Mac Local System,2026-05-21 01:45:02.889 E  ecosystemd[6857:6610d0] (EcosystemAnalytics) EcosystemAnalytics.framework:RosettaCoordinator: getCodeSignatureInfo: SecStaticCodeCreate Failed url: <private>
2026-05-21 01:45:02.890355,Mac Failed Login,70,Medium,Mac Local System,2026-05-21 01:45:02.890 Df ecosystemd[6857:6610d0] [com.apple.xpc:connection] [0x906c89400] failed to do a bootstrap look-up: xpc_error=[159: Unknown error: 159]
2026-05-21 01:45:02.890470,Mac Failed Login,70,Medium,Mac Local System,2026-05-21 01:45:02.890 Df ecosystemd[6857:6610d0] [com.apple.xpc:connection] [0x906c89400] invalidated after a failed init
2026-05-21 01:45:02.892135,Mac Failed Login,70,Medium,Mac Local System,2026-05-21 01:45:02.891 E  ecosystemd[6857:6610d0] (EcosystemAnalytics) EcosystemAnalytics.framework:RosettaCoordinator: getCodeSignatureInfo: SecStaticCodeCreate Failed url: <private>
2026-05-21 01:45:02.906727,Mac Failed Login,70,Medium,Mac Local System,2026-05-21 01:45:02.906 Df ecosystemanalyticsd[53070:660b6c] [com.apple.xpc:connection] [0xa56c7c640] failed to do a bootstrap look-up: xpc_error=[159: Unknown error: 159]
2026-05-21 01:45:02.906934,Mac Failed Login,70,Medium,Mac Local System,2026-05-21 01:45:02.906 Df ecosystemanalyticsd[53070:660b6c] [com.apple.xpc:connection] [0xa56c7c640] invalidated after a failed init
2026-05-21 01:45:02.935425,Mac Failed Login,70,Medium,Mac Local System,2026-05-21 01:45:02.935 Df ecosystemanalyticsd[53070:660b6c] [com.apple.xpc:connection] [0xa56c7c640] failed to do a bootstrap look-up: xpc_error=[159: Unknown error: 159]
2026-05-21 01:45:02.935608,Mac Failed Login,70,Medium,Mac Local System,2026-05-21 01:45:02.935 Df ecosystemanalyticsd[53070:660b6c] [com.apple.xpc:connection] [0xa56c7c640] invalidated after a failed init
2026-05-21 01:45:02.935654,Mac Failed Login,70,Medium,Mac Local System,2026-05-21 01:45:02.935 Df ecosystemd[6857:6610d0] [com.apple.xpc:connection] [0x906c89400] failed to do a bootstrap look-up: xpc_error=[159: Unknown error: 159]
2026-05-21 01:45:02.935693,Mac Failed Login,70,Medium,Mac Local System,2026-05-21 01:45:02.935 Df ecosystemd[6857:6610d0] [com.apple.xpc:connection] [0x906c89400] invalidated after a failed init
2026-05-21 01:45:02.936939,Mac Failed Login,70,Medium,Mac Local System,2026-05-21 01:45:02.936 E  ecosystemd[6857:6610d0] (EcosystemAnalytics) EcosystemAnalytics.framework:RosettaCoordinator: getCodeSignatureInfo: SecStaticCodeCreate Failed url: <private>
2026-05-21 01:45:02.937328,Mac Failed Login,70,Medium,Mac Local System,2026-05-21 01:45:02.937 Df ecosystemd[6857:6610d0] [com.apple.xpc:connection] [0x906c89400] failed to do a bootstrap look-up: xpc_error=[159: Unknown error: 159]
2026-05-21 01:45:02.937408,Mac Failed Login,70,Medium,Mac Local System,2026-05-21 01:45:02.937 Df ecosystemd[6857:6610d0] [com.apple.xpc:connection] [0x906c89400] invalidated after a failed init
2026-05-21 01:45:02.938367,Mac Failed Login,70,Medium,Mac Local System,2026-05-21 01:45:02.938 E  ecosystemd[6857:6610d0] (EcosystemAnalytics) EcosystemAnalytics.framework:RosettaCoordinator: getCodeSignatureInfo: SecStaticCodeCreate Failed url: <private>
2026-05-21 01:45:02.949914,Mac Failed Login,70,Medium,Mac Local System,2026-05-21 01:45:02.949 Df ecosystemanalyticsd[53070:660b6c] [com.apple.xpc:connection] [0xa56c7c640] failed to do a bootstrap look-up: xpc_error=[159: Unknown error: 159]
2026-05-21 01:45:02.950046,Mac Failed Login,70,Medium,Mac Local System,2026-05-21 01:45:02.949 Df ecosystemanalyticsd[53070:660b6c] [com.apple.xpc:connection] [0xa56c7c640] invalidated after a failed init
2026-05-21 01:45:02.971643,Mac Failed Login,70,Medium,Mac Local System,2026-05-21 01:45:02.971 Df ecosystemanalyticsd[53070:660b6c] [com.apple.xpc:connection] [0xa56c7c640] failed to do a bootstrap look-up: xpc_error=[159: Unknown error: 159]
2026-05-21 01:45:02.971924,Mac Failed Login,70,Medium,Mac Local System,2026-05-21 01:45:02.971 Df ecosystemanalyticsd[53070:660b6c] [com.apple.xpc:connection] [0xa56c7c640] invalidated after a failed init
2026-05-21 01:45:02.972295,Mac Failed Login,70,Medium,Mac Local System,2026-05-21 01:45:02.971 Df ecosystemd[6857:6610d0] [com.apple.xpc:connection] [0x906c89400] failed to do a bootstrap look-up: xpc_error=[159: Unknown error: 159]
2026-05-21 01:45:02.972399,Mac Failed Login,70,Medium,Mac Local System,2026-05-21 01:45:02.972 Df ecosystemd[6857:6610d0] [com.apple.xpc:connection] [0x906c89400] invalidated after a failed init
2026-05-21 01:45:02.974360,Mac Failed Login,70,Medium,Mac Local System,2026-05-21 01:45:02.974 E  ecosystemd[6857:6610d0] (EcosystemAnalytics) EcosystemAnalytics.framework:RosettaCoordinator: getCodeSignatureInfo: SecStaticCodeCreate Failed url: <private>
2026-05-21 01:45:02.975085,Mac Failed Login,70,Medium,Mac Local System,2026-05-21 01:45:02.974 Df ecosystemd[6857:6610d0] [com.apple.xpc:connection] [0x906c89400] failed to do a bootstrap look-up: xpc_error=[159: Unknown error: 159]
2026-05-21 01:45:02.975228,Mac Failed Login,70,Medium,Mac Local System,2026-05-21 01:45:02.974 Df ecosystemd[6857:6610d0] [com.apple.xpc:connection] [0x906c89400] invalidated after a failed init
2026-05-21 01:45:02.977039,Mac Failed Login,70,Medium,Mac Local System,2026-05-21 01:45:02.976 E  ecosystemd[6857:6610d0] (EcosystemAnalytics) EcosystemAnalytics.framework:RosettaCoordinator: getCodeSignatureInfo: SecStaticCodeCreate Failed url: <private>
2026-05-21 01:45:02.991722,Mac Failed Login,70,Medium,Mac Local System,2026-05-21 01:45:02.991 Df ecosystemanalyticsd[53070:660b6c] [com.apple.xpc:connection] [0xa56c7c640] failed to do a bootstrap look-up: xpc_error=[159: Unknown error: 159]
2026-05-21 01:45:02.991915,Mac Failed Login,70,Medium,Mac Local System,2026-05-21 01:45:02.991 Df ecosystemanalyticsd[53070:660b6c] [com.apple.xpc:connection] [0xa56c7c640] invalidated after a failed init
2026-05-21 01:45:03.015016,Mac Failed Login,70,Medium,Mac Local System,2026-05-21 01:45:03.014 Df ecosystemd[6857:6610d0] [com.apple.xpc:connection] [0x906c89400] failed to do a bootstrap look-up: xpc_error=[159: Unknown error: 159]
2026-05-21 01:45:03.015127,Mac Failed Login,70,Medium,Mac Local System,2026-05-21 01:45:03.014 Df ecosystemanalyticsd[53070:660b6c] [com.apple.xpc:connection] [0xa56c7c640] failed to do a bootstrap look-up: xpc_error=[159: Unknown error: 159]
2026-05-21 01:45:03.015166,Mac Failed Login,70,Medium,Mac Local System,2026-05-21 01:45:03.014 Df ecosystemd[6857:6610d0] [com.apple.xpc:connection] [0x906c89400] invalidated after a failed init
2026-05-21 01:45:03.015234,Mac Failed Login,70,Medium,Mac Local System,2026-05-21 01:45:03.014 Df ecosystemanalyticsd[53070:660b6c] [com.apple.xpc:connection] [0xa56c7c640] invalidated after a failed init
2026-05-21 01:45:03.016588,Mac Failed Login,70,Medium,Mac Local System,2026-05-21 01:45:03.016 E  ecosystemd[6857:6610d0] (EcosystemAnalytics) EcosystemAnalytics.framework:RosettaCoordinator: getCodeSignatureInfo: SecStaticCodeCreate Failed url: <private>
2026-05-21 01:45:03.017054,Mac Failed Login,70,Medium,Mac Local System,2026-05-21 01:45:03.016 Df ecosystemd[6857:6610d0] [com.apple.xpc:connection] [0x906c89400] failed to do a bootstrap look-up: xpc_error=[159: Unknown error: 159]
2026-05-21 01:45:03.017257,Mac Failed Login,70,Medium,Mac Local System,2026-05-21 01:45:03.017 Df ecosystemd[6857:6610d0] [com.apple.xpc:connection] [0x906c89400] invalidated after a failed init
2026-05-21 01:45:03.018778,Mac Failed Login,70,Medium,Mac Local System,2026-05-21 01:45:03.018 E  ecosystemd[6857:6610d0] (EcosystemAnalytics) EcosystemAnalytics.framework:RosettaCoordinator: getCodeSignatureInfo: SecStaticCodeCreate Failed url: <private>
2026-05-21 01:45:03.032516,Mac Failed Login,70,Medium,Mac Local System,2026-05-21 01:45:03.032 Df ecosystemanalyticsd[53070:660b6c] [com.apple.xpc:connection] [0xa56c7c640] failed to do a bootstrap look-up: xpc_error=[159: Unknown error: 159]
2026-05-21 01:45:03.032654,Mac Failed Login,70,Medium,Mac Local System,2026-05-21 01:45:03.032 Df ecosystemanalyticsd[53070:660b6c] [com.apple.xpc:connection] [0xa56c7c640] invalidated after a failed init
2026-05-21 01:45:03.056871,Mac Failed Login,70,Medium,Mac Local System,2026-05-21 01:45:03.056 Df ecosystemanalyticsd[53070:660b6c] [com.apple.xpc:connection] [0xa56c7c640] failed to do a bootstrap look-up: xpc_error=[159: Unknown error: 159]
2026-05-21 01:45:03.057082,Mac Failed Login,70,Medium,Mac Local System,2026-05-21 01:45:03.056 Df ecosystemanalyticsd[53070:660b6c] [com.apple.xpc:connection] [0xa56c7c640] invalidated after a failed init
2026-05-21 01:45:03.057161,Mac Failed Login,70,Medium,Mac Local System,2026-05-21 01:45:03.057 Df ecosystemd[6857:6610d0] [com.apple.xpc:connection] [0x906c89400] failed to do a bootstrap look-up: xpc_error=[159: Unknown error: 159]
2026-05-21 01:45:03.057210,Mac Failed Login,70,Medium,Mac Local System,2026-05-21 01:45:03.057 Df ecosystemd[6857:6610d0] [com.apple.xpc:connection] [0x906c89400] invalidated after a failed init
2026-05-21 01:45:03.058739,Mac Failed Login,70,Medium,Mac Local System,2026-05-21 01:45:03.058 E  ecosystemd[6857:6610d0] (EcosystemAnalytics) EcosystemAnalytics.framework:RosettaCoordinator: getCodeSignatureInfo: SecStaticCodeCreate Failed url: <private>
2026-05-21 01:45:03.059202,Mac Failed Login,70,Medium,Mac Local System,2026-05-21 01:45:03.058 Df ecosystemd[6857:6610d0] [com.apple.xpc:connection] [0x906c89400] failed to do a bootstrap look-up: xpc_error=[159: Unknown error: 159]
2026-05-21 01:45:03.059297,Mac Failed Login,70,Medium,Mac Local System,2026-05-21 01:45:03.059 Df ecosystemd[6857:6610d0] [com.apple.xpc:connection] [0x906c89400] invalidated after a failed init
2026-05-21 01:45:03.060593,Mac Failed Login,70,Medium,Mac Local System,2026-05-21 01:45:03.060 E  ecosystemd[6857:6610d0] (EcosystemAnalytics) EcosystemAnalytics.framework:RosettaCoordinator: getCodeSignatureInfo: SecStaticCodeCreate Failed url: <private>
2026-05-21 01:45:03.074278,Mac Failed Login,70,Medium,Mac Local System,2026-05-21 01:45:03.073 Df ecosystemanalyticsd[53070:660b6c] [com.apple.xpc:connection] [0xa56c7c640] failed to do a bootstrap look-up: xpc_error=[159: Unknown error: 159]
2026-05-21 01:45:03.074491,Mac Failed Login,70,Medium,Mac Local System,2026-05-21 01:45:03.074 Df ecosystemanalyticsd[53070:660b6c] [com.apple.xpc:connection] [0xa56c7c640] invalidated after a failed init
2026-05-21 01:45:03.106531,Mac Failed Login,70,Medium,Mac Local System,2026-05-21 01:45:03.106 Df ecosystemanalyticsd[53070:660b6c] [com.apple.xpc:connection] [0xa56c7c640] failed to do a bootstrap look-up: xpc_error=[159: Unknown error: 159]
2026-05-21 01:45:03.106822,Mac Failed Login,70,Medium,Mac Local System,2026-05-21 01:45:03.106 Df ecosystemanalyticsd[53070:660b6c] [com.apple.xpc:connection] [0xa56c7c640] invalidated after a failed init
2026-05-21 01:45:03.107379,Mac Failed Login,70,Medium,Mac Local System,2026-05-21 01:45:03.107 Df ecosystemd[6857:6610d0] [com.apple.xpc:connection] [0x906c89400] failed to do a bootstrap look-up: xpc_error=[159: Unknown error: 159]
2026-05-21 01:45:03.107498,Mac Failed Login,70,Medium,Mac Local System,2026-05-21 01:45:03.107 Df ecosystemd[6857:6610d0] [com.apple.xpc:connection] [0x906c89400] invalidated after a failed init
2026-05-21 01:45:03.109311,Mac Failed Login,70,Medium,Mac Local System,2026-05-21 01:45:03.108 E  ecosystemd[6857:6610d0] (EcosystemAnalytics) EcosystemAnalytics.framework:RosettaCoordinator: getCodeSignatureInfo: SecStaticCodeCreate Failed url: <private>
2026-05-21 01:45:03.109872,Mac Failed Login,70,Medium,Mac Local System,2026-05-21 01:45:03.109 Df ecosystemd[6857:6610d0] [com.apple.xpc:connection] [0x906c89400] failed to do a bootstrap look-up: xpc_error=[159: Unknown error: 159]
2026-05-21 01:45:03.109960,Mac Failed Login,70,Medium,Mac Local System,2026-05-21 01:45:03.109 Df ecosystemd[6857:6610d0] [com.apple.xpc:connection] [0x906c89400] invalidated after a failed init
2026-05-21 01:45:03.111570,Mac Failed Login,70,Medium,Mac Local System,2026-05-21 01:45:03.111 E  ecosystemd[6857:6610d0] (EcosystemAnalytics) EcosystemAnalytics.framework:RosettaCoordinator: getCodeSignatureInfo: SecStaticCodeCreate Failed url: <private>
2026-05-21 01:45:03.122681,Mac Failed Login,70,Medium,Mac Local System,2026-05-21 01:45:03.122 Df ecosystemanalyticsd[53070:660b6c] [com.apple.xpc:connection] [0xa56c7c640] failed to do a bootstrap look-up: xpc_error=[159: Unknown error: 159]
2026-05-21 01:45:03.122814,Mac Failed Login,70,Medium,Mac Local System,2026-05-21 01:45:03.122 Df ecosystemanalyticsd[53070:660b6c] [com.apple.xpc:connection] [0xa56c7c640] invalidated after a failed init
2026-05-21 01:45:03.143193,Mac Failed Login,70,Medium,Mac Local System,2026-05-21 01:45:03.142 Df ecosystemanalyticsd[53070:660b6c] [com.apple.xpc:connection] [0xa56c7c640] failed to do a bootstrap look-up: xpc_error=[159: Unknown error: 159]
2026-05-21 01:45:03.143441,Mac Failed Login,70,Medium,Mac Local System,2026-05-21 01:45:03.142 Df ecosystemanalyticsd[53070:660b6c] [com.apple.xpc:connection] [0xa56c7c640] invalidated after a failed init
2026-05-21 01:45:03.143657,Mac Failed Login,70,Medium,Mac Local System,2026-05-21 01:45:03.143 Df ecosystemd[6857:6610d0] [com.apple.xpc:connection] [0x906c89400] failed to do a bootstrap look-up: xpc_error=[159: Unknown error: 159]
2026-05-21 01:45:03.143726,Mac Failed Login,70,Medium,Mac Local System,2026-05-21 01:45:03.143 Df ecosystemd[6857:6610d0] [com.apple.xpc:connection] [0x906c89400] invalidated after a failed init
2026-05-21 01:45:03.145191,Mac Failed Login,70,Medium,Mac Local System,2026-05-21 01:45:03.145 E  ecosystemd[6857:6610d0] (EcosystemAnalytics) EcosystemAnalytics.framework:RosettaCoordinator: getCodeSignatureInfo: SecStaticCodeCreate Failed url: <private>
2026-05-21 01:45:03.145980,Mac Failed Login,70,Medium,Mac Local System,2026-05-21 01:45:03.145 Df ecosystemd[6857:6610d0] [com.apple.xpc:connection] [0x906c89400] failed to do a bootstrap look-up: xpc_error=[159: Unknown error: 159]
2026-05-21 01:45:03.146117,Mac Failed Login,70,Medium,Mac Local System,2026-05-21 01:45:03.145 Df ecosystemd[6857:6610d0] [com.apple.xpc:connection] [0x906c89400] invalidated after a failed init
2026-05-21 01:45:03.147762,Mac Failed Login,70,Medium,Mac Local System,2026-05-21 01:45:03.147 E  ecosystemd[6857:6610d0] (EcosystemAnalytics) EcosystemAnalytics.framework:RosettaCoordinator: getCodeSignatureInfo: SecStaticCodeCreate Failed url: <private>
2026-05-21 01:45:03.162126,Mac Failed Login,70,Medium,Mac Local System,2026-05-21 01:45:03.161 Df ecosystemanalyticsd[53070:660b6c] [com.apple.xpc:connection] [0xa56c7c640] failed to do a bootstrap look-up: xpc_error=[159: Unknown error: 159]
2026-05-21 01:45:03.162336,Mac Failed Login,70,Medium,Mac Local System,2026-05-21 01:45:03.161 Df ecosystemanalyticsd[53070:660b6c] [com.apple.xpc:connection] [0xa56c7c640] invalidated after a failed init
2026-05-21 01:45:03.188722,Mac Failed Login,70,Medium,Mac Local System,2026-05-21 01:45:03.188 Df ecosystemanalyticsd[53070:660b6c] [com.apple.xpc:connection] [0xa56c7c640] failed to do a bootstrap look-up: xpc_error=[159: Unknown error: 159]
2026-05-21 01:45:03.188936,Mac Failed Login,70,Medium,Mac Local System,2026-05-21 01:45:03.188 Df ecosystemanalyticsd[53070:660b6c] [com.apple.xpc:connection] [0xa56c7c640] invalidated after a failed init
2026-05-21 01:45:03.189041,Mac Failed Login,70,Medium,Mac Local System,2026-05-21 01:45:03.188 Df ecosystemd[6857:6610d0] [com.apple.xpc:connection] [0x906c89400] failed to do a bootstrap look-up: xpc_error=[159: Unknown error: 159]
2026-05-21 01:45:03.189094,Mac Failed Login,70,Medium,Mac Local System,2026-05-21 01:45:03.188 Df ecosystemd[6857:6610d0] [com.apple.xpc:connection] [0x906c89400] invalidated after a failed init
2026-05-21 01:45:03.191024,Mac Failed Login,70,Medium,Mac Local System,2026-05-21 01:45:03.190 E  ecosystemd[6857:6610d0] (EcosystemAnalytics) EcosystemAnalytics.framework:RosettaCoordinator: getCodeSignatureInfo: SecStaticCodeCreate Failed url: <private>
2026-05-21 01:45:03.191674,Mac Failed Login,70,Medium,Mac Local System,2026-05-21 01:45:03.191 Df ecosystemd[6857:6610d0] [com.apple.xpc:connection] [0x906c89400] failed to do a bootstrap look-up: xpc_error=[159: Unknown error: 159]
2026-05-21 01:45:03.191816,Mac Failed Login,70,Medium,Mac Local System,2026-05-21 01:45:03.191 Df ecosystemd[6857:6610d0] [com.apple.xpc:connection] [0x906c89400] invalidated after a failed init
2026-05-21 01:45:03.194094,Mac Failed Login,70,Medium,Mac Local System,2026-05-21 01:45:03.193 E  ecosystemd[6857:6610d0] (EcosystemAnalytics) EcosystemAnalytics.framework:RosettaCoordinator: getCodeSignatureInfo: SecStaticCodeCreate Failed url: <private>
2026-05-21 01:45:03.208456,Mac Failed Login,70,Medium,Mac Local System,2026-05-21 01:45:03.208 Df ecosystemanalyticsd[53070:660b6c] [com.apple.xpc:connection] [0xa56c7c640] failed to do a bootstrap look-up: xpc_error=[159: Unknown error: 159]
2026-05-21 01:45:03.208672,Mac Failed Login,70,Medium,Mac Local System,2026-05-21 01:45:03.208 Df ecosystemanalyticsd[53070:660b6c] [com.apple.xpc:connection] [0xa56c7c640] invalidated after a failed init
2026-05-21 01:45:03.238520,Mac Failed Login,70,Medium,Mac Local System,2026-05-21 01:45:03.238 Df ecosystemanalyticsd[53070:660b6c] [com.apple.xpc:connection] [0xa56c7c640] failed to do a bootstrap look-up: xpc_error=[159: Unknown error: 159]
2026-05-21 01:45:03.238767,Mac Failed Login,70,Medium,Mac Local System,2026-05-21 01:45:03.238 Df ecosystemanalyticsd[53070:660b6c] [com.apple.xpc:connection] [0xa56c7c640] invalidated after a failed init
2026-05-21 01:45:03.238872,Mac Failed Login,70,Medium,Mac Local System,2026-05-21 01:45:03.238 Df ecosystemd[6857:6610d0] [com.apple.xpc:connection] [0x906c89400] failed to do a bootstrap look-up: xpc_error=[159: Unknown error: 159]
2026-05-21 01:45:03.238953,Mac Failed Login,70,Medium,Mac Local System,2026-05-21 01:45:03.238 Df ecosystemd[6857:6610d0] [com.apple.xpc:connection] [0x906c89400] invalidated after a failed init
2026-05-21 01:45:03.240879,Mac Failed Login,70,Medium,Mac Local System,2026-05-21 01:45:03.240 E  ecosystemd[6857:6610d0] (EcosystemAnalytics) EcosystemAnalytics.framework:RosettaCoordinator: getCodeSignatureInfo: SecStaticCodeCreate Failed url: <private>
2026-05-21 01:45:03.241637,Mac Failed Login,70,Medium,Mac Local System,2026-05-21 01:45:03.241 Df ecosystemd[6857:6610d0] [com.apple.xpc:connection] [0x906c89400] failed to do a bootstrap look-up: xpc_error=[159: Unknown error: 159]
2026-05-21 01:45:03.241777,Mac Failed Login,70,Medium,Mac Local System,2026-05-21 01:45:03.241 Df ecosystemd[6857:6610d0] [com.apple.xpc:connection] [0x906c89400] invalidated after a failed init
2026-05-21 01:45:03.243356,Mac Failed Login,70,Medium,Mac Local System,2026-05-21 01:45:03.243 E  ecosystemd[6857:6610d0] (EcosystemAnalytics) EcosystemAnalytics.framework:RosettaCoordinator: getCodeSignatureInfo: SecStaticCodeCreate Failed url: <private>
2026-05-21 01:45:03.257661,Mac Failed Login,70,Medium,Mac Local System,2026-05-21 01:45:03.257 Df ecosystemanalyticsd[53070:660b6c] [com.apple.xpc:connection] [0xa56c7c640] failed to do a bootstrap look-up: xpc_error=[159: Unknown error: 159]
2026-05-21 01:45:03.257868,Mac Failed Login,70,Medium,Mac Local System,2026-05-21 01:45:03.257 Df ecosystemanalyticsd[53070:660b6c] [com.apple.xpc:connection] [0xa56c7c640] invalidated after a failed init
2026-05-21 01:45:03.285294,Mac Failed Login,70,Medium,Mac Local System,2026-05-21 01:45:03.285 Df ecosystemanalyticsd[53070:660b6c] [com.apple.xpc:connection] [0xa56c7c640] failed to do a bootstrap look-up: xpc_error=[159: Unknown error: 159]
2026-05-21 01:45:03.285532,Mac Failed Login,70,Medium,Mac Local System,2026-05-21 01:45:03.285 Df ecosystemanalyticsd[53070:660b6c] [com.apple.xpc:connection] [0xa56c7c640] invalidated after a failed init
2026-05-21 01:45:03.285818,Mac Failed Login,70,Medium,Mac Local System,2026-05-21 01:45:03.285 Df ecosystemd[6857:6610d0] [com.apple.xpc:connection] [0x906c89400] failed to do a bootstrap look-up: xpc_error=[159: Unknown error: 159]
2026-05-21 01:45:03.285893,Mac Failed Login,70,Medium,Mac Local System,2026-05-21 01:45:03.285 Df ecosystemd[6857:6610d0] [com.apple.xpc:connection] [0x906c89400] invalidated after a failed init
2026-05-21 01:45:03.287581,Mac Failed Login,70,Medium,Mac Local System,2026-05-21 01:45:03.287 E  ecosystemd[6857:6610d0] (EcosystemAnalytics) EcosystemAnalytics.framework:RosettaCoordinator: getCodeSignatureInfo: SecStaticCodeCreate Failed url: <private>
2026-05-21 01:45:03.288101,Mac Failed Login,70,Medium,Mac Local System,2026-05-21 01:45:03.287 Df ecosystemd[6857:6610d0] [com.apple.xpc:connection] [0x906c89400] failed to do a bootstrap look-up: xpc_error=[159: Unknown error: 159]
2026-05-21 01:45:03.288236,Mac Failed Login,70,Medium,Mac Local System,2026-05-21 01:45:03.287 Df ecosystemd[6857:6610d0] [com.apple.xpc:connection] [0x906c89400] invalidated after a failed init
2026-05-21 01:45:03.290535,Mac Failed Login,70,Medium,Mac Local System,2026-05-21 01:45:03.290 E  ecosystemd[6857:6610d0] (EcosystemAnalytics) EcosystemAnalytics.framework:RosettaCoordinator: getCodeSignatureInfo: SecStaticCodeCreate Failed url: <private>
2026-05-21 01:45:03.304193,Mac Failed Login,70,Medium,Mac Local System,2026-05-21 01:45:03.303 Df ecosystemanalyticsd[53070:660b6c] [com.apple.xpc:connection] [0xa56c7c640] failed to do a bootstrap look-up: xpc_error=[159: Unknown error: 159]
2026-05-21 01:45:03.304373,Mac Failed Login,70,Medium,Mac Local System,2026-05-21 01:45:03.304 Df ecosystemanalyticsd[53070:660b6c] [com.apple.xpc:connection] [0xa56c7c640] invalidated after a failed init
2026-05-21 01:45:03.333530,Mac Failed Login,70,Medium,Mac Local System,2026-05-21 01:45:03.333 Df ecosystemanalyticsd[53070:660b6c] [com.apple.xpc:connection] [0xa56c7c640] failed to do a bootstrap look-up: xpc_error=[159: Unknown error: 159]
2026-05-21 01:45:03.333780,Mac Failed Login,70,Medium,Mac Local System,2026-05-21 01:45:03.333 Df ecosystemanalyticsd[53070:660b6c] [com.apple.xpc:connection] [0xa56c7c640] invalidated after a failed init
2026-05-21 01:45:03.333951,Mac Failed Login,70,Medium,Mac Local System,2026-05-21 01:45:03.333 Df ecosystemd[6857:6610d0] [com.apple.xpc:connection] [0x906c89400] failed to do a bootstrap look-up: xpc_error=[159: Unknown error: 159]
2026-05-21 01:45:03.334031,Mac Failed Login,70,Medium,Mac Local System,2026-05-21 01:45:03.333 Df ecosystemd[6857:6610d0] [com.apple.xpc:connection] [0x906c89400] invalidated after a failed init
2026-05-21 01:45:03.335642,Mac Failed Login,70,Medium,Mac Local System,2026-05-21 01:45:03.335 E  ecosystemd[6857:6610d0] (EcosystemAnalytics) EcosystemAnalytics.framework:RosettaCoordinator: getCodeSignatureInfo: SecStaticCodeCreate Failed url: <private>
2026-05-21 01:45:03.336144,Mac Failed Login,70,Medium,Mac Local System,2026-05-21 01:45:03.335 Df ecosystemd[6857:6610d0] [com.apple.xpc:connection] [0x906c89400] failed to do a bootstrap look-up: xpc_error=[159: Unknown error: 159]
2026-05-21 01:45:03.336236,Mac Failed Login,70,Medium,Mac Local System,2026-05-21 01:45:03.335 Df ecosystemd[6857:6610d0] [com.apple.xpc:connection] [0x906c89400] invalidated after a failed init
2026-05-21 01:45:03.337958,Mac Failed Login,70,Medium,Mac Local System,2026-05-21 01:45:03.337 E  ecosystemd[6857:6610d0] (EcosystemAnalytics) EcosystemAnalytics.framework:RosettaCoordinator: getCodeSignatureInfo: SecStaticCodeCreate Failed url: <private>
2026-05-21 01:45:03.352446,Mac Failed Login,70,Medium,Mac Local System,2026-05-21 01:45:03.352 Df ecosystemanalyticsd[53070:660b6c] [com.apple.xpc:connection] [0xa56c7c640] failed to do a bootstrap look-up: xpc_error=[159: Unknown error: 159]
2026-05-21 01:45:03.352604,Mac Failed Login,70,Medium,Mac Local System,2026-05-21 01:45:03.352 Df ecosystemanalyticsd[53070:660b6c] [com.apple.xpc:connection] [0xa56c7c640] invalidated after a failed init
2026-05-21 01:45:03.378013,Mac Failed Login,70,Medium,Mac Local System,2026-05-21 01:45:03.377 Df ecosystemanalyticsd[53070:660b6c] [com.apple.xpc:connection] [0xa56c7c640] failed to do a bootstrap look-up: xpc_error=[159: Unknown error: 159]
2026-05-21 01:45:03.378286,Mac Failed Login,70,Medium,Mac Local System,2026-05-21 01:45:03.377 Df ecosystemanalyticsd[53070:660b6c] [com.apple.xpc:connection] [0xa56c7c640] invalidated after a failed init
2026-05-21 01:45:03.378518,Mac Failed Login,70,Medium,Mac Local System,2026-05-21 01:45:03.378 Df ecosystemd[6857:6610d0] [com.apple.xpc:connection] [0x906c89400] failed to do a bootstrap look-up: xpc_error=[159: Unknown error: 159]
2026-05-21 01:45:03.378627,Mac Failed Login,70,Medium,Mac Local System,2026-05-21 01:45:03.378 Df ecosystemd[6857:6610d0] [com.apple.xpc:connection] [0x906c89400] invalidated after a failed init
2026-05-21 01:45:03.381339,Mac Failed Login,70,Medium,Mac Local System,2026-05-21 01:45:03.381 E  ecosystemd[6857:6610d0] (EcosystemAnalytics) EcosystemAnalytics.framework:RosettaCoordinator: getCodeSignatureInfo: SecStaticCodeCreate Failed url: <private>
2026-05-21 01:45:03.382252,Mac Failed Login,70,Medium,Mac Local System,2026-05-21 01:45:03.382 Df ecosystemd[6857:6610d0] [com.apple.xpc:connection] [0x906c89400] failed to do a bootstrap look-up: xpc_error=[159: Unknown error: 159]
2026-05-21 01:45:03.382407,Mac Failed Login,70,Medium,Mac Local System,2026-05-21 01:45:03.382 Df ecosystemd[6857:6610d0] [com.apple.xpc:connection] [0x906c89400] invalidated after a failed init
2026-05-21 01:45:03.384483,Mac Failed Login,70,Medium,Mac Local System,2026-05-21 01:45:03.384 E  ecosystemd[6857:6610d0] (EcosystemAnalytics) EcosystemAnalytics.framework:RosettaCoordinator: getCodeSignatureInfo: SecStaticCodeCreate Failed url: <private>
2026-05-21 01:45:03.399734,Mac Failed Login,70,Medium,Mac Local System,2026-05-21 01:45:03.399 Df ecosystemanalyticsd[53070:660b6c] [com.apple.xpc:connection] [0xa56c7c640] failed to do a bootstrap look-up: xpc_error=[159: Unknown error: 159]
2026-05-21 01:45:03.399908,Mac Failed Login,70,Medium,Mac Local System,2026-05-21 01:45:03.399 Df ecosystemanalyticsd[53070:660b6c] [com.apple.xpc:connection] [0xa56c7c640] invalidated after a failed init
2026-05-21 01:45:03.426546,Mac Failed Login,70,Medium,Mac Local System,2026-05-21 01:45:03.426 Df ecosystemanalyticsd[53070:660b6c] [com.apple.xpc:connection] [0xa56c7c640] failed to do a bootstrap look-up: xpc_error=[159: Unknown error: 159]
2026-05-21 01:45:03.426783,Mac Failed Login,70,Medium,Mac Local System,2026-05-21 01:45:03.426 Df ecosystemanalyticsd[53070:660b6c] [com.apple.xpc:connection] [0xa56c7c640] invalidated after a failed init
2026-05-21 01:45:03.426904,Mac Failed Login,70,Medium,Mac Local System,2026-05-21 01:45:03.426 Df ecosystemd[6857:6610d0] [com.apple.xpc:connection] [0x906c89400] failed to do a bootstrap look-up: xpc_error=[159: Unknown error: 159]
2026-05-21 01:45:03.426990,Mac Failed Login,70,Medium,Mac Local System,2026-05-21 01:45:03.426 Df ecosystemd[6857:6610d0] [com.apple.xpc:connection] [0x906c89400] invalidated after a failed init
2026-05-21 01:45:03.429002,Mac Failed Login,70,Medium,Mac Local System,2026-05-21 01:45:03.428 E  ecosystemd[6857:6610d0] (EcosystemAnalytics) EcosystemAnalytics.framework:RosettaCoordinator: getCodeSignatureInfo: SecStaticCodeCreate Failed url: <private>
2026-05-21 01:45:03.429720,Mac Failed Login,70,Medium,Mac Local System,2026-05-21 01:45:03.429 Df ecosystemd[6857:6610d0] [com.apple.xpc:connection] [0x906c89400] failed to do a bootstrap look-up: xpc_error=[159: Unknown error: 159]
2026-05-21 01:45:03.429869,Mac Failed Login,70,Medium,Mac Local System,2026-05-21 01:45:03.429 Df ecosystemd[6857:6610d0] [com.apple.xpc:connection] [0x906c89400] invalidated after a failed init
2026-05-21 01:45:03.432255,Mac Failed Login,70,Medium,Mac Local System,2026-05-21 01:45:03.432 E  ecosystemd[6857:6610d0] (EcosystemAnalytics) EcosystemAnalytics.framework:RosettaCoordinator: getCodeSignatureInfo: SecStaticCodeCreate Failed url: <private>
2026-05-21 01:45:03.450529,Mac Failed Login,70,Medium,Mac Local System,2026-05-21 01:45:03.450 Df ecosystemanalyticsd[53070:660b6c] [com.apple.xpc:connection] [0xa56c7c640] failed to do a bootstrap look-up: xpc_error=[159: Unknown error: 159]
2026-05-21 01:45:03.450698,Mac Failed Login,70,Medium,Mac Local System,2026-05-21 01:45:03.450 Df ecosystemanalyticsd[53070:660b6c] [com.apple.xpc:connection] [0xa56c7c640] invalidated after a failed init
2026-05-21 01:45:03.476019,Mac Failed Login,70,Medium,Mac Local System,2026-05-21 01:45:03.475 Df ecosystemanalyticsd[53070:660b6c] [com.apple.xpc:connection] [0xa56c7c640] failed to do a bootstrap look-up: xpc_error=[159: Unknown error: 159]
2026-05-21 01:45:03.476300,Mac Failed Login,70,Medium,Mac Local System,2026-05-21 01:45:03.475 Df ecosystemanalyticsd[53070:660b6c] [com.apple.xpc:connection] [0xa56c7c640] invalidated after a failed init
2026-05-21 01:45:03.476498,Mac Failed Login,70,Medium,Mac Local System,2026-05-21 01:45:03.476 Df ecosystemd[6857:6610d0] [com.apple.xpc:connection] [0x906c89400] failed to do a bootstrap look-up: xpc_error=[159: Unknown error: 159]
2026-05-21 01:45:03.476593,Mac Failed Login,70,Medium,Mac Local System,2026-05-21 01:45:03.476 Df ecosystemd[6857:6610d0] [com.apple.xpc:connection] [0x906c89400] invalidated after a failed init
2026-05-21 01:45:03.478149,Mac Failed Login,70,Medium,Mac Local System,2026-05-21 01:45:03.477 E  ecosystemd[6857:6610d0] (EcosystemAnalytics) EcosystemAnalytics.framework:RosettaCoordinator: getCodeSignatureInfo: SecStaticCodeCreate Failed url: <private>
2026-05-21 01:45:03.478629,Mac Failed Login,70,Medium,Mac Local System,2026-05-21 01:45:03.478 Df ecosystemd[6857:6610d0] [com.apple.xpc:connection] [0x906c89400] failed to do a bootstrap look-up: xpc_error=[159: Unknown error: 159]
2026-05-21 01:45:03.478722,Mac Failed Login,70,Medium,Mac Local System,2026-05-21 01:45:03.478 Df ecosystemd[6857:6610d0] [com.apple.xpc:connection] [0x906c89400] invalidated after a failed init
2026-05-21 01:45:03.480257,Mac Failed Login,70,Medium,Mac Local System,2026-05-21 01:45:03.480 E  ecosystemd[6857:6610d0] (EcosystemAnalytics) EcosystemAnalytics.framework:RosettaCoordinator: getCodeSignatureInfo: SecStaticCodeCreate Failed url: <private>
2026-05-21 01:45:03.491451,Mac Failed Login,70,Medium,Mac Local System,2026-05-21 01:45:03.491 Df ecosystemanalyticsd[53070:660b6c] [com.apple.xpc:connection] [0xa56c7c640] failed to do a bootstrap look-up: xpc_error=[159: Unknown error: 159]
2026-05-21 01:45:03.491599,Mac Failed Login,70,Medium,Mac Local System,2026-05-21 01:45:03.491 Df ecosystemanalyticsd[53070:660b6c] [com.apple.xpc:connection] [0xa56c7c640] invalidated after a failed init
2026-05-21 01:45:03.513239,Mac Failed Login,70,Medium,Mac Local System,2026-05-21 01:45:03.513 Df ecosystemd[6857:6610d0] [com.apple.xpc:connection] [0x906c89400] failed to do a bootstrap look-up: xpc_error=[159: Unknown error: 159]
2026-05-21 01:45:03.513399,Mac Failed Login,70,Medium,Mac Local System,2026-05-21 01:45:03.513 Df ecosystemd[6857:6610d0] [com.apple.xpc:connection] [0x906c89400] invalidated after a failed init
2026-05-21 01:45:03.513562,Mac Failed Login,70,Medium,Mac Local System,2026-05-21 01:45:03.513 Df ecosystemanalyticsd[53070:660b6c] [com.apple.xpc:connection] [0xa56c7c640] failed to do a bootstrap look-up: xpc_error=[159: Unknown error: 159]
2026-05-21 01:45:03.513691,Mac Failed Login,70,Medium,Mac Local System,2026-05-21 01:45:03.513 Df ecosystemanalyticsd[53070:660b6c] [com.apple.xpc:connection] [0xa56c7c640] invalidated after a failed init
2026-05-21 01:45:03.515261,Mac Failed Login,70,Medium,Mac Local System,2026-05-21 01:45:03.515 E  ecosystemd[6857:6610d0] (EcosystemAnalytics) EcosystemAnalytics.framework:RosettaCoordinator: getCodeSignatureInfo: SecStaticCodeCreate Failed url: <private>
2026-05-21 01:45:03.515886,Mac Failed Login,70,Medium,Mac Local System,2026-05-21 01:45:03.515 Df ecosystemd[6857:6610d0] [com.apple.xpc:connection] [0x906c89400] failed to do a bootstrap look-up: xpc_error=[159: Unknown error: 159]
2026-05-21 01:45:03.515958,Mac Failed Login,70,Medium,Mac Local System,2026-05-21 01:45:03.515 Df ecosystemd[6857:6610d0] [com.apple.xpc:connection] [0x906c89400] invalidated after a failed init
2026-05-21 01:45:03.518057,Mac Failed Login,70,Medium,Mac Local System,2026-05-21 01:45:03.517 E  ecosystemd[6857:6610d0] (EcosystemAnalytics) EcosystemAnalytics.framework:RosettaCoordinator: getCodeSignatureInfo: SecStaticCodeCreate Failed url: <private>
2026-05-21 01:45:03.531807,Mac Failed Login,70,Medium,Mac Local System,2026-05-21 01:45:03.531 Df ecosystemanalyticsd[53070:660b6c] [com.apple.xpc:connection] [0xa56c7c640] failed to do a bootstrap look-up: xpc_error=[159: Unknown error: 159]
2026-05-21 01:45:03.531940,Mac Failed Login,70,Medium,Mac Local System,2026-05-21 01:45:03.531 Df ecosystemanalyticsd[53070:660b6c] [com.apple.xpc:connection] [0xa56c7c640] invalidated after a failed init
2026-05-21 01:45:03.597470,Mac Failed Login,70,Medium,Mac Local System,2026-05-21 01:45:03.597 Df ecosystemanalyticsd[53070:660b6c] [com.apple.xpc:connection] [0xa56c7c640] failed to do a bootstrap look-up: xpc_error=[159: Unknown error: 159]
2026-05-21 01:45:03.597696,Mac Failed Login,70,Medium,Mac Local System,2026-05-21 01:45:03.597 Df ecosystemanalyticsd[53070:660b6c] [com.apple.xpc:connection] [0xa56c7c640] invalidated after a failed init
2026-05-21 01:45:03.598711,Mac Failed Login,70,Medium,Mac Local System,2026-05-21 01:45:03.598 Df ecosystemd[6857:6610d0] [com.apple.xpc:connection] [0x906c89400] failed to do a bootstrap look-up: xpc_error=[159: Unknown error: 159]
2026-05-21 01:45:03.598827,Mac Failed Login,70,Medium,Mac Local System,2026-05-21 01:45:03.598 Df ecosystemd[6857:6610d0] [com.apple.xpc:connection] [0x906c89400] invalidated after a failed init
2026-05-21 01:45:03.600972,Mac Failed Login,70,Medium,Mac Local System,2026-05-21 01:45:03.600 E  ecosystemd[6857:6610d0] (EcosystemAnalytics) EcosystemAnalytics.framework:RosettaCoordinator: getCodeSignatureInfo: SecStaticCodeCreate Failed url: <private>
2026-05-21 01:45:03.601592,Mac Failed Login,70,Medium,Mac Local System,2026-05-21 01:45:03.601 Df ecosystemd[6857:6610d0] [com.apple.xpc:connection] [0x906c89400] failed to do a bootstrap look-up: xpc_error=[159: Unknown error: 159]
2026-05-21 01:45:03.601715,Mac Failed Login,70,Medium,Mac Local System,2026-05-21 01:45:03.601 Df ecosystemd[6857:6610d0] [com.apple.xpc:connection] [0x906c89400] invalidated after a failed init
2026-05-21 01:45:03.605595,Mac Failed Login,70,Medium,Mac Local System,2026-05-21 01:45:03.605 E  ecosystemd[6857:6610d0] (EcosystemAnalytics) EcosystemAnalytics.framework:RosettaCoordinator: getCodeSignatureInfo: SecStaticCodeCreate Failed url: <private>
2026-05-21 01:45:03.623114,Mac Failed Login,70,Medium,Mac Local System,2026-05-21 01:45:03.622 Df ecosystemanalyticsd[53070:660b6c] [com.apple.xpc:connection] [0xa56c7c640] failed to do a bootstrap look-up: xpc_error=[159: Unknown error: 159]
2026-05-21 01:45:03.623293,Mac Failed Login,70,Medium,Mac Local System,2026-05-21 01:45:03.622 Df ecosystemanalyticsd[53070:660b6c] [com.apple.xpc:connection] [0xa56c7c640] invalidated after a failed init
2026-05-21 01:45:03.652543,Mac Failed Login,70,Medium,Mac Local System,2026-05-21 01:45:03.652 Df ecosystemd[6857:6610d0] [com.apple.xpc:connection] [0x906c89400] failed to do a bootstrap look-up: xpc_error=[159: Unknown error: 159]
2026-05-21 01:45:03.652696,Mac Failed Login,70,Medium,Mac Local System,2026-05-21 01:45:03.652 Df ecosystemanalyticsd[53070:660b6c] [com.apple.xpc:connection] [0xa56c7c640] failed to do a bootstrap look-up: xpc_error=[159: Unknown error: 159]
2026-05-21 01:45:03.652767,Mac Failed Login,70,Medium,Mac Local System,2026-05-21 01:45:03.652 Df ecosystemd[6857:6610d0] [com.apple.xpc:connection] [0x906c89400] invalidated after a failed init
2026-05-21 01:45:03.652938,Mac Failed Login,70,Medium,Mac Local System,2026-05-21 01:45:03.652 Df ecosystemanalyticsd[53070:660b6c] [com.apple.xpc:connection] [0xa56c7c640] invalidated after a failed init
2026-05-21 01:45:03.655022,Mac Failed Login,70,Medium,Mac Local System,2026-05-21 01:45:03.654 E  ecosystemd[6857:6610d0] (EcosystemAnalytics) EcosystemAnalytics.framework:RosettaCoordinator: getCodeSignatureInfo: SecStaticCodeCreate Failed url: <private>
2026-05-21 01:45:03.655488,Mac Failed Login,70,Medium,Mac Local System,2026-05-21 01:45:03.655 Df ecosystemd[6857:6610d0] [com.apple.xpc:connection] [0x906c89400] failed to do a bootstrap look-up: xpc_error=[159: Unknown error: 159]
2026-05-21 01:45:03.655644,Mac Failed Login,70,Medium,Mac Local System,2026-05-21 01:45:03.655 Df ecosystemd[6857:6610d0] [com.apple.xpc:connection] [0x906c89400] invalidated after a failed init
2026-05-21 01:45:03.657263,Mac Failed Login,70,Medium,Mac Local System,2026-05-21 01:45:03.657 E  ecosystemd[6857:6610d0] (EcosystemAnalytics) EcosystemAnalytics.framework:RosettaCoordinator: getCodeSignatureInfo: SecStaticCodeCreate Failed url: <private>
2026-05-21 01:45:03.667896,Mac Failed Login,70,Medium,Mac Local System,2026-05-21 01:45:03.667 Df ecosystemanalyticsd[53070:660b6c] [com.apple.xpc:connection] [0xa56c7c640] failed to do a bootstrap look-up: xpc_error=[159: Unknown error: 159]
2026-05-21 01:45:03.668046,Mac Failed Login,70,Medium,Mac Local System,2026-05-21 01:45:03.667 Df ecosystemanalyticsd[53070:660b6c] [com.apple.xpc:connection] [0xa56c7c640] invalidated after a failed init
2026-05-21 01:45:03.692542,Mac Failed Login,70,Medium,Mac Local System,2026-05-21 01:45:03.692 Df ecosystemanalyticsd[53070:660b6c] [com.apple.xpc:connection] [0xa56c7c640] failed to do a bootstrap look-up: xpc_error=[159: Unknown error: 159]
2026-05-21 01:45:03.692667,Mac Failed Login,70,Medium,Mac Local System,2026-05-21 01:45:03.692 Df ecosystemanalyticsd[53070:660b6c] [com.apple.xpc:connection] [0xa56c7c640] invalidated after a failed init
2026-05-21 01:45:03.692822,Mac Failed Login,70,Medium,Mac Local System,2026-05-21 01:45:03.692 Df ecosystemd[6857:6610d0] [com.apple.xpc:connection] [0x906c89400] failed to do a bootstrap look-up: xpc_error=[159: Unknown error: 159]
2026-05-21 01:45:03.692885,Mac Failed Login,70,Medium,Mac Local System,2026-05-21 01:45:03.692 Df ecosystemd[6857:6610d0] [com.apple.xpc:connection] [0x906c89400] invalidated after a failed init
2026-05-21 01:45:03.693900,Mac Failed Login,70,Medium,Mac Local System,2026-05-21 01:45:03.693 E  ecosystemd[6857:6610d0] (EcosystemAnalytics) EcosystemAnalytics.framework:RosettaCoordinator: getCodeSignatureInfo: SecStaticCodeCreate Failed url: <private>
2026-05-21 01:45:03.694122,Mac Failed Login,70,Medium,Mac Local System,2026-05-21 01:45:03.694 Df ecosystemd[6857:6610d0] [com.apple.xpc:connection] [0x906c89400] failed to do a bootstrap look-up: xpc_error=[159: Unknown error: 159]
2026-05-21 01:45:03.694177,Mac Failed Login,70,Medium,Mac Local System,2026-05-21 01:45:03.694 Df ecosystemd[6857:6610d0] [com.apple.xpc:connection] [0x906c89400] invalidated after a failed init
2026-05-21 01:45:03.695442,Mac Failed Login,70,Medium,Mac Local System,2026-05-21 01:45:03.695 E  ecosystemd[6857:6610d0] (EcosystemAnalytics) EcosystemAnalytics.framework:RosettaCoordinator: getCodeSignatureInfo: SecStaticCodeCreate Failed url: <private>
2026-05-21 01:45:03.709969,Mac Failed Login,70,Medium,Mac Local System,2026-05-21 01:45:03.709 Df ecosystemanalyticsd[53070:660b6c] [com.apple.xpc:connection] [0xa56c7c640] failed to do a bootstrap look-up: xpc_error=[159: Unknown error: 159]
2026-05-21 01:45:03.710136,Mac Failed Login,70,Medium,Mac Local System,2026-05-21 01:45:03.709 Df ecosystemanalyticsd[53070:660b6c] [com.apple.xpc:connection] [0xa56c7c640] invalidated after a failed init
2026-05-21 01:45:03.738515,Mac Failed Login,70,Medium,Mac Local System,2026-05-21 01:45:03.738 Df ecosystemd[6857:6610d0] [com.apple.xpc:connection] [0x906c89400] failed to do a bootstrap look-up: xpc_error=[159: Unknown error: 159]
2026-05-21 01:45:03.738718,Mac Failed Login,70,Medium,Mac Local System,2026-05-21 01:45:03.738 Df ecosystemd[6857:6610d0] [com.apple.xpc:connection] [0x906c89400] invalidated after a failed init
2026-05-21 01:45:03.739017,Mac Failed Login,70,Medium,Mac Local System,2026-05-21 01:45:03.738 Df ecosystemanalyticsd[53070:660b6c] [com.apple.xpc:connection] [0xa56c7c640] failed to do a bootstrap look-up: xpc_error=[159: Unknown error: 159]
2026-05-21 01:45:03.739108,Mac Failed Login,70,Medium,Mac Local System,2026-05-21 01:45:03.738 Df ecosystemanalyticsd[53070:660b6c] [com.apple.xpc:connection] [0xa56c7c640] invalidated after a failed init
2026-05-21 01:45:03.740871,Mac Failed Login,70,Medium,Mac Local System,2026-05-21 01:45:03.740 E  ecosystemd[6857:6610d0] (EcosystemAnalytics) EcosystemAnalytics.framework:RosettaCoordinator: getCodeSignatureInfo: SecStaticCodeCreate Failed url: <private>
2026-05-21 01:45:03.741372,Mac Failed Login,70,Medium,Mac Local System,2026-05-21 01:45:03.741 Df ecosystemd[6857:6610d0] [com.apple.xpc:connection] [0x906c89400] failed to do a bootstrap look-up: xpc_error=[159: Unknown error: 159]
2026-05-21 01:45:03.741455,Mac Failed Login,70,Medium,Mac Local System,2026-05-21 01:45:03.741 Df ecosystemd[6857:6610d0] [com.apple.xpc:connection] [0x906c89400] invalidated after a failed init
2026-05-21 01:45:03.742908,Mac Failed Login,70,Medium,Mac Local System,2026-05-21 01:45:03.742 E  ecosystemd[6857:6610d0] (EcosystemAnalytics) EcosystemAnalytics.framework:RosettaCoordinator: getCodeSignatureInfo: SecStaticCodeCreate Failed url: <private>
2026-05-21 01:45:03.755959,Mac Failed Login,70,Medium,Mac Local System,2026-05-21 01:45:03.755 Df ecosystemanalyticsd[53070:660b6c] [com.apple.xpc:connection] [0xa56c7c640] failed to do a bootstrap look-up: xpc_error=[159: Unknown error: 159]
2026-05-21 01:45:03.756104,Mac Failed Login,70,Medium,Mac Local System,2026-05-21 01:45:03.755 Df ecosystemanalyticsd[53070:660b6c] [com.apple.xpc:connection] [0xa56c7c640] invalidated after a failed init
2026-05-21 01:45:03.776921,Mac Failed Login,70,Medium,Mac Local System,2026-05-21 01:45:03.776 Df ecosystemd[6857:6610d0] [com.apple.xpc:connection] [0x906c89400] failed to do a bootstrap look-up: xpc_error=[159: Unknown error: 159]
2026-05-21 01:45:03.777047,Mac Failed Login,70,Medium,Mac Local System,2026-05-21 01:45:03.776 Df ecosystemd[6857:6610d0] [com.apple.xpc:connection] [0x906c89400] invalidated after a failed init
2026-05-21 01:45:03.777304,Mac Failed Login,70,Medium,Mac Local System,2026-05-21 01:45:03.776 Df ecosystemanalyticsd[53070:660b6c] [com.apple.xpc:connection] [0xa56c7c640] failed to do a bootstrap look-up: xpc_error=[159: Unknown error: 159]
2026-05-21 01:45:03.777388,Mac Failed Login,70,Medium,Mac Local System,2026-05-21 01:45:03.777 Df ecosystemanalyticsd[53070:660b6c] [com.apple.xpc:connection] [0xa56c7c640] invalidated after a failed init
2026-05-21 01:45:03.779122,Mac Failed Login,70,Medium,Mac Local System,2026-05-21 01:45:03.778 E  ecosystemd[6857:6610d0] (EcosystemAnalytics) EcosystemAnalytics.framework:RosettaCoordinator: getCodeSignatureInfo: SecStaticCodeCreate Failed url: <private>
2026-05-21 01:45:03.780010,Mac Failed Login,70,Medium,Mac Local System,2026-05-21 01:45:03.779 Df ecosystemd[6857:6610d0] [com.apple.xpc:connection] [0x906c89400] failed to do a bootstrap look-up: xpc_error=[159: Unknown error: 159]
2026-05-21 01:45:03.780105,Mac Failed Login,70,Medium,Mac Local System,2026-05-21 01:45:03.779 Df ecosystemd[6857:6610d0] [com.apple.xpc:connection] [0x906c89400] invalidated after a failed init
2026-05-21 01:45:03.781705,Mac Failed Login,70,Medium,Mac Local System,2026-05-21 01:45:03.781 E  ecosystemd[6857:6610d0] (EcosystemAnalytics) EcosystemAnalytics.framework:RosettaCoordinator: getCodeSignatureInfo: SecStaticCodeCreate Failed url: <private>
2026-05-21 01:45:03.793952,Mac Failed Login,70,Medium,Mac Local System,2026-05-21 01:45:03.793 Df ecosystemanalyticsd[53070:660b6c] [com.apple.xpc:connection] [0xa56c7c640] failed to do a bootstrap look-up: xpc_error=[159: Unknown error: 159]
2026-05-21 01:45:03.794058,Mac Failed Login,70,Medium,Mac Local System,2026-05-21 01:45:03.793 Df ecosystemanalyticsd[53070:660b6c] [com.apple.xpc:connection] [0xa56c7c640] invalidated after a failed init
2026-05-21 01:45:03.864060,Mac Failed Login,70,Medium,Mac Local System,2026-05-21 01:45:03.863 Df ecosystemanalyticsd[53070:660b6c] [com.apple.xpc:connection] [0xa56c7c640] failed to do a bootstrap look-up: xpc_error=[159: Unknown error: 159]
2026-05-21 01:45:03.864981,Mac Failed Login,70,Medium,Mac Local System,2026-05-21 01:45:03.864 Df ecosystemd[6857:6610d0] [com.apple.xpc:connection] [0x906c89400] failed to do a bootstrap look-up: xpc_error=[159: Unknown error: 159]
2026-05-21 01:45:03.865137,Mac Failed Login,70,Medium,Mac Local System,2026-05-21 01:45:03.864 Df ecosystemanalyticsd[53070:660b6c] [com.apple.xpc:connection] [0xa56c7c640] invalidated after a failed init
2026-05-21 01:45:03.865844,Mac Failed Login,70,Medium,Mac Local System,2026-05-21 01:45:03.865 Df ecosystemd[6857:6610d0] [com.apple.xpc:connection] [0x906c89400] invalidated after a failed init
2026-05-21 01:45:03.867668,Mac Failed Login,70,Medium,Mac Local System,2026-05-21 01:45:03.867 E  ecosystemd[6857:6610d0] (EcosystemAnalytics) EcosystemAnalytics.framework:RosettaCoordinator: getCodeSignatureInfo: SecStaticCodeCreate Failed url: <private>
2026-05-21 01:45:03.868248,Mac Failed Login,70,Medium,Mac Local System,2026-05-21 01:45:03.868 Df ecosystemd[6857:6610d0] [com.apple.xpc:connection] [0x906c89400] failed to do a bootstrap look-up: xpc_error=[159: Unknown error: 159]
2026-05-21 01:45:03.868320,Mac Failed Login,70,Medium,Mac Local System,2026-05-21 01:45:03.868 Df ecosystemd[6857:6610d0] [com.apple.xpc:connection] [0x906c89400] invalidated after a failed init
2026-05-21 01:45:03.875951,Mac Failed Login,70,Medium,Mac Local System,2026-05-21 01:45:03.875 E  ecosystemd[6857:6610d0] (EcosystemAnalytics) EcosystemAnalytics.framework:RosettaCoordinator: getCodeSignatureInfo: SecStaticCodeCreate Failed url: <private>
2026-05-21 01:45:03.884665,Mac Failed Login,70,Medium,Mac Local System,2026-05-21 01:45:03.884 Df ecosystemanalyticsd[53070:660b6c] [com.apple.xpc:connection] [0xa56c7c640] failed to do a bootstrap look-up: xpc_error=[159: Unknown error: 159]
2026-05-21 01:45:03.884756,Mac Failed Login,70,Medium,Mac Local System,2026-05-21 01:45:03.884 Df ecosystemanalyticsd[53070:660b6c] [com.apple.xpc:connection] [0xa56c7c640] invalidated after a failed init
2026-05-21 01:45:04.010500,Mac Failed Login,70,Medium,Mac Local System,2026-05-21 01:45:04.010 Df ecosystemanalyticsd[53070:660b6c] [com.apple.xpc:connection] [0xa56c7c640] failed to do a bootstrap look-up: xpc_error=[159: Unknown error: 159]
2026-05-21 01:45:04.010645,Mac Failed Login,70,Medium,Mac Local System,2026-05-21 01:45:04.010 Df ecosystemanalyticsd[53070:660b6c] [com.apple.xpc:connection] [0xa56c7c640] invalidated after a failed init
2026-05-21 01:45:04.011679,Mac Failed Login,70,Medium,Mac Local System,2026-05-21 01:45:04.011 Df ecosystemd[6857:6610d0] [com.apple.xpc:connection] [0x906c89400] failed to do a bootstrap look-up: xpc_error=[159: Unknown error: 159]
2026-05-21 01:45:04.011771,Mac Failed Login,70,Medium,Mac Local System,2026-05-21 01:45:04.011 Df ecosystemd[6857:6610d0] [com.apple.xpc:connection] [0x906c89400] invalidated after a failed init
2026-05-21 01:45:04.014039,Mac Failed Login,70,Medium,Mac Local System,2026-05-21 01:45:04.013 E  ecosystemd[6857:6610d0] (EcosystemAnalytics) EcosystemAnalytics.framework:RosettaCoordinator: getCodeSignatureInfo: SecStaticCodeCreate Failed url: <private>
2026-05-21 01:45:04.015102,Mac Failed Login,70,Medium,Mac Local System,2026-05-21 01:45:04.014 Df ecosystemd[6857:6610d0] [com.apple.xpc:connection] [0x906c89400] failed to do a bootstrap look-up: xpc_error=[159: Unknown error: 159]
2026-05-21 01:45:04.015217,Mac Failed Login,70,Medium,Mac Local System,2026-05-21 01:45:04.014 Df ecosystemd[6857:6610d0] [com.apple.xpc:connection] [0x906c89400] invalidated after a failed init
2026-05-21 01:45:04.017855,Mac Failed Login,70,Medium,Mac Local System,2026-05-21 01:45:04.017 E  ecosystemd[6857:6610d0] (EcosystemAnalytics) EcosystemAnalytics.framework:RosettaCoordinator: getCodeSignatureInfo: SecStaticCodeCreate Failed url: <private>
2026-05-21 01:45:04.034655,Mac Failed Login,70,Medium,Mac Local System,2026-05-21 01:45:04.034 Df ecosystemanalyticsd[53070:660b6c] [com.apple.xpc:connection] [0xa56c7c640] failed to do a bootstrap look-up: xpc_error=[159: Unknown error: 159]
2026-05-21 01:45:04.034788,Mac Failed Login,70,Medium,Mac Local System,2026-05-21 01:45:04.034 Df ecosystemanalyticsd[53070:660b6c] [com.apple.xpc:connection] [0xa56c7c640] invalidated after a failed init
2026-05-21 01:45:04.064759,Mac Failed Login,70,Medium,Mac Local System,2026-05-21 01:45:04.064 Df ecosystemd[6857:6610d0] [com.apple.xpc:connection] [0x906c89400] failed to do a bootstrap look-up: xpc_error=[159: Unknown error: 159]
2026-05-21 01:45:04.064918,Mac Failed Login,70,Medium,Mac Local System,2026-05-21 01:45:04.064 Df ecosystemd[6857:6610d0] [com.apple.xpc:connection] [0x906c89400] invalidated after a failed init
2026-05-21 01:45:04.064984,Mac Failed Login,70,Medium,Mac Local System,2026-05-21 01:45:04.064 Df ecosystemanalyticsd[53070:660b6c] [com.apple.xpc:connection] [0xa56c7c640] failed to do a bootstrap look-up: xpc_error=[159: Unknown error: 159]
2026-05-21 01:45:04.065056,Mac Failed Login,70,Medium,Mac Local System,2026-05-21 01:45:04.064 Df ecosystemanalyticsd[53070:660b6c] [com.apple.xpc:connection] [0xa56c7c640] invalidated after a failed init
2026-05-21 01:45:04.066530,Mac Failed Login,70,Medium,Mac Local System,2026-05-21 01:45:04.066 E  ecosystemd[6857:6610d0] (EcosystemAnalytics) EcosystemAnalytics.framework:RosettaCoordinator: getCodeSignatureInfo: SecStaticCodeCreate Failed url: <private>
2026-05-21 01:45:04.067038,Mac Failed Login,70,Medium,Mac Local System,2026-05-21 01:45:04.066 Df ecosystemd[6857:6610d0] [com.apple.xpc:connection] [0x906c89400] failed to do a bootstrap look-up: xpc_error=[159: Unknown error: 159]
2026-05-21 01:45:04.067112,Mac Failed Login,70,Medium,Mac Local System,2026-05-21 01:45:04.066 Df ecosystemd[6857:6610d0] [com.apple.xpc:connection] [0x906c89400] invalidated after a failed init
2026-05-21 01:45:04.068406,Mac Failed Login,70,Medium,Mac Local System,2026-05-21 01:45:04.068 E  ecosystemd[6857:6610d0] (EcosystemAnalytics) EcosystemAnalytics.framework:RosettaCoordinator: getCodeSignatureInfo: SecStaticCodeCreate Failed url: <private>
2026-05-21 01:45:04.079197,Mac Failed Login,70,Medium,Mac Local System,2026-05-21 01:45:04.078 Df ecosystemanalyticsd[53070:660b6c] [com.apple.xpc:connection] [0xa56c7c640] failed to do a bootstrap look-up: xpc_error=[159: Unknown error: 159]
2026-05-21 01:45:04.079432,Mac Failed Login,70,Medium,Mac Local System,2026-05-21 01:45:04.079 Df ecosystemanalyticsd[53070:660b6c] [com.apple.xpc:connection] [0xa56c7c640] invalidated after a failed init
2026-05-21 01:45:04.098187,Mac Failed Login,70,Medium,Mac Local System,2026-05-21 01:45:04.098 Df ecosystemanalyticsd[53070:660b6c] [com.apple.xpc:connection] [0xa56c7c640] failed to do a bootstrap look-up: xpc_error=[159: Unknown error: 159]
2026-05-21 01:45:04.098510,Mac Failed Login,70,Medium,Mac Local System,2026-05-21 01:45:04.098 Df ecosystemanalyticsd[53070:660b6c] [com.apple.xpc:connection] [0xa56c7c640] invalidated after a failed init
2026-05-21 01:45:04.098575,Mac Failed Login,70,Medium,Mac Local System,2026-05-21 01:45:04.098 Df ecosystemd[6857:6610d0] [com.apple.xpc:connection] [0x906c89400] failed to do a bootstrap look-up: xpc_error=[159: Unknown error: 159]
2026-05-21 01:45:04.098622,Mac Failed Login,70,Medium,Mac Local System,2026-05-21 01:45:04.098 Df ecosystemd[6857:6610d0] [com.apple.xpc:connection] [0x906c89400] invalidated after a failed init
2026-05-21 01:45:04.099852,Mac Failed Login,70,Medium,Mac Local System,2026-05-21 01:45:04.099 E  ecosystemd[6857:6610d0] (EcosystemAnalytics) EcosystemAnalytics.framework:RosettaCoordinator: getCodeSignatureInfo: SecStaticCodeCreate Failed url: <private>
2026-05-21 01:45:04.100251,Mac Failed Login,70,Medium,Mac Local System,2026-05-21 01:45:04.100 Df ecosystemd[6857:6610d0] [com.apple.xpc:connection] [0x906c89400] failed to do a bootstrap look-up: xpc_error=[159: Unknown error: 159]
2026-05-21 01:45:04.100326,Mac Failed Login,70,Medium,Mac Local System,2026-05-21 01:45:04.100 Df ecosystemd[6857:6610d0] [com.apple.xpc:connection] [0x906c89400] invalidated after a failed init
2026-05-21 01:45:04.101225,Mac Failed Login,70,Medium,Mac Local System,2026-05-21 01:45:04.101 E  ecosystemd[6857:6610d0] (EcosystemAnalytics) EcosystemAnalytics.framework:RosettaCoordinator: getCodeSignatureInfo: SecStaticCodeCreate Failed url: <private>
2026-05-21 01:45:04.111637,Mac Failed Login,70,Medium,Mac Local System,2026-05-21 01:45:04.111 Df ecosystemanalyticsd[53070:660b6c] [com.apple.xpc:connection] [0xa56c7c640] failed to do a bootstrap look-up: xpc_error=[159: Unknown error: 159]
2026-05-21 01:45:04.111792,Mac Failed Login,70,Medium,Mac Local System,2026-05-21 01:45:04.111 Df ecosystemanalyticsd[53070:660b6c] [com.apple.xpc:connection] [0xa56c7c640] invalidated after a failed init
2026-05-21 01:45:04.138015,Mac Failed Login,70,Medium,Mac Local System,2026-05-21 01:45:04.137 Df ecosystemanalyticsd[53070:660b6c] [com.apple.xpc:connection] [0xa56c7c640] failed to do a bootstrap look-up: xpc_error=[159: Unknown error: 159]
2026-05-21 01:45:04.138222,Mac Failed Login,70,Medium,Mac Local System,2026-05-21 01:45:04.137 Df ecosystemanalyticsd[53070:660b6c] [com.apple.xpc:connection] [0xa56c7c640] invalidated after a failed init
2026-05-21 01:45:04.138293,Mac Failed Login,70,Medium,Mac Local System,2026-05-21 01:45:04.138 Df ecosystemd[6857:6610d0] [com.apple.xpc:connection] [0x906c89400] failed to do a bootstrap look-up: xpc_error=[159: Unknown error: 159]
2026-05-21 01:45:04.138363,Mac Failed Login,70,Medium,Mac Local System,2026-05-21 01:45:04.138 Df ecosystemd[6857:6610d0] [com.apple.xpc:connection] [0x906c89400] invalidated after a failed init
2026-05-21 01:45:04.139932,Mac Failed Login,70,Medium,Mac Local System,2026-05-21 01:45:04.139 E  ecosystemd[6857:6610d0] (EcosystemAnalytics) EcosystemAnalytics.framework:RosettaCoordinator: getCodeSignatureInfo: SecStaticCodeCreate Failed url: <private>
2026-05-21 01:45:04.140552,Mac Failed Login,70,Medium,Mac Local System,2026-05-21 01:45:04.140 Df ecosystemd[6857:6610d0] [com.apple.xpc:connection] [0x906c89400] failed to do a bootstrap look-up: xpc_error=[159: Unknown error: 159]
2026-05-21 01:45:04.140677,Mac Failed Login,70,Medium,Mac Local System,2026-05-21 01:45:04.140 Df ecosystemd[6857:6610d0] [com.apple.xpc:connection] [0x906c89400] invalidated after a failed init
2026-05-21 01:45:04.142509,Mac Failed Login,70,Medium,Mac Local System,2026-05-21 01:45:04.142 E  ecosystemd[6857:6610d0] (EcosystemAnalytics) EcosystemAnalytics.framework:RosettaCoordinator: getCodeSignatureInfo: SecStaticCodeCreate Failed url: <private>
2026-05-21 01:45:04.154159,Mac Failed Login,70,Medium,Mac Local System,2026-05-21 01:45:04.153 Df ecosystemanalyticsd[53070:660b6c] [com.apple.xpc:connection] [0xa56c7c640] failed to do a bootstrap look-up: xpc_error=[159: Unknown error: 159]
2026-05-21 01:45:04.154273,Mac Failed Login,70,Medium,Mac Local System,2026-05-21 01:45:04.154 Df ecosystemanalyticsd[53070:660b6c] [com.apple.xpc:connection] [0xa56c7c640] invalidated after a failed init
2026-05-21 01:45:04.174916,Mac Failed Login,70,Medium,Mac Local System,2026-05-21 01:45:04.174 Df ecosystemanalyticsd[53070:660b6c] [com.apple.xpc:connection] [0xa56c7c640] failed to do a bootstrap look-up: xpc_error=[159: Unknown error: 159]
2026-05-21 01:45:04.175113,Mac Failed Login,70,Medium,Mac Local System,2026-05-21 01:45:04.174 Df ecosystemanalyticsd[53070:660b6c] [com.apple.xpc:connection] [0xa56c7c640] invalidated after a failed init
2026-05-21 01:45:04.175313,Mac Failed Login,70,Medium,Mac Local System,2026-05-21 01:45:04.175 Df ecosystemd[6857:6610d0] [com.apple.xpc:connection] [0x906c89400] failed to do a bootstrap look-up: xpc_error=[159: Unknown error: 159]
2026-05-21 01:45:04.175395,Mac Failed Login,70,Medium,Mac Local System,2026-05-21 01:45:04.175 Df ecosystemd[6857:6610d0] [com.apple.xpc:connection] [0x906c89400] invalidated after a failed init
2026-05-21 01:45:04.177417,Mac Failed Login,70,Medium,Mac Local System,2026-05-21 01:45:04.177 E  ecosystemd[6857:6610d0] (EcosystemAnalytics) EcosystemAnalytics.framework:RosettaCoordinator: getCodeSignatureInfo: SecStaticCodeCreate Failed url: <private>
2026-05-21 01:45:04.178078,Mac Failed Login,70,Medium,Mac Local System,2026-05-21 01:45:04.177 Df ecosystemd[6857:6610d0] [com.apple.xpc:connection] [0x906c89400] failed to do a bootstrap look-up: xpc_error=[159: Unknown error: 159]
2026-05-21 01:45:04.178175,Mac Failed Login,70,Medium,Mac Local System,2026-05-21 01:45:04.177 Df ecosystemd[6857:6610d0] [com.apple.xpc:connection] [0x906c89400] invalidated after a failed init
2026-05-21 01:45:04.180607,Mac Failed Login,70,Medium,Mac Local System,2026-05-21 01:45:04.180 E  ecosystemd[6857:6610d0] (EcosystemAnalytics) EcosystemAnalytics.framework:RosettaCoordinator: getCodeSignatureInfo: SecStaticCodeCreate Failed url: <private>
2026-05-21 01:45:04.194417,Mac Failed Login,70,Medium,Mac Local System,2026-05-21 01:45:04.194 Df ecosystemanalyticsd[53070:660b6c] [com.apple.xpc:connection] [0xa56c7c640] failed to do a bootstrap look-up: xpc_error=[159: Unknown error: 159]
2026-05-21 01:45:04.194608,Mac Failed Login,70,Medium,Mac Local System,2026-05-21 01:45:04.194 Df ecosystemanalyticsd[53070:660b6c] [com.apple.xpc:connection] [0xa56c7c640] invalidated after a failed init
2026-05-21 01:45:04.221102,Mac Failed Login,70,Medium,Mac Local System,2026-05-21 01:45:04.220 Df ecosystemanalyticsd[53070:660b6c] [com.apple.xpc:connection] [0xa56c7c640] failed to do a bootstrap look-up: xpc_error=[159: Unknown error: 159]
2026-05-21 01:45:04.221267,Mac Failed Login,70,Medium,Mac Local System,2026-05-21 01:45:04.220 Df ecosystemanalyticsd[53070:660b6c] [com.apple.xpc:connection] [0xa56c7c640] invalidated after a failed init
2026-05-21 01:45:04.221377,Mac Failed Login,70,Medium,Mac Local System,2026-05-21 01:45:04.220 Df ecosystemd[6857:6610d0] [com.apple.xpc:connection] [0x906c89400] failed to do a bootstrap look-up: xpc_error=[159: Unknown error: 159]
2026-05-21 01:45:04.221439,Mac Failed Login,70,Medium,Mac Local System,2026-05-21 01:45:04.221 Df ecosystemd[6857:6610d0] [com.apple.xpc:connection] [0x906c89400] invalidated after a failed init
2026-05-21 01:45:04.222922,Mac Failed Login,70,Medium,Mac Local System,2026-05-21 01:45:04.222 E  ecosystemd[6857:6610d0] (EcosystemAnalytics) EcosystemAnalytics.framework:RosettaCoordinator: getCodeSignatureInfo: SecStaticCodeCreate Failed url: <private>
2026-05-21 01:45:04.223697,Mac Failed Login,70,Medium,Mac Local System,2026-05-21 01:45:04.223 Df ecosystemd[6857:6610d0] [com.apple.xpc:connection] [0x906c89400] failed to do a bootstrap look-up: xpc_error=[159: Unknown error: 159]
2026-05-21 01:45:04.223816,Mac Failed Login,70,Medium,Mac Local System,2026-05-21 01:45:04.223 Df ecosystemd[6857:6610d0] [com.apple.xpc:connection] [0x906c89400] invalidated after a failed init
2026-05-21 01:45:04.225808,Mac Failed Login,70,Medium,Mac Local System,2026-05-21 01:45:04.225 E  ecosystemd[6857:6610d0] (EcosystemAnalytics) EcosystemAnalytics.framework:RosettaCoordinator: getCodeSignatureInfo: SecStaticCodeCreate Failed url: <private>
2026-05-21 01:45:04.239715,Mac Failed Login,70,Medium,Mac Local System,2026-05-21 01:45:04.239 Df ecosystemanalyticsd[53070:660b6c] [com.apple.xpc:connection] [0xa56c7c640] failed to do a bootstrap look-up: xpc_error=[159: Unknown error: 159]
2026-05-21 01:45:04.239902,Mac Failed Login,70,Medium,Mac Local System,2026-05-21 01:45:04.239 Df ecosystemanalyticsd[53070:660b6c] [com.apple.xpc:connection] [0xa56c7c640] invalidated after a failed init
2026-05-21 01:45:04.266168,Mac Failed Login,70,Medium,Mac Local System,2026-05-21 01:45:04.265 Df ecosystemanalyticsd[53070:660b6c] [com.apple.xpc:connection] [0xa56c7c640] failed to do a bootstrap look-up: xpc_error=[159: Unknown error: 159]
2026-05-21 01:45:04.266318,Mac Failed Login,70,Medium,Mac Local System,2026-05-21 01:45:04.266 Df ecosystemanalyticsd[53070:660b6c] [com.apple.xpc:connection] [0xa56c7c640] invalidated after a failed init
2026-05-21 01:45:04.266484,Mac Failed Login,70,Medium,Mac Local System,2026-05-21 01:45:04.266 Df ecosystemd[6857:6610d0] [com.apple.xpc:connection] [0x906c89400] failed to do a bootstrap look-up: xpc_error=[159: Unknown error: 159]
2026-05-21 01:45:04.266611,Mac Failed Login,70,Medium,Mac Local System,2026-05-21 01:45:04.266 Df ecosystemd[6857:6610d0] [com.apple.xpc:connection] [0x906c89400] invalidated after a failed init
2026-05-21 01:45:04.268122,Mac Failed Login,70,Medium,Mac Local System,2026-05-21 01:45:04.267 E  ecosystemd[6857:6610d0] (EcosystemAnalytics) EcosystemAnalytics.framework:RosettaCoordinator: getCodeSignatureInfo: SecStaticCodeCreate Failed url: <private>
2026-05-21 01:45:04.268652,Mac Failed Login,70,Medium,Mac Local System,2026-05-21 01:45:04.268 Df ecosystemd[6857:6610d0] [com.apple.xpc:connection] [0x906c89400] failed to do a bootstrap look-up: xpc_error=[159: Unknown error: 159]
2026-05-21 01:45:04.268728,Mac Failed Login,70,Medium,Mac Local System,2026-05-21 01:45:04.268 Df ecosystemd[6857:6610d0] [com.apple.xpc:connection] [0x906c89400] invalidated after a failed init
2026-05-21 01:45:04.269854,Mac Failed Login,70,Medium,Mac Local System,2026-05-21 01:45:04.269 E  ecosystemd[6857:6610d0] (EcosystemAnalytics) EcosystemAnalytics.framework:RosettaCoordinator: getCodeSignatureInfo: SecStaticCodeCreate Failed url: <private>
2026-05-21 01:45:04.281289,Mac Failed Login,70,Medium,Mac Local System,2026-05-21 01:45:04.281 Df ecosystemanalyticsd[53070:660b6c] [com.apple.xpc:connection] [0xa56c7c640] failed to do a bootstrap look-up: xpc_error=[159: Unknown error: 159]
2026-05-21 01:45:04.281511,Mac Failed Login,70,Medium,Mac Local System,2026-05-21 01:45:04.281 Df ecosystemanalyticsd[53070:660b6c] [com.apple.xpc:connection] [0xa56c7c640] invalidated after a failed init
2026-05-21 01:45:04.303707,Mac Failed Login,70,Medium,Mac Local System,2026-05-21 01:45:04.303 Df ecosystemanalyticsd[53070:660b6c] [com.apple.xpc:connection] [0xa56c7c640] failed to do a bootstrap look-up: xpc_error=[159: Unknown error: 159]
2026-05-21 01:45:04.303932,Mac Failed Login,70,Medium,Mac Local System,2026-05-21 01:45:04.303 Df ecosystemanalyticsd[53070:660b6c] [com.apple.xpc:connection] [0xa56c7c640] invalidated after a failed init
2026-05-21 01:45:04.304153,Mac Failed Login,70,Medium,Mac Local System,2026-05-21 01:45:04.303 Df ecosystemd[6857:6610d0] [com.apple.xpc:connection] [0x906c89400] failed to do a bootstrap look-up: xpc_error=[159: Unknown error: 159]
2026-05-21 01:45:04.304209,Mac Failed Login,70,Medium,Mac Local System,2026-05-21 01:45:04.304 Df ecosystemd[6857:6610d0] [com.apple.xpc:connection] [0x906c89400] invalidated after a failed init
2026-05-21 01:45:04.306109,Mac Failed Login,70,Medium,Mac Local System,2026-05-21 01:45:04.305 E  ecosystemd[6857:6610d0] (EcosystemAnalytics) EcosystemAnalytics.framework:RosettaCoordinator: getCodeSignatureInfo: SecStaticCodeCreate Failed url: <private>
2026-05-21 01:45:04.306766,Mac Failed Login,70,Medium,Mac Local System,2026-05-21 01:45:04.306 Df ecosystemd[6857:6610d0] [com.apple.xpc:connection] [0x906c89400] failed to do a bootstrap look-up: xpc_error=[159: Unknown error: 159]
2026-05-21 01:45:04.306883,Mac Failed Login,70,Medium,Mac Local System,2026-05-21 01:45:04.306 Df ecosystemd[6857:6610d0] [com.apple.xpc:connection] [0x906c89400] invalidated after a failed init
2026-05-21 01:45:04.308924,Mac Failed Login,70,Medium,Mac Local System,2026-05-21 01:45:04.308 E  ecosystemd[6857:6610d0] (EcosystemAnalytics) EcosystemAnalytics.framework:RosettaCoordinator: getCodeSignatureInfo: SecStaticCodeCreate Failed url: <private>
2026-05-21 01:45:04.323977,Mac Failed Login,70,Medium,Mac Local System,2026-05-21 01:45:04.323 Df ecosystemanalyticsd[53070:660b6c] [com.apple.xpc:connection] [0xa56c7c640] failed to do a bootstrap look-up: xpc_error=[159: Unknown error: 159]
2026-05-21 01:45:04.324173,Mac Failed Login,70,Medium,Mac Local System,2026-05-21 01:45:04.323 Df ecosystemanalyticsd[53070:660b6c] [com.apple.xpc:connection] [0xa56c7c640] invalidated after a failed init
2026-05-21 01:45:04.352922,Mac Failed Login,70,Medium,Mac Local System,2026-05-21 01:45:04.352 Df ecosystemanalyticsd[53070:660b6c] [com.apple.xpc:connection] [0xa56c7c640] failed to do a bootstrap look-up: xpc_error=[159: Unknown error: 159]
2026-05-21 01:45:04.353118,Mac Failed Login,70,Medium,Mac Local System,2026-05-21 01:45:04.352 Df ecosystemanalyticsd[53070:660b6c] [com.apple.xpc:connection] [0xa56c7c640] invalidated after a failed init
2026-05-21 01:45:04.353307,Mac Failed Login,70,Medium,Mac Local System,2026-05-21 01:45:04.353 Df ecosystemd[6857:6610d0] [com.apple.xpc:connection] [0x906c89400] failed to do a bootstrap look-up: xpc_error=[159: Unknown error: 159]
2026-05-21 01:45:04.353385,Mac Failed Login,70,Medium,Mac Local System,2026-05-21 01:45:04.353 Df ecosystemd[6857:6610d0] [com.apple.xpc:connection] [0x906c89400] invalidated after a failed init
2026-05-21 01:45:04.355172,Mac Failed Login,70,Medium,Mac Local System,2026-05-21 01:45:04.354 E  ecosystemd[6857:6610d0] (EcosystemAnalytics) EcosystemAnalytics.framework:RosettaCoordinator: getCodeSignatureInfo: SecStaticCodeCreate Failed url: <private>
2026-05-21 01:45:04.355743,Mac Failed Login,70,Medium,Mac Local System,2026-05-21 01:45:04.355 Df ecosystemd[6857:6610d0] [com.apple.xpc:connection] [0x906c89400] failed to do a bootstrap look-up: xpc_error=[159: Unknown error: 159]
2026-05-21 01:45:04.355843,Mac Failed Login,70,Medium,Mac Local System,2026-05-21 01:45:04.355 Df ecosystemd[6857:6610d0] [com.apple.xpc:connection] [0x906c89400] invalidated after a failed init
2026-05-21 01:45:04.357314,Mac Failed Login,70,Medium,Mac Local System,2026-05-21 01:45:04.357 E  ecosystemd[6857:6610d0] (EcosystemAnalytics) EcosystemAnalytics.framework:RosettaCoordinator: getCodeSignatureInfo: SecStaticCodeCreate Failed url: <private>
2026-05-21 01:45:04.371879,Mac Failed Login,70,Medium,Mac Local System,2026-05-21 01:45:04.371 Df ecosystemanalyticsd[53070:660b6c] [com.apple.xpc:connection] [0xa56c7c640] failed to do a bootstrap look-up: xpc_error=[159: Unknown error: 159]
2026-05-21 01:45:04.372125,Mac Failed Login,70,Medium,Mac Local System,2026-05-21 01:45:04.371 Df ecosystemanalyticsd[53070:660b6c] [com.apple.xpc:connection] [0xa56c7c640] invalidated after a failed init
2026-05-21 01:45:04.405345,Mac Failed Login,70,Medium,Mac Local System,2026-05-21 01:45:04.405 Df ecosystemanalyticsd[53070:660b6c] [com.apple.xpc:connection] [0xa56c7c640] failed to do a bootstrap look-up: xpc_error=[159: Unknown error: 159]
2026-05-21 01:45:04.405515,Mac Failed Login,70,Medium,Mac Local System,2026-05-21 01:45:04.405 Df ecosystemanalyticsd[53070:660b6c] [com.apple.xpc:connection] [0xa56c7c640] invalidated after a failed init
2026-05-21 01:45:04.405683,Mac Failed Login,70,Medium,Mac Local System,2026-05-21 01:45:04.405 Df ecosystemd[6857:6610d0] [com.apple.xpc:connection] [0x906c89400] failed to do a bootstrap look-up: xpc_error=[159: Unknown error: 159]
2026-05-21 01:45:04.405763,Mac Failed Login,70,Medium,Mac Local System,2026-05-21 01:45:04.405 Df ecosystemd[6857:6610d0] [com.apple.xpc:connection] [0x906c89400] invalidated after a failed init
2026-05-21 01:45:04.408006,Mac Failed Login,70,Medium,Mac Local System,2026-05-21 01:45:04.407 E  ecosystemd[6857:6610d0] (EcosystemAnalytics) EcosystemAnalytics.framework:RosettaCoordinator: getCodeSignatureInfo: SecStaticCodeCreate Failed url: <private>
2026-05-21 01:45:04.408746,Mac Failed Login,70,Medium,Mac Local System,2026-05-21 01:45:04.408 Df ecosystemd[6857:6610d0] [com.apple.xpc:connection] [0x906c89400] failed to do a bootstrap look-up: xpc_error=[159: Unknown error: 159]
2026-05-21 01:45:04.408885,Mac Failed Login,70,Medium,Mac Local System,2026-05-21 01:45:04.408 Df ecosystemd[6857:6610d0] [com.apple.xpc:connection] [0x906c89400] invalidated after a failed init
2026-05-21 01:45:04.411618,Mac Failed Login,70,Medium,Mac Local System,2026-05-21 01:45:04.411 E  ecosystemd[6857:6610d0] (EcosystemAnalytics) EcosystemAnalytics.framework:RosettaCoordinator: getCodeSignatureInfo: SecStaticCodeCreate Failed url: <private>
2026-05-21 01:45:04.433437,Mac Failed Login,70,Medium,Mac Local System,2026-05-21 01:45:04.433 Df ecosystemanalyticsd[53070:660b6c] [com.apple.xpc:connection] [0xa56c7c640] failed to do a bootstrap look-up: xpc_error=[159: Unknown error: 159]
2026-05-21 01:45:04.433554,Mac Failed Login,70,Medium,Mac Local System,2026-05-21 01:45:04.433 Df ecosystemanalyticsd[53070:660b6c] [com.apple.xpc:connection] [0xa56c7c640] invalidated after a failed init
2026-05-21 01:45:04.460385,Mac Failed Login,70,Medium,Mac Local System,2026-05-21 01:45:04.460 Df ecosystemanalyticsd[53070:660b6c] [com.apple.xpc:connection] [0xa56c7c640] failed to do a bootstrap look-up: xpc_error=[159: Unknown error: 159]
2026-05-21 01:45:04.460605,Mac Failed Login,70,Medium,Mac Local System,2026-05-21 01:45:04.460 Df ecosystemanalyticsd[53070:660b6c] [com.apple.xpc:connection] [0xa56c7c640] invalidated after a failed init
2026-05-21 01:45:04.461013,Mac Failed Login,70,Medium,Mac Local System,2026-05-21 01:45:04.460 Df ecosystemd[6857:6610d0] [com.apple.xpc:connection] [0x906c89400] failed to do a bootstrap look-up: xpc_error=[159: Unknown error: 159]
2026-05-21 01:45:04.461111,Mac Failed Login,70,Medium,Mac Local System,2026-05-21 01:45:04.460 Df ecosystemd[6857:6610d0] [com.apple.xpc:connection] [0x906c89400] invalidated after a failed init
2026-05-21 01:45:04.464094,Mac Failed Login,70,Medium,Mac Local System,2026-05-21 01:45:04.463 E  ecosystemd[6857:6610d0] (EcosystemAnalytics) EcosystemAnalytics.framework:RosettaCoordinator: getCodeSignatureInfo: SecStaticCodeCreate Failed url: <private>
2026-05-21 01:45:04.466882,Mac Failed Login,70,Medium,Mac Local System,2026-05-21 01:45:04.465 Df ecosystemd[6857:6610d0] [com.apple.xpc:connection] [0x906c89400] failed to do a bootstrap look-up: xpc_error=[159: Unknown error: 159]
2026-05-21 01:45:04.467065,Mac Failed Login,70,Medium,Mac Local System,2026-05-21 01:45:04.466 Df ecosystemd[6857:6610d0] [com.apple.xpc:connection] [0x906c89400] invalidated after a failed init
2026-05-21 01:45:04.469264,Mac Failed Login,70,Medium,Mac Local System,2026-05-21 01:45:04.469 E  ecosystemd[6857:6610d0] (EcosystemAnalytics) EcosystemAnalytics.framework:RosettaCoordinator: getCodeSignatureInfo: SecStaticCodeCreate Failed url: <private>
2026-05-21 01:45:04.486285,Mac Failed Login,70,Medium,Mac Local System,2026-05-21 01:45:04.486 Df ecosystemanalyticsd[53070:660b6c] [com.apple.xpc:connection] [0xa56c7c640] failed to do a bootstrap look-up: xpc_error=[159: Unknown error: 159]
2026-05-21 01:45:04.486447,Mac Failed Login,70,Medium,Mac Local System,2026-05-21 01:45:04.486 Df ecosystemanalyticsd[53070:660b6c] [com.apple.xpc:connection] [0xa56c7c640] invalidated after a failed init
2026-05-21 01:45:04.509422,Mac Failed Login,70,Medium,Mac Local System,2026-05-21 01:45:04.509 Df ecosystemanalyticsd[53070:660b6c] [com.apple.xpc:connection] [0xa56c7c640] failed to do a bootstrap look-up: xpc_error=[159: Unknown error: 159]
2026-05-21 01:45:04.509522,Mac Failed Login,70,Medium,Mac Local System,2026-05-21 01:45:04.509 Df ecosystemd[6857:6610d0] [com.apple.xpc:connection] [0x906c89400] failed to do a bootstrap look-up: xpc_error=[159: Unknown error: 159]
2026-05-21 01:45:04.509554,Mac Failed Login,70,Medium,Mac Local System,2026-05-21 01:45:04.509 Df ecosystemd[6857:6610d0] [com.apple.xpc:connection] [0x906c89400] invalidated after a failed init
2026-05-21 01:45:04.509589,Mac Failed Login,70,Medium,Mac Local System,2026-05-21 01:45:04.509 Df ecosystemanalyticsd[53070:660b6c] [com.apple.xpc:connection] [0xa56c7c640] invalidated after a failed init
2026-05-21 01:45:04.511046,Mac Failed Login,70,Medium,Mac Local System,2026-05-21 01:45:04.510 E  ecosystemd[6857:6610d0] (EcosystemAnalytics) EcosystemAnalytics.framework:RosettaCoordinator: getCodeSignatureInfo: SecStaticCodeCreate Failed url: <private>
2026-05-21 01:45:04.512280,Mac Failed Login,70,Medium,Mac Local System,2026-05-21 01:45:04.511 Df ecosystemd[6857:6610d0] [com.apple.xpc:connection] [0x906c89400] failed to do a bootstrap look-up: xpc_error=[159: Unknown error: 159]
2026-05-21 01:45:04.512391,Mac Failed Login,70,Medium,Mac Local System,2026-05-21 01:45:04.511 Df ecosystemd[6857:6610d0] [com.apple.xpc:connection] [0x906c89400] invalidated after a failed init
2026-05-21 01:45:04.516141,Mac Failed Login,70,Medium,Mac Local System,2026-05-21 01:45:04.515 E  ecosystemd[6857:6610d0] (EcosystemAnalytics) EcosystemAnalytics.framework:RosettaCoordinator: getCodeSignatureInfo: SecStaticCodeCreate Failed url: <private>
2026-05-21 01:45:04.529445,Mac Failed Login,70,Medium,Mac Local System,2026-05-21 01:45:04.529 Df ecosystemanalyticsd[53070:660b6c] [com.apple.xpc:connection] [0xa56c7c640] failed to do a bootstrap look-up: xpc_error=[159: Unknown error: 159]
2026-05-21 01:45:04.529598,Mac Failed Login,70,Medium,Mac Local System,2026-05-21 01:45:04.529 Df ecosystemanalyticsd[53070:660b6c] [com.apple.xpc:connection] [0xa56c7c640] invalidated after a failed init
2026-05-21 01:45:04.567522,Mac Failed Login,70,Medium,Mac Local System,2026-05-21 01:45:04.567 Df ecosystemanalyticsd[53070:660b6c] [com.apple.xpc:connection] [0xa56c7c640] failed to do a bootstrap look-up: xpc_error=[159: Unknown error: 159]
2026-05-21 01:45:04.567667,Mac Failed Login,70,Medium,Mac Local System,2026-05-21 01:45:04.567 Df ecosystemanalyticsd[53070:660b6c] [com.apple.xpc:connection] [0xa56c7c640] invalidated after a failed init
2026-05-21 01:45:04.567853,Mac Failed Login,70,Medium,Mac Local System,2026-05-21 01:45:04.567 Df ecosystemd[6857:6610d0] [com.apple.xpc:connection] [0x906c89400] failed to do a bootstrap look-up: xpc_error=[159: Unknown error: 159]
2026-05-21 01:45:04.567909,Mac Failed Login,70,Medium,Mac Local System,2026-05-21 01:45:04.567 Df ecosystemd[6857:6610d0] [com.apple.xpc:connection] [0x906c89400] invalidated after a failed init
2026-05-21 01:45:04.569609,Mac Failed Login,70,Medium,Mac Local System,2026-05-21 01:45:04.569 E  ecosystemd[6857:6610d0] (EcosystemAnalytics) EcosystemAnalytics.framework:RosettaCoordinator: getCodeSignatureInfo: SecStaticCodeCreate Failed url: <private>
2026-05-21 01:45:04.569976,Mac Failed Login,70,Medium,Mac Local System,2026-05-21 01:45:04.569 E  ecosystemanalyticsd[53070:660b6c] (EcosystemAnalytics) EcosystemAnalytics.framework:RosettaCoordinator: getCodeSignatureInfo: SecStaticCodeCreate Failed url: <private>
2026-05-21 01:45:04.570717,Mac Failed Login,70,Medium,Mac Local System,2026-05-21 01:45:04.570 Df ecosystemd[6857:6610d0] [com.apple.xpc:connection] [0x906c89400] failed to do a bootstrap look-up: xpc_error=[159: Unknown error: 159]
2026-05-21 01:45:04.570837,Mac Failed Login,70,Medium,Mac Local System,2026-05-21 01:45:04.570 Df ecosystemd[6857:6610d0] [com.apple.xpc:connection] [0x906c89400] invalidated after a failed init
2026-05-21 01:45:04.572757,Mac Failed Login,70,Medium,Mac Local System,2026-05-21 01:45:04.572 E  ecosystemd[6857:6610d0] (EcosystemAnalytics) EcosystemAnalytics.framework:RosettaCoordinator: getCodeSignatureInfo: SecStaticCodeCreate Failed url: <private>
2026-05-21 01:45:04.583000,Mac Failed Login,70,Medium,Mac Local System,2026-05-21 01:45:04.582 Df ecosystemanalyticsd[53070:660b6c] [com.apple.xpc:connection] [0xa56c7c640] failed to do a bootstrap look-up: xpc_error=[159: Unknown error: 159]
2026-05-21 01:45:04.583205,Mac Failed Login,70,Medium,Mac Local System,2026-05-21 01:45:04.582 Df ecosystemanalyticsd[53070:660b6c] [com.apple.xpc:connection] [0xa56c7c640] invalidated after a failed init
2026-05-21 01:45:04.585793,Mac Failed Login,70,Medium,Mac Local System,2026-05-21 01:45:04.585 E  ecosystemanalyticsd[53070:660b6c] (EcosystemAnalytics) EcosystemAnalytics.framework:RosettaCoordinator: getCodeSignatureInfo: SecStaticCodeCreate Failed url: <private>
2026-05-21 01:45:04.592542,Mac Failed Login,70,Medium,Mac Local System,2026-05-21 01:45:04.592 Df ecosystemd[6857:6610d0] [com.apple.xpc:connection] [0x906c89400] failed to do a bootstrap look-up: xpc_error=[159: Unknown error: 159]
2026-05-21 01:45:04.592720,Mac Failed Login,70,Medium,Mac Local System,2026-05-21 01:45:04.592 Df ecosystemd[6857:6610d0] [com.apple.xpc:connection] [0x906c89400] invalidated after a failed init
2026-05-21 01:45:04.614373,Mac Failed Login,70,Medium,Mac Local System,2026-05-21 01:45:04.614 Df ecosystemanalyticsd[53070:660b6c] [com.apple.xpc:connection] [0xa56c7c640] failed to do a bootstrap look-up: xpc_error=[159: Unknown error: 159]
2026-05-21 01:45:04.614522,Mac Failed Login,70,Medium,Mac Local System,2026-05-21 01:45:04.614 Df ecosystemanalyticsd[53070:660b6c] [com.apple.xpc:connection] [0xa56c7c640] invalidated after a failed init
2026-05-21 01:45:04.624928,Mac Failed Login,70,Medium,Mac Local System,2026-05-21 01:45:04.624 Df ecosystemd[6857:6610d0] [com.apple.xpc:connection] [0x906c89400] failed to do a bootstrap look-up: xpc_error=[159: Unknown error: 159]
2026-05-21 01:45:04.625068,Mac Failed Login,70,Medium,Mac Local System,2026-05-21 01:45:04.624 Df ecosystemd[6857:6610d0] [com.apple.xpc:connection] [0x906c89400] invalidated after a failed init
2026-05-21 01:45:04.639620,Mac Failed Login,70,Medium,Mac Local System,2026-05-21 01:45:04.639 Df ecosystemanalyticsd[53070:660b6c] [com.apple.xpc:connection] [0xa56c7c640] failed to do a bootstrap look-up: xpc_error=[159: Unknown error: 159]
2026-05-21 01:45:04.639799,Mac Failed Login,70,Medium,Mac Local System,2026-05-21 01:45:04.639 Df ecosystemanalyticsd[53070:660b6c] [com.apple.xpc:connection] [0xa56c7c640] invalidated after a failed init
2026-05-21 01:45:04.676436,Mac Failed Login,70,Medium,Mac Local System,2026-05-21 01:45:04.676 Df ecosystemanalyticsd[53070:660b6c] [com.apple.xpc:connection] [0xa56c7c640] failed to do a bootstrap look-up: xpc_error=[159: Unknown error: 159]
2026-05-21 01:45:04.676622,Mac Failed Login,70,Medium,Mac Local System,2026-05-21 01:45:04.676 Df ecosystemanalyticsd[53070:660b6c] [com.apple.xpc:connection] [0xa56c7c640] invalidated after a failed init
2026-05-21 01:45:04.677004,Mac Failed Login,70,Medium,Mac Local System,2026-05-21 01:45:04.676 Df ecosystemd[6857:6610d0] [com.apple.xpc:connection] [0x906c89400] failed to do a bootstrap look-up: xpc_error=[159: Unknown error: 159]
2026-05-21 01:45:04.677123,Mac Failed Login,70,Medium,Mac Local System,2026-05-21 01:45:04.676 Df ecosystemd[6857:6610d0] [com.apple.xpc:connection] [0x906c89400] invalidated after a failed init
2026-05-21 01:45:04.680444,Mac Failed Login,70,Medium,Mac Local System,2026-05-21 01:45:04.680 E  ecosystemanalyticsd[53070:660b6c] (EcosystemAnalytics) EcosystemAnalytics.framework:RosettaCoordinator: getCodeSignatureInfo: SecStaticCodeCreate Failed url: <private>
2026-05-21 01:45:04.681125,Mac Failed Login,70,Medium,Mac Local System,2026-05-21 01:45:04.680 E  ecosystemd[6857:6610d0] (EcosystemAnalytics) EcosystemAnalytics.framework:RosettaCoordinator: getCodeSignatureInfo: SecStaticCodeCreate Failed url: <private>
2026-05-21 01:45:04.683434,Mac Failed Login,70,Medium,Mac Local System,2026-05-21 01:45:04.683 Df ecosystemd[6857:6610d0] [com.apple.xpc:connection] [0x906c89400] failed to do a bootstrap look-up: xpc_error=[159: Unknown error: 159]
2026-05-21 01:45:04.683594,Mac Failed Login,70,Medium,Mac Local System,2026-05-21 01:45:04.683 Df ecosystemd[6857:6610d0] [com.apple.xpc:connection] [0x906c89400] invalidated after a failed init
2026-05-21 01:45:04.686343,Mac Failed Login,70,Medium,Mac Local System,2026-05-21 01:45:04.685 E  ecosystemd[6857:6610d0] (EcosystemAnalytics) EcosystemAnalytics.framework:RosettaCoordinator: getCodeSignatureInfo: SecStaticCodeCreate Failed url: <private>
2026-05-21 01:45:04.696412,Mac Failed Login,70,Medium,Mac Local System,2026-05-21 01:45:04.695 Df ecosystemanalyticsd[53070:660b6c] [com.apple.xpc:connection] [0xa56c7c640] failed to do a bootstrap look-up: xpc_error=[159: Unknown error: 159]
2026-05-21 01:45:04.696608,Mac Failed Login,70,Medium,Mac Local System,2026-05-21 01:45:04.695 Df ecosystemanalyticsd[53070:660b6c] [com.apple.xpc:connection] [0xa56c7c640] invalidated after a failed init
2026-05-21 01:45:04.698667,Mac Failed Login,70,Medium,Mac Local System,2026-05-21 01:45:04.698 E  ecosystemanalyticsd[53070:660b6c] (EcosystemAnalytics) EcosystemAnalytics.framework:RosettaCoordinator: getCodeSignatureInfo: SecStaticCodeCreate Failed url: <private>
2026-05-21 01:45:04.704251,Mac Failed Login,70,Medium,Mac Local System,2026-05-21 01:45:04.703 Df ecosystemd[6857:6610d0] [com.apple.xpc:connection] [0x906c89400] failed to do a bootstrap look-up: xpc_error=[159: Unknown error: 159]
2026-05-21 01:45:04.704429,Mac Failed Login,70,Medium,Mac Local System,2026-05-21 01:45:04.703 Df ecosystemd[6857:6610d0] [com.apple.xpc:connection] [0x906c89400] invalidated after a failed init
2026-05-21 01:45:04.722028,Mac Failed Login,70,Medium,Mac Local System,2026-05-21 01:45:04.721 Df ecosystemanalyticsd[53070:660b6c] [com.apple.xpc:connection] [0xa56c7c640] failed to do a bootstrap look-up: xpc_error=[159: Unknown error: 159]
2026-05-21 01:45:04.722227,Mac Failed Login,70,Medium,Mac Local System,2026-05-21 01:45:04.721 Df ecosystemanalyticsd[53070:660b6c] [com.apple.xpc:connection] [0xa56c7c640] invalidated after a failed init
2026-05-21 01:45:04.733876,Mac Failed Login,70,Medium,Mac Local System,2026-05-21 01:45:04.733 Df ecosystemd[6857:6610d0] [com.apple.xpc:connection] [0x906c89400] failed to do a bootstrap look-up: xpc_error=[159: Unknown error: 159]
2026-05-21 01:45:04.734083,Mac Failed Login,70,Medium,Mac Local System,2026-05-21 01:45:04.733 Df ecosystemd[6857:6610d0] [com.apple.xpc:connection] [0x906c89400] invalidated after a failed init
2026-05-21 01:45:04.754428,Mac Failed Login,70,Medium,Mac Local System,2026-05-21 01:45:04.754 Df ecosystemanalyticsd[53070:660b6c] [com.apple.xpc:connection] [0xa56c7c640] failed to do a bootstrap look-up: xpc_error=[159: Unknown error: 159]
2026-05-21 01:45:04.754528,Mac Failed Login,70,Medium,Mac Local System,2026-05-21 01:45:04.754 Df ecosystemanalyticsd[53070:660b6c] [com.apple.xpc:connection] [0xa56c7c640] invalidated after a failed init
2026-05-21 01:45:04.761387,Mac Failed Login,70,Medium,Mac Local System,2026-05-21 01:45:04.761 Df ecosystemd[6857:6610d0] [com.apple.xpc:connection] [0x906c89400] failed to do a bootstrap look-up: xpc_error=[159: Unknown error: 159]
2026-05-21 01:45:04.761568,Mac Failed Login,70,Medium,Mac Local System,2026-05-21 01:45:04.761 Df ecosystemd[6857:6610d0] [com.apple.xpc:connection] [0x906c89400] invalidated after a failed init
2026-05-21 01:45:04.763565,Mac Failed Login,70,Medium,Mac Local System,2026-05-21 01:45:04.763 E  ecosystemd[6857:6610d0] (EcosystemAnalytics) EcosystemAnalytics.framework:RosettaCoordinator: getCodeSignatureInfo: SecStaticCodeCreate Failed url: <private>
2026-05-21 01:45:04.783610,Mac Failed Login,70,Medium,Mac Local System,2026-05-21 01:45:04.783 Df ecosystemd[6857:660f0f] [com.apple.xpc:connection] [0x906c89400] failed to do a bootstrap look-up: xpc_error=[159: Unknown error: 159]
2026-05-21 01:45:04.783774,Mac Failed Login,70,Medium,Mac Local System,2026-05-21 01:45:04.783 Df ecosystemd[6857:660f0f] [com.apple.xpc:connection] [0x906c89400] invalidated after a failed init
2026-05-21 01:45:04.783873,Mac Failed Login,70,Medium,Mac Local System,2026-05-21 01:45:04.783 Df ecosystemanalyticsd[53070:660b6c] [com.apple.xpc:connection] [0xa56c7c640] failed to do a bootstrap look-up: xpc_error=[159: Unknown error: 159]
2026-05-21 01:45:04.783922,Mac Failed Login,70,Medium,Mac Local System,2026-05-21 01:45:04.783 Df ecosystemanalyticsd[53070:660b6c] [com.apple.xpc:connection] [0xa56c7c640] invalidated after a failed init
2026-05-21 01:45:04.785300,Mac Failed Login,70,Medium,Mac Local System,2026-05-21 01:45:04.785 E  ecosystemd[6857:660f0f] (EcosystemAnalytics) EcosystemAnalytics.framework:RosettaCoordinator: getCodeSignatureInfo: SecStaticCodeCreate Failed url: <private>
2026-05-21 01:45:04.795359,Mac Failed Login,70,Medium,Mac Local System,2026-05-21 01:45:04.795 Df ecosystemanalyticsd[53070:660b6c] [com.apple.xpc:connection] [0xa56c7c640] failed to do a bootstrap look-up: xpc_error=[159: Unknown error: 159]
2026-05-21 01:45:04.795522,Mac Failed Login,70,Medium,Mac Local System,2026-05-21 01:45:04.795 Df ecosystemanalyticsd[53070:660b6c] [com.apple.xpc:connection] [0xa56c7c640] invalidated after a failed init
2026-05-21 01:45:04.813212,Mac Failed Login,70,Medium,Mac Local System,2026-05-21 01:45:04.813 Df ecosystemd[6857:660f0f] [com.apple.xpc:connection] [0x906c89400] failed to do a bootstrap look-up: xpc_error=[159: Unknown error: 159]
2026-05-21 01:45:04.813361,Mac Failed Login,70,Medium,Mac Local System,2026-05-21 01:45:04.813 Df ecosystemd[6857:660f0f] [com.apple.xpc:connection] [0x906c89400] invalidated after a failed init
2026-05-21 01:45:04.813449,Mac Failed Login,70,Medium,Mac Local System,2026-05-21 01:45:04.813 Df ecosystemanalyticsd[53070:660b6c] [com.apple.xpc:connection] [0xa56c7c640] failed to do a bootstrap look-up: xpc_error=[159: Unknown error: 159]
2026-05-21 01:45:04.813664,Mac Failed Login,70,Medium,Mac Local System,2026-05-21 01:45:04.813 Df ecosystemanalyticsd[53070:660b6c] [com.apple.xpc:connection] [0xa56c7c640] invalidated after a failed init
2026-05-21 01:45:04.815505,Mac Failed Login,70,Medium,Mac Local System,2026-05-21 01:45:04.815 E  ecosystemd[6857:660f0f] (EcosystemAnalytics) EcosystemAnalytics.framework:RosettaCoordinator: getCodeSignatureInfo: SecStaticCodeCreate Failed url: <private>
2026-05-21 01:45:04.816210,Mac Failed Login,70,Medium,Mac Local System,2026-05-21 01:45:04.816 Df ecosystemd[6857:660f0f] [com.apple.xpc:connection] [0x906c89400] failed to do a bootstrap look-up: xpc_error=[159: Unknown error: 159]
2026-05-21 01:45:04.816275,Mac Failed Login,70,Medium,Mac Local System,2026-05-21 01:45:04.816 Df ecosystemd[6857:660f0f] [com.apple.xpc:connection] [0x906c89400] invalidated after a failed init
2026-05-21 01:45:04.817544,Mac Failed Login,70,Medium,Mac Local System,2026-05-21 01:45:04.817 E  ecosystemd[6857:660f0f] (EcosystemAnalytics) EcosystemAnalytics.framework:RosettaCoordinator: getCodeSignatureInfo: SecStaticCodeCreate Failed url: <private>
2026-05-21 01:45:04.830509,Mac Failed Login,70,Medium,Mac Local System,2026-05-21 01:45:04.830 Df ecosystemanalyticsd[53070:660b6c] [com.apple.xpc:connection] [0xa56c7c640] failed to do a bootstrap look-up: xpc_error=[159: Unknown error: 159]
2026-05-21 01:45:04.830626,Mac Failed Login,70,Medium,Mac Local System,2026-05-21 01:45:04.830 Df ecosystemanalyticsd[53070:660b6c] [com.apple.xpc:connection] [0xa56c7c640] invalidated after a failed init
2026-05-21 01:45:04.851877,Mac Failed Login,70,Medium,Mac Local System,2026-05-21 01:45:04.851 Df ecosystemanalyticsd[53070:660b6c] [com.apple.xpc:connection] [0xa56c7c640] failed to do a bootstrap look-up: xpc_error=[159: Unknown error: 159]
2026-05-21 01:45:04.852051,Mac Failed Login,70,Medium,Mac Local System,2026-05-21 01:45:04.851 Df ecosystemanalyticsd[53070:660b6c] [com.apple.xpc:connection] [0xa56c7c640] invalidated after a failed init
2026-05-21 01:45:04.852149,Mac Failed Login,70,Medium,Mac Local System,2026-05-21 01:45:04.851 Df ecosystemd[6857:660f0f] [com.apple.xpc:connection] [0x906c89400] failed to do a bootstrap look-up: xpc_error=[159: Unknown error: 159]
2026-05-21 01:45:04.852196,Mac Failed Login,70,Medium,Mac Local System,2026-05-21 01:45:04.852 Df ecosystemd[6857:660f0f] [com.apple.xpc:connection] [0x906c89400] invalidated after a failed init
2026-05-21 01:45:04.853647,Mac Failed Login,70,Medium,Mac Local System,2026-05-21 01:45:04.853 E  ecosystemd[6857:660f0f] (EcosystemAnalytics) EcosystemAnalytics.framework:RosettaCoordinator: getCodeSignatureInfo: SecStaticCodeCreate Failed url: <private>
2026-05-21 01:45:04.854066,Mac Failed Login,70,Medium,Mac Local System,2026-05-21 01:45:04.853 Df ecosystemd[6857:660f0f] [com.apple.xpc:connection] [0x906c89400] failed to do a bootstrap look-up: xpc_error=[159: Unknown error: 159]
2026-05-21 01:45:04.854133,Mac Failed Login,70,Medium,Mac Local System,2026-05-21 01:45:04.853 Df ecosystemd[6857:660f0f] [com.apple.xpc:connection] [0x906c89400] invalidated after a failed init
2026-05-21 01:45:04.855365,Mac Failed Login,70,Medium,Mac Local System,2026-05-21 01:45:04.855 E  ecosystemd[6857:660f0f] (EcosystemAnalytics) EcosystemAnalytics.framework:RosettaCoordinator: getCodeSignatureInfo: SecStaticCodeCreate Failed url: <private>
2026-05-21 01:45:04.866292,Mac Failed Login,70,Medium,Mac Local System,2026-05-21 01:45:04.866 Df ecosystemanalyticsd[53070:660b6c] [com.apple.xpc:connection] [0xa56c7c640] failed to do a bootstrap look-up: xpc_error=[159: Unknown error: 159]
2026-05-21 01:45:04.866431,Mac Failed Login,70,Medium,Mac Local System,2026-05-21 01:45:04.866 Df ecosystemanalyticsd[53070:660b6c] [com.apple.xpc:connection] [0xa56c7c640] invalidated after a failed init
2026-05-21 01:45:04.887949,Mac Failed Login,70,Medium,Mac Local System,2026-05-21 01:45:04.887 Df ecosystemanalyticsd[53070:660b6c] [com.apple.xpc:connection] [0xa56c7c640] failed to do a bootstrap look-up: xpc_error=[159: Unknown error: 159]
2026-05-21 01:45:04.888101,Mac Failed Login,70,Medium,Mac Local System,2026-05-21 01:45:04.887 Df ecosystemanalyticsd[53070:660b6c] [com.apple.xpc:connection] [0xa56c7c640] invalidated after a failed init
2026-05-21 01:45:04.888342,Mac Failed Login,70,Medium,Mac Local System,2026-05-21 01:45:04.888 Df ecosystemd[6857:660f0f] [com.apple.xpc:connection] [0x906c89400] failed to do a bootstrap look-up: xpc_error=[159: Unknown error: 159]
2026-05-21 01:45:04.888387,Mac Failed Login,70,Medium,Mac Local System,2026-05-21 01:45:04.888 Df ecosystemd[6857:660f0f] [com.apple.xpc:connection] [0x906c89400] invalidated after a failed init
2026-05-21 01:45:04.889601,Mac Failed Login,70,Medium,Mac Local System,2026-05-21 01:45:04.889 E  ecosystemd[6857:660f0f] (EcosystemAnalytics) EcosystemAnalytics.framework:RosettaCoordinator: getCodeSignatureInfo: SecStaticCodeCreate Failed url: <private>
2026-05-21 01:45:04.889907,Mac Failed Login,70,Medium,Mac Local System,2026-05-21 01:45:04.889 Df ecosystemd[6857:660f0f] [com.apple.xpc:connection] [0x906c89400] failed to do a bootstrap look-up: xpc_error=[159: Unknown error: 159]
2026-05-21 01:45:04.889970,Mac Failed Login,70,Medium,Mac Local System,2026-05-21 01:45:04.889 Df ecosystemd[6857:660f0f] [com.apple.xpc:connection] [0x906c89400] invalidated after a failed init
2026-05-21 01:45:04.891850,Mac Failed Login,70,Medium,Mac Local System,2026-05-21 01:45:04.891 E  ecosystemd[6857:660f0f] (EcosystemAnalytics) EcosystemAnalytics.framework:RosettaCoordinator: getCodeSignatureInfo: SecStaticCodeCreate Failed url: <private>
2026-05-21 01:45:04.909710,Mac Failed Login,70,Medium,Mac Local System,2026-05-21 01:45:04.909 Df ecosystemanalyticsd[53070:660b6c] [com.apple.xpc:connection] [0xa56c7c640] failed to do a bootstrap look-up: xpc_error=[159: Unknown error: 159]
2026-05-21 01:45:04.909850,Mac Failed Login,70,Medium,Mac Local System,2026-05-21 01:45:04.909 Df ecosystemanalyticsd[53070:660b6c] [com.apple.xpc:connection] [0xa56c7c640] invalidated after a failed init
2026-05-21 01:45:04.933542,Mac Failed Login,70,Medium,Mac Local System,2026-05-21 01:45:04.933 Df ecosystemd[6857:660f0f] [com.apple.xpc:connection] [0x906c89400] failed to do a bootstrap look-up: xpc_error=[159: Unknown error: 159]
2026-05-21 01:45:04.933626,Mac Failed Login,70,Medium,Mac Local System,2026-05-21 01:45:04.933 Df ecosystemanalyticsd[53070:660b6c] [com.apple.xpc:connection] [0xa56c7c640] failed to do a bootstrap look-up: xpc_error=[159: Unknown error: 159]
2026-05-21 01:45:04.933658,Mac Failed Login,70,Medium,Mac Local System,2026-05-21 01:45:04.933 Df ecosystemd[6857:660f0f] [com.apple.xpc:connection] [0x906c89400] invalidated after a failed init
2026-05-21 01:45:04.933737,Mac Failed Login,70,Medium,Mac Local System,2026-05-21 01:45:04.933 Df ecosystemanalyticsd[53070:660b6c] [com.apple.xpc:connection] [0xa56c7c640] invalidated after a failed init
2026-05-21 01:45:04.934739,Mac Failed Login,70,Medium,Mac Local System,2026-05-21 01:45:04.934 E  ecosystemd[6857:660f0f] (EcosystemAnalytics) EcosystemAnalytics.framework:RosettaCoordinator: getCodeSignatureInfo: SecStaticCodeCreate Failed url: <private>
2026-05-21 01:45:04.935039,Mac Failed Login,70,Medium,Mac Local System,2026-05-21 01:45:04.934 Df ecosystemd[6857:660f0f] [com.apple.xpc:connection] [0x906c89400] failed to do a bootstrap look-up: xpc_error=[159: Unknown error: 159]
2026-05-21 01:45:04.935095,Mac Failed Login,70,Medium,Mac Local System,2026-05-21 01:45:04.934 Df ecosystemd[6857:660f0f] [com.apple.xpc:connection] [0x906c89400] invalidated after a failed init
2026-05-21 01:45:04.935997,Mac Failed Login,70,Medium,Mac Local System,2026-05-21 01:45:04.935 E  ecosystemd[6857:660f0f] (EcosystemAnalytics) EcosystemAnalytics.framework:RosettaCoordinator: getCodeSignatureInfo: SecStaticCodeCreate Failed url: <private>
2026-05-21 01:45:04.952167,Mac Failed Login,70,Medium,Mac Local System,2026-05-21 01:45:04.952 Df ecosystemanalyticsd[53070:660b6c] [com.apple.xpc:connection] [0xa56c7c640] failed to do a bootstrap look-up: xpc_error=[159: Unknown error: 159]
2026-05-21 01:45:04.952249,Mac Failed Login,70,Medium,Mac Local System,2026-05-21 01:45:04.952 Df ecosystemanalyticsd[53070:660b6c] [com.apple.xpc:connection] [0xa56c7c640] invalidated after a failed init
2026-05-21 01:45:04.959425,Mac Failed Login,70,Medium,Mac Local System,2026-05-21 01:45:04.957 E  WindowServer[603:1050] [com.apple.coreanimation:Cursor] Cursor disabled: failed set_cursor_surface
2026-05-21 01:45:04.975716,Mac Failed Login,70,Medium,Mac Local System,2026-05-21 01:45:04.975 Df ecosystemanalyticsd[53070:660b6c] [com.apple.xpc:connection] [0xa56c7c640] failed to do a bootstrap look-up: xpc_error=[159: Unknown error: 159]
2026-05-21 01:45:04.975912,Mac Failed Login,70,Medium,Mac Local System,2026-05-21 01:45:04.975 Df ecosystemanalyticsd[53070:660b6c] [com.apple.xpc:connection] [0xa56c7c640] invalidated after a failed init
2026-05-21 01:45:04.976162,Mac Failed Login,70,Medium,Mac Local System,2026-05-21 01:45:04.975 Df ecosystemd[6857:660f0f] [com.apple.xpc:connection] [0x906c89400] failed to do a bootstrap look-up: xpc_error=[159: Unknown error: 159]
2026-05-21 01:45:04.976350,Mac Failed Login,70,Medium,Mac Local System,2026-05-21 01:45:04.976 Df ecosystemd[6857:660f0f] [com.apple.xpc:connection] [0x906c89400] invalidated after a failed init
2026-05-21 01:45:04.978225,Mac Failed Login,70,Medium,Mac Local System,2026-05-21 01:45:04.977 E  ecosystemd[6857:660f0f] (EcosystemAnalytics) EcosystemAnalytics.framework:RosettaCoordinator: getCodeSignatureInfo: SecStaticCodeCreate Failed url: <private>
2026-05-21 01:45:04.978868,Mac Failed Login,70,Medium,Mac Local System,2026-05-21 01:45:04.978 Df ecosystemd[6857:660f0f] [com.apple.xpc:connection] [0x906c89400] failed to do a bootstrap look-up: xpc_error=[159: Unknown error: 159]
2026-05-21 01:45:04.978945,Mac Failed Login,70,Medium,Mac Local System,2026-05-21 01:45:04.978 Df ecosystemd[6857:660f0f] [com.apple.xpc:connection] [0x906c89400] invalidated after a failed init
2026-05-21 01:45:04.985428,Mac Failed Login,70,Medium,Mac Local System,2026-05-21 01:45:04.985 E  ecosystemd[6857:660f0f] (EcosystemAnalytics) EcosystemAnalytics.framework:RosettaCoordinator: getCodeSignatureInfo: SecStaticCodeCreate Failed url: <private>
2026-05-21 01:45:05.002289,Mac Failed Login,70,Medium,Mac Local System,2026-05-21 01:45:05.002 Df ecosystemanalyticsd[53070:660b6c] [com.apple.xpc:connection] [0xa56c7c640] failed to do a bootstrap look-up: xpc_error=[159: Unknown error: 159]
2026-05-21 01:45:05.002761,Mac Failed Login,70,Medium,Mac Local System,2026-05-21 01:45:05.002 Df ecosystemanalyticsd[53070:660b6c] [com.apple.xpc:connection] [0xa56c7c640] invalidated after a failed init
2026-05-21 01:45:05.051380,Mac Failed Login,70,Medium,Mac Local System,2026-05-21 01:45:05.051 Df ecosystemanalyticsd[53070:660b6c] [com.apple.xpc:connection] [0xa56c7c640] failed to do a bootstrap look-up: xpc_error=[159: Unknown error: 159]
2026-05-21 01:45:05.051598,Mac Failed Login,70,Medium,Mac Local System,2026-05-21 01:45:05.051 Df ecosystemanalyticsd[53070:660b6c] [com.apple.xpc:connection] [0xa56c7c640] invalidated after a failed init
2026-05-21 01:45:05.051856,Mac Failed Login,70,Medium,Mac Local System,2026-05-21 01:45:05.051 Df ecosystemd[6857:660f0f] [com.apple.xpc:connection] [0x906c89400] failed to do a bootstrap look-up: xpc_error=[159: Unknown error: 159]
2026-05-21 01:45:05.051916,Mac Failed Login,70,Medium,Mac Local System,2026-05-21 01:45:05.051 Df ecosystemd[6857:660f0f] [com.apple.xpc:connection] [0x906c89400] invalidated after a failed init
2026-05-21 01:45:05.065917,Mac Failed Login,70,Medium,Mac Local System,2026-05-21 01:45:05.065 E  ecosystemd[6857:660f0f] (EcosystemAnalytics) EcosystemAnalytics.framework:RosettaCoordinator: getCodeSignatureInfo: SecStaticCodeCreate Failed url: <private>
2026-05-21 01:45:05.073925,Mac Failed Login,70,Medium,Mac Local System,2026-05-21 01:45:05.073 Df ecosystemd[6857:660f0f] [com.apple.xpc:connection] [0x906c89400] failed to do a bootstrap look-up: xpc_error=[159: Unknown error: 159]
2026-05-21 01:45:05.074191,Mac Failed Login,70,Medium,Mac Local System,2026-05-21 01:45:05.073 Df ecosystemd[6857:660f0f] [com.apple.xpc:connection] [0x906c89400] invalidated after a failed init
2026-05-21 01:45:05.092002,Mac Failed Login,70,Medium,Mac Local System,2026-05-21 01:45:05.088 E  ecosystemd[6857:660f0f] (EcosystemAnalytics) EcosystemAnalytics.framework:RosettaCoordinator: getCodeSignatureInfo: SecStaticCodeCreate Failed url: <private>
2026-05-21 01:45:05.145461,Mac Failed Login,70,Medium,Mac Local System,2026-05-21 01:45:05.142 Df ecosystemanalyticsd[53070:660b6c] [com.apple.xpc:connection] [0xa56c7c640] failed to do a bootstrap look-up: xpc_error=[159: Unknown error: 159]
2026-05-21 01:45:05.146084,Mac Failed Login,70,Medium,Mac Local System,2026-05-21 01:45:05.142 Df ecosystemanalyticsd[53070:660b6c] [com.apple.xpc:connection] [0xa56c7c640] invalidated after a failed init
2026-05-21 01:45:05.278650,Mac Failed Login,70,Medium,Mac Local System,2026-05-21 01:45:05.276 Df ecosystemanalyticsd[53070:660b6c] [com.apple.xpc:connection] [0xa56c7c640] failed to do a bootstrap look-up: xpc_error=[159: Unknown error: 159]
2026-05-21 01:45:05.278715,Mac Failed Login,70,Medium,Mac Local System,2026-05-21 01:45:05.276 Df ecosystemanalyticsd[53070:660b6c] [com.apple.xpc:connection] [0xa56c7c640] invalidated after a failed init
2026-05-21 01:45:05.278729,Mac Failed Login,70,Medium,Mac Local System,2026-05-21 01:45:05.276 Df ecosystemd[6857:660f0f] [com.apple.xpc:connection] [0x906c89400] failed to do a bootstrap look-up: xpc_error=[159: Unknown error: 159]
2026-05-21 01:45:05.278740,Mac Failed Login,70,Medium,Mac Local System,2026-05-21 01:45:05.276 Df ecosystemd[6857:660f0f] [com.apple.xpc:connection] [0x906c89400] invalidated after a failed init
2026-05-21 01:45:05.291415,Mac Failed Login,70,Medium,Mac Local System,2026-05-21 01:45:05.291 E  ecosystemd[6857:660f0f] (EcosystemAnalytics) EcosystemAnalytics.framework:RosettaCoordinator: getCodeSignatureInfo: SecStaticCodeCreate Failed url: <private>
2026-05-21 01:45:05.291731,Mac Failed Login,70,Medium,Mac Local System,2026-05-21 01:45:05.291 Df ecosystemd[6857:660f0f] [com.apple.xpc:connection] [0x906c89400] failed to do a bootstrap look-up: xpc_error=[159: Unknown error: 159]
2026-05-21 01:45:05.291781,Mac Failed Login,70,Medium,Mac Local System,2026-05-21 01:45:05.291 Df ecosystemd[6857:660f0f] [com.apple.xpc:connection] [0x906c89400] invalidated after a failed init
2026-05-21 01:45:05.292626,Mac Failed Login,70,Medium,Mac Local System,2026-05-21 01:45:05.292 E  ecosystemd[6857:660f0f] (EcosystemAnalytics) EcosystemAnalytics.framework:RosettaCoordinator: getCodeSignatureInfo: SecStaticCodeCreate Failed url: <private>
2026-05-21 01:45:05.302374,Mac Failed Login,70,Medium,Mac Local System,2026-05-21 01:45:05.302 Df ecosystemanalyticsd[53070:660b6c] [com.apple.xpc:connection] [0xa56c7c640] failed to do a bootstrap look-up: xpc_error=[159: Unknown error: 159]
2026-05-21 01:45:05.302441,Mac Failed Login,70,Medium,Mac Local System,2026-05-21 01:45:05.302 Df ecosystemanalyticsd[53070:660b6c] [com.apple.xpc:connection] [0xa56c7c640] invalidated after a failed init
2026-05-21 01:45:05.356738,Mac Failed Login,70,Medium,Mac Local System,2026-05-21 01:45:05.356 Df ecosystemd[6857:660f0f] [com.apple.xpc:connection] [0x906c89400] failed to do a bootstrap look-up: xpc_error=[159: Unknown error: 159]
2026-05-21 01:45:05.356839,Mac Failed Login,70,Medium,Mac Local System,2026-05-21 01:45:05.356 Df ecosystemd[6857:660f0f] [com.apple.xpc:connection] [0x906c89400] invalidated after a failed init
2026-05-21 01:45:05.357022,Mac Failed Login,70,Medium,Mac Local System,2026-05-21 01:45:05.356 Df ecosystemanalyticsd[53070:660b6c] [com.apple.xpc:connection] [0xa56c7c640] failed to do a bootstrap look-up: xpc_error=[159: Unknown error: 159]
2026-05-21 01:45:05.357072,Mac Failed Login,70,Medium,Mac Local System,2026-05-21 01:45:05.356 Df ecosystemanalyticsd[53070:660b6c] [com.apple.xpc:connection] [0xa56c7c640] invalidated after a failed init
2026-05-21 01:45:05.358442,Mac Failed Login,70,Medium,Mac Local System,2026-05-21 01:45:05.358 E  ecosystemd[6857:660f0f] (EcosystemAnalytics) EcosystemAnalytics.framework:RosettaCoordinator: getCodeSignatureInfo: SecStaticCodeCreate Failed url: <private>
2026-05-21 01:45:05.358840,Mac Failed Login,70,Medium,Mac Local System,2026-05-21 01:45:05.358 Df ecosystemd[6857:660f0f] [com.apple.xpc:connection] [0x906c89400] failed to do a bootstrap look-up: xpc_error=[159: Unknown error: 159]
2026-05-21 01:45:05.358890,Mac Failed Login,70,Medium,Mac Local System,2026-05-21 01:45:05.358 Df ecosystemd[6857:660f0f] [com.apple.xpc:connection] [0x906c89400] invalidated after a failed init
2026-05-21 01:45:05.360142,Mac Failed Login,70,Medium,Mac Local System,2026-05-21 01:45:05.359 E  ecosystemd[6857:660f0f] (EcosystemAnalytics) EcosystemAnalytics.framework:RosettaCoordinator: getCodeSignatureInfo: SecStaticCodeCreate Failed url: <private>
2026-05-21 01:45:05.368098,Mac Failed Login,70,Medium,Mac Local System,2026-05-21 01:45:05.367 Df ecosystemanalyticsd[53070:660b6c] [com.apple.xpc:connection] [0xa56c7c640] failed to do a bootstrap look-up: xpc_error=[159: Unknown error: 159]
2026-05-21 01:45:05.368179,Mac Failed Login,70,Medium,Mac Local System,2026-05-21 01:45:05.367 Df ecosystemanalyticsd[53070:660b6c] [com.apple.xpc:connection] [0xa56c7c640] invalidated after a failed init
2026-05-21 01:45:05.382135,Mac Failed Login,70,Medium,Mac Local System,2026-05-21 01:45:05.381 Df ecosystemd[6857:660f0f] [com.apple.xpc:connection] [0x906c89400] failed to do a bootstrap look-up: xpc_error=[159: Unknown error: 159]
2026-05-21 01:45:05.382230,Mac Failed Login,70,Medium,Mac Local System,2026-05-21 01:45:05.381 Df ecosystemanalyticsd[53070:660b6c] [com.apple.xpc:connection] [0xa56c7c640] failed to do a bootstrap look-up: xpc_error=[159: Unknown error: 159]
2026-05-21 01:45:05.382270,Mac Failed Login,70,Medium,Mac Local System,2026-05-21 01:45:05.382 Df ecosystemd[6857:660f0f] [com.apple.xpc:connection] [0x906c89400] invalidated after a failed init
2026-05-21 01:45:05.382321,Mac Failed Login,70,Medium,Mac Local System,2026-05-21 01:45:05.382 Df ecosystemanalyticsd[53070:660b6c] [com.apple.xpc:connection] [0xa56c7c640] invalidated after a failed init
2026-05-21 01:45:05.383395,Mac Failed Login,70,Medium,Mac Local System,2026-05-21 01:45:05.383 E  ecosystemd[6857:660f0f] (EcosystemAnalytics) EcosystemAnalytics.framework:RosettaCoordinator: getCodeSignatureInfo: SecStaticCodeCreate Failed url: <private>
2026-05-21 01:45:05.383786,Mac Failed Login,70,Medium,Mac Local System,2026-05-21 01:45:05.383 Df ecosystemd[6857:660f0f] [com.apple.xpc:connection] [0x906c89400] failed to do a bootstrap look-up: xpc_error=[159: Unknown error: 159]
2026-05-21 01:45:05.383845,Mac Failed Login,70,Medium,Mac Local System,2026-05-21 01:45:05.383 Df ecosystemd[6857:660f0f] [com.apple.xpc:connection] [0x906c89400] invalidated after a failed init
2026-05-21 01:45:05.384962,Mac Failed Login,70,Medium,Mac Local System,2026-05-21 01:45:05.384 E  ecosystemd[6857:660f0f] (EcosystemAnalytics) EcosystemAnalytics.framework:RosettaCoordinator: getCodeSignatureInfo: SecStaticCodeCreate Failed url: <private>
2026-05-21 01:45:05.393209,Mac Failed Login,70,Medium,Mac Local System,2026-05-21 01:45:05.392 Df ecosystemanalyticsd[53070:660b6c] [com.apple.xpc:connection] [0xa56c7c640] failed to do a bootstrap look-up: xpc_error=[159: Unknown error: 159]
2026-05-21 01:45:05.393298,Mac Failed Login,70,Medium,Mac Local System,2026-05-21 01:45:05.393 Df ecosystemanalyticsd[53070:660b6c] [com.apple.xpc:connection] [0xa56c7c640] invalidated after a failed init
2026-05-21 01:45:05.412757,Mac Failed Login,70,Medium,Mac Local System,2026-05-21 01:45:05.412 Df ecosystemanalyticsd[53070:660b6c] [com.apple.xpc:connection] [0xa56c7c640] failed to do a bootstrap look-up: xpc_error=[159: Unknown error: 159]
2026-05-21 01:45:05.413106,Mac Failed Login,70,Medium,Mac Local System,2026-05-21 01:45:05.412 Df ecosystemanalyticsd[53070:660b6c] [com.apple.xpc:connection] [0xa56c7c640] invalidated after a failed init
2026-05-21 01:45:05.413178,Mac Failed Login,70,Medium,Mac Local System,2026-05-21 01:45:05.412 Df ecosystemd[6857:660f0f] [com.apple.xpc:connection] [0x906c89400] failed to do a bootstrap look-up: xpc_error=[159: Unknown error: 159]
2026-05-21 01:45:05.413321,Mac Failed Login,70,Medium,Mac Local System,2026-05-21 01:45:05.413 Df ecosystemd[6857:660f0f] [com.apple.xpc:connection] [0x906c89400] invalidated after a failed init
2026-05-21 01:45:05.414893,Mac Failed Login,70,Medium,Mac Local System,2026-05-21 01:45:05.414 E  ecosystemd[6857:660f0f] (EcosystemAnalytics) EcosystemAnalytics.framework:RosettaCoordinator: getCodeSignatureInfo: SecStaticCodeCreate Failed url: <private>
2026-05-21 01:45:05.415531,Mac Failed Login,70,Medium,Mac Local System,2026-05-21 01:45:05.415 Df ecosystemd[6857:660f0f] [com.apple.xpc:connection] [0x906c89400] failed to do a bootstrap look-up: xpc_error=[159: Unknown error: 159]
2026-05-21 01:45:05.415619,Mac Failed Login,70,Medium,Mac Local System,2026-05-21 01:45:05.415 Df ecosystemd[6857:660f0f] [com.apple.xpc:connection] [0x906c89400] invalidated after a failed init
2026-05-21 01:45:05.417326,Mac Failed Login,70,Medium,Mac Local System,2026-05-21 01:45:05.417 E  ecosystemd[6857:660f0f] (EcosystemAnalytics) EcosystemAnalytics.framework:RosettaCoordinator: getCodeSignatureInfo: SecStaticCodeCreate Failed url: <private>
2026-05-21 01:45:05.434168,Mac Failed Login,70,Medium,Mac Local System,2026-05-21 01:45:05.433 Df ecosystemanalyticsd[53070:660b6c] [com.apple.xpc:connection] [0xa56c7c640] failed to do a bootstrap look-up: xpc_error=[159: Unknown error: 159]
2026-05-21 01:45:05.434310,Mac Failed Login,70,Medium,Mac Local System,2026-05-21 01:45:05.433 Df ecosystemanalyticsd[53070:660b6c] [com.apple.xpc:connection] [0xa56c7c640] invalidated after a failed init
2026-05-21 01:45:05.486585,Mac Failed Login,70,Medium,Mac Local System,2026-05-21 01:45:05.486 Df ecosystemd[6857:660f0f] [com.apple.xpc:connection] [0x906c89400] failed to do a bootstrap look-up: xpc_error=[159: Unknown error: 159]
2026-05-21 01:45:05.486734,Mac Failed Login,70,Medium,Mac Local System,2026-05-21 01:45:05.486 Df ecosystemd[6857:660f0f] [com.apple.xpc:connection] [0x906c89400] invalidated after a failed init
2026-05-21 01:45:05.487215,Mac Failed Login,70,Medium,Mac Local System,2026-05-21 01:45:05.486 Df ecosystemanalyticsd[53070:660b6c] [com.apple.xpc:connection] [0xa56c7c640] failed to do a bootstrap look-up: xpc_error=[159: Unknown error: 159]
2026-05-21 01:45:05.487300,Mac Failed Login,70,Medium,Mac Local System,2026-05-21 01:45:05.487 Df ecosystemanalyticsd[53070:660b6c] [com.apple.xpc:connection] [0xa56c7c640] invalidated after a failed init
2026-05-21 01:45:05.489217,Mac Failed Login,70,Medium,Mac Local System,2026-05-21 01:45:05.488 E  ecosystemd[6857:660f0f] (EcosystemAnalytics) EcosystemAnalytics.framework:RosettaCoordinator: getCodeSignatureInfo: SecStaticCodeCreate Failed url: <private>
2026-05-21 01:45:05.489949,Mac Failed Login,70,Medium,Mac Local System,2026-05-21 01:45:05.489 Df ecosystemd[6857:660f0f] [com.apple.xpc:connection] [0x906c89400] failed to do a bootstrap look-up: xpc_error=[159: Unknown error: 159]
2026-05-21 01:45:05.490066,Mac Failed Login,70,Medium,Mac Local System,2026-05-21 01:45:05.489 Df ecosystemd[6857:660f0f] [com.apple.xpc:connection] [0x906c89400] invalidated after a failed init
2026-05-21 01:45:05.493602,Mac Failed Login,70,Medium,Mac Local System,2026-05-21 01:45:05.493 E  ecosystemd[6857:660f0f] (EcosystemAnalytics) EcosystemAnalytics.framework:RosettaCoordinator: getCodeSignatureInfo: SecStaticCodeCreate Failed url: <private>
2026-05-21 01:45:05.509185,Mac Failed Login,70,Medium,Mac Local System,2026-05-21 01:45:05.508 Df ecosystemanalyticsd[53070:660b6c] [com.apple.xpc:connection] [0xa56c7c640] failed to do a bootstrap look-up: xpc_error=[159: Unknown error: 159]
2026-05-21 01:45:05.509312,Mac Failed Login,70,Medium,Mac Local System,2026-05-21 01:45:05.509 Df ecosystemanalyticsd[53070:660b6c] [com.apple.xpc:connection] [0xa56c7c640] invalidated after a failed init
2026-05-21 01:45:05.538170,Mac Failed Login,70,Medium,Mac Local System,2026-05-21 01:45:05.537 Df ecosystemd[6857:660f0f] [com.apple.xpc:connection] [0x906c89400] failed to do a bootstrap look-up: xpc_error=[159: Unknown error: 159]
2026-05-21 01:45:05.538371,Mac Failed Login,70,Medium,Mac Local System,2026-05-21 01:45:05.538 Df ecosystemd[6857:660f0f] [com.apple.xpc:connection] [0x906c89400] invalidated after a failed init
2026-05-21 01:45:05.539519,Mac Failed Login,70,Medium,Mac Local System,2026-05-21 01:45:05.539 Df ecosystemanalyticsd[53070:660b6c] [com.apple.xpc:connection] [0xa56c7c640] failed to do a bootstrap look-up: xpc_error=[159: Unknown error: 159]
2026-05-21 01:45:05.539649,Mac Failed Login,70,Medium,Mac Local System,2026-05-21 01:45:05.539 Df ecosystemanalyticsd[53070:660b6c] [com.apple.xpc:connection] [0xa56c7c640] invalidated after a failed init
2026-05-21 01:45:05.541926,Mac Failed Login,70,Medium,Mac Local System,2026-05-21 01:45:05.541 E  ecosystemd[6857:660f0f] (EcosystemAnalytics) EcosystemAnalytics.framework:RosettaCoordinator: getCodeSignatureInfo: SecStaticCodeCreate Failed url: <private>
2026-05-21 01:45:05.542895,Mac Failed Login,70,Medium,Mac Local System,2026-05-21 01:45:05.542 Df ecosystemd[6857:660f0f] [com.apple.xpc:connection] [0x906c89400] failed to do a bootstrap look-up: xpc_error=[159: Unknown error: 159]
2026-05-21 01:45:05.543003,Mac Failed Login,70,Medium,Mac Local System,2026-05-21 01:45:05.542 Df ecosystemd[6857:660f0f] [com.apple.xpc:connection] [0x906c89400] invalidated after a failed init
2026-05-21 01:45:05.546370,Mac Failed Login,70,Medium,Mac Local System,2026-05-21 01:45:05.545 E  ecosystemd[6857:660f0f] (EcosystemAnalytics) EcosystemAnalytics.framework:RosettaCoordinator: getCodeSignatureInfo: SecStaticCodeCreate Failed url: <private>
2026-05-21 01:45:05.561233,Mac Failed Login,70,Medium,Mac Local System,2026-05-21 01:45:05.560 Df ecosystemanalyticsd[53070:660b6c] [com.apple.xpc:connection] [0xa56c7c640] failed to do a bootstrap look-up: xpc_error=[159: Unknown error: 159]
2026-05-21 01:45:05.561386,Mac Failed Login,70,Medium,Mac Local System,2026-05-21 01:45:05.561 Df ecosystemanalyticsd[53070:660b6c] [com.apple.xpc:connection] [0xa56c7c640] invalidated after a failed init
2026-05-21 01:45:05.587985,Mac Failed Login,70,Medium,Mac Local System,2026-05-21 01:45:05.587 Df ecosystemanalyticsd[53070:660b6c] [com.apple.xpc:connection] [0xa56c7c640] failed to do a bootstrap look-up: xpc_error=[159: Unknown error: 159]
2026-05-21 01:45:05.588243,Mac Failed Login,70,Medium,Mac Local System,2026-05-21 01:45:05.587 Df ecosystemanalyticsd[53070:660b6c] [com.apple.xpc:connection] [0xa56c7c640] invalidated after a failed init
2026-05-21 01:45:05.588517,Mac Failed Login,70,Medium,Mac Local System,2026-05-21 01:45:05.588 Df ecosystemd[6857:660f0f] [com.apple.xpc:connection] [0x906c89400] failed to do a bootstrap look-up: xpc_error=[159: Unknown error: 159]
2026-05-21 01:45:05.588606,Mac Failed Login,70,Medium,Mac Local System,2026-05-21 01:45:05.588 Df ecosystemd[6857:660f0f] [com.apple.xpc:connection] [0x906c89400] invalidated after a failed init
2026-05-21 01:45:05.590591,Mac Failed Login,70,Medium,Mac Local System,2026-05-21 01:45:05.590 E  ecosystemd[6857:660f0f] (EcosystemAnalytics) EcosystemAnalytics.framework:RosettaCoordinator: getCodeSignatureInfo: SecStaticCodeCreate Failed url: <private>
2026-05-21 01:45:05.591216,Mac Failed Login,70,Medium,Mac Local System,2026-05-21 01:45:05.590 Df ecosystemd[6857:660f0f] [com.apple.xpc:connection] [0x906c89400] failed to do a bootstrap look-up: xpc_error=[159: Unknown error: 159]
2026-05-21 01:45:05.591342,Mac Failed Login,70,Medium,Mac Local System,2026-05-21 01:45:05.591 Df ecosystemd[6857:660f0f] [com.apple.xpc:connection] [0x906c89400] invalidated after a failed init
2026-05-21 01:45:05.593484,Mac Failed Login,70,Medium,Mac Local System,2026-05-21 01:45:05.593 E  ecosystemd[6857:660f0f] (EcosystemAnalytics) EcosystemAnalytics.framework:RosettaCoordinator: getCodeSignatureInfo: SecStaticCodeCreate Failed url: <private>
2026-05-21 01:45:05.602938,Mac Failed Login,70,Medium,Mac Local System,2026-05-21 01:45:05.602 Df ecosystemanalyticsd[53070:660b6c] [com.apple.xpc:connection] [0xa56c7c640] failed to do a bootstrap look-up: xpc_error=[159: Unknown error: 159]
2026-05-21 01:45:05.603518,Mac Failed Login,70,Medium,Mac Local System,2026-05-21 01:45:05.602 Df ecosystemanalyticsd[53070:660b6c] [com.apple.xpc:connection] [0xa56c7c640] invalidated after a failed init
2026-05-21 01:45:05.633954,Mac Failed Login,70,Medium,Mac Local System,2026-05-21 01:45:05.633 Df ecosystemanalyticsd[53070:660b6c] [com.apple.xpc:connection] [0xa56c7c640] failed to do a bootstrap look-up: xpc_error=[159: Unknown error: 159]
2026-05-21 01:45:05.634152,Mac Failed Login,70,Medium,Mac Local System,2026-05-21 01:45:05.633 Df ecosystemd[6857:660f0f] [com.apple.xpc:connection] [0x906c89400] failed to do a bootstrap look-up: xpc_error=[159: Unknown error: 159]
2026-05-21 01:45:05.634224,Mac Failed Login,70,Medium,Mac Local System,2026-05-21 01:45:05.633 Df ecosystemd[6857:660f0f] [com.apple.xpc:connection] [0x906c89400] invalidated after a failed init
2026-05-21 01:45:05.634293,Mac Failed Login,70,Medium,Mac Local System,2026-05-21 01:45:05.633 Df ecosystemanalyticsd[53070:660b6c] [com.apple.xpc:connection] [0xa56c7c640] invalidated after a failed init
2026-05-21 01:45:05.637923,Mac Failed Login,70,Medium,Mac Local System,2026-05-21 01:45:05.637 E  ecosystemd[6857:660f0f] (EcosystemAnalytics) EcosystemAnalytics.framework:RosettaCoordinator: getCodeSignatureInfo: SecStaticCodeCreate Failed url: <private>
2026-05-21 01:45:05.639001,Mac Failed Login,70,Medium,Mac Local System,2026-05-21 01:45:05.638 Df ecosystemd[6857:660f0f] [com.apple.xpc:connection] [0x906c89400] failed to do a bootstrap look-up: xpc_error=[159: Unknown error: 159]
2026-05-21 01:45:05.639133,Mac Failed Login,70,Medium,Mac Local System,2026-05-21 01:45:05.638 Df ecosystemd[6857:660f0f] [com.apple.xpc:connection] [0x906c89400] invalidated after a failed init
2026-05-21 01:45:05.642405,Mac Failed Login,70,Medium,Mac Local System,2026-05-21 01:45:05.642 E  ecosystemd[6857:660f0f] (EcosystemAnalytics) EcosystemAnalytics.framework:RosettaCoordinator: getCodeSignatureInfo: SecStaticCodeCreate Failed url: <private>
2026-05-21 01:45:05.667043,Mac Failed Login,70,Medium,Mac Local System,2026-05-21 01:45:05.666 Df ecosystemanalyticsd[53070:660b6c] [com.apple.xpc:connection] [0xa56c7c640] failed to do a bootstrap look-up: xpc_error=[159: Unknown error: 159]
2026-05-21 01:45:05.667220,Mac Failed Login,70,Medium,Mac Local System,2026-05-21 01:45:05.666 Df ecosystemanalyticsd[53070:660b6c] [com.apple.xpc:connection] [0xa56c7c640] invalidated after a failed init
2026-05-21 01:45:05.699754,Mac Failed Login,70,Medium,Mac Local System,2026-05-21 01:45:05.699 Df ecosystemd[6857:660f0f] [com.apple.xpc:connection] [0x906c89400] failed to do a bootstrap look-up: xpc_error=[159: Unknown error: 159]
2026-05-21 01:45:05.700044,Mac Failed Login,70,Medium,Mac Local System,2026-05-21 01:45:05.699 Df ecosystemd[6857:660f0f] [com.apple.xpc:connection] [0x906c89400] invalidated after a failed init
2026-05-21 01:45:05.700127,Mac Failed Login,70,Medium,Mac Local System,2026-05-21 01:45:05.699 Df ecosystemanalyticsd[53070:660b6c] [com.apple.xpc:connection] [0xa56c7c640] failed to do a bootstrap look-up: xpc_error=[159: Unknown error: 159]
2026-05-21 01:45:05.700184,Mac Failed Login,70,Medium,Mac Local System,2026-05-21 01:45:05.699 Df ecosystemanalyticsd[53070:660b6c] [com.apple.xpc:connection] [0xa56c7c640] invalidated after a failed init
2026-05-21 01:45:05.701717,Mac Failed Login,70,Medium,Mac Local System,2026-05-21 01:45:05.701 E  ecosystemd[6857:660f0f] (EcosystemAnalytics) EcosystemAnalytics.framework:RosettaCoordinator: getCodeSignatureInfo: SecStaticCodeCreate Failed url: <private>
2026-05-21 01:45:05.702318,Mac Failed Login,70,Medium,Mac Local System,2026-05-21 01:45:05.702 Df ecosystemd[6857:660f0f] [com.apple.xpc:connection] [0x906c89400] failed to do a bootstrap look-up: xpc_error=[159: Unknown error: 159]
2026-05-21 01:45:05.702394,Mac Failed Login,70,Medium,Mac Local System,2026-05-21 01:45:05.702 Df ecosystemd[6857:660f0f] [com.apple.xpc:connection] [0x906c89400] invalidated after a failed init
2026-05-21 01:45:05.704055,Mac Failed Login,70,Medium,Mac Local System,2026-05-21 01:45:05.703 E  ecosystemd[6857:660f0f] (EcosystemAnalytics) EcosystemAnalytics.framework:RosettaCoordinator: getCodeSignatureInfo: SecStaticCodeCreate Failed url: <private>
2026-05-21 01:45:05.719106,Mac Failed Login,70,Medium,Mac Local System,2026-05-21 01:45:05.718 Df ecosystemanalyticsd[53070:660b6c] [com.apple.xpc:connection] [0xa56c7c640] failed to do a bootstrap look-up: xpc_error=[159: Unknown error: 159]
2026-05-21 01:45:05.719294,Mac Failed Login,70,Medium,Mac Local System,2026-05-21 01:45:05.718 Df ecosystemanalyticsd[53070:660b6c] [com.apple.xpc:connection] [0xa56c7c640] invalidated after a failed init
2026-05-21 01:45:05.749150,Mac Failed Login,70,Medium,Mac Local System,2026-05-21 01:45:05.748 Df ecosystemd[6857:660f0f] [com.apple.xpc:connection] [0x906c89400] failed to do a bootstrap look-up: xpc_error=[159: Unknown error: 159]
2026-05-21 01:45:05.749306,Mac Failed Login,70,Medium,Mac Local System,2026-05-21 01:45:05.749 Df ecosystemd[6857:660f0f] [com.apple.xpc:connection] [0x906c89400] invalidated after a failed init
2026-05-21 01:45:05.749424,Mac Failed Login,70,Medium,Mac Local System,2026-05-21 01:45:05.749 Df ecosystemanalyticsd[53070:660b6c] [com.apple.xpc:connection] [0xa56c7c640] failed to do a bootstrap look-up: xpc_error=[159: Unknown error: 159]
2026-05-21 01:45:05.749503,Mac Failed Login,70,Medium,Mac Local System,2026-05-21 01:45:05.749 Df ecosystemanalyticsd[53070:660b6c] [com.apple.xpc:connection] [0xa56c7c640] invalidated after a failed init
2026-05-21 01:45:05.751041,Mac Failed Login,70,Medium,Mac Local System,2026-05-21 01:45:05.750 E  ecosystemd[6857:660f0f] (EcosystemAnalytics) EcosystemAnalytics.framework:RosettaCoordinator: getCodeSignatureInfo: SecStaticCodeCreate Failed url: <private>
2026-05-21 01:45:05.751912,Mac Failed Login,70,Medium,Mac Local System,2026-05-21 01:45:05.751 Df ecosystemd[6857:660f0f] [com.apple.xpc:connection] [0x906c89400] failed to do a bootstrap look-up: xpc_error=[159: Unknown error: 159]
2026-05-21 01:45:05.752193,Mac Failed Login,70,Medium,Mac Local System,2026-05-21 01:45:05.751 Df ecosystemd[6857:660f0f] [com.apple.xpc:connection] [0x906c89400] invalidated after a failed init
2026-05-21 01:45:05.755591,Mac Failed Login,70,Medium,Mac Local System,2026-05-21 01:45:05.755 E  ecosystemd[6857:660f0f] (EcosystemAnalytics) EcosystemAnalytics.framework:RosettaCoordinator: getCodeSignatureInfo: SecStaticCodeCreate Failed url: <private>
2026-05-21 01:45:05.771539,Mac Failed Login,70,Medium,Mac Local System,2026-05-21 01:45:05.771 Df ecosystemanalyticsd[53070:660b6c] [com.apple.xpc:connection] [0xa56c7c640] failed to do a bootstrap look-up: xpc_error=[159: Unknown error: 159]
2026-05-21 01:45:05.771672,Mac Failed Login,70,Medium,Mac Local System,2026-05-21 01:45:05.771 Df ecosystemanalyticsd[53070:660b6c] [com.apple.xpc:connection] [0xa56c7c640] invalidated after a failed init
2026-05-21 01:45:05.788858,Mac Failed Login,70,Medium,Mac Local System,2026-05-21 01:45:05.788 Df ecosystemanalyticsd[53070:660b6c] [com.apple.xpc:connection] [0xa56c7c640] failed to do a bootstrap look-up: xpc_error=[159: Unknown error: 159]
2026-05-21 01:45:05.789110,Mac Failed Login,70,Medium,Mac Local System,2026-05-21 01:45:05.788 Df ecosystemanalyticsd[53070:660b6c] [com.apple.xpc:connection] [0xa56c7c640] invalidated after a failed init
2026-05-21 01:45:05.789369,Mac Failed Login,70,Medium,Mac Local System,2026-05-21 01:45:05.789 Df ecosystemd[6857:660f0f] [com.apple.xpc:connection] [0x906c89400] failed to do a bootstrap look-up: xpc_error=[159: Unknown error: 159]
2026-05-21 01:45:05.789474,Mac Failed Login,70,Medium,Mac Local System,2026-05-21 01:45:05.789 Df ecosystemd[6857:660f0f] [com.apple.xpc:connection] [0x906c89400] invalidated after a failed init
2026-05-21 01:45:05.791461,Mac Failed Login,70,Medium,Mac Local System,2026-05-21 01:45:05.791 E  ecosystemd[6857:660f0f] (EcosystemAnalytics) EcosystemAnalytics.framework:RosettaCoordinator: getCodeSignatureInfo: SecStaticCodeCreate Failed url: <private>
2026-05-21 01:45:05.792123,Mac Failed Login,70,Medium,Mac Local System,2026-05-21 01:45:05.791 Df ecosystemd[6857:660f0f] [com.apple.xpc:connection] [0x906c89400] failed to do a bootstrap look-up: xpc_error=[159: Unknown error: 159]
2026-05-21 01:45:05.792233,Mac Failed Login,70,Medium,Mac Local System,2026-05-21 01:45:05.791 Df ecosystemd[6857:660f0f] [com.apple.xpc:connection] [0x906c89400] invalidated after a failed init
2026-05-21 01:45:05.794128,Mac Failed Login,70,Medium,Mac Local System,2026-05-21 01:45:05.793 E  ecosystemd[6857:660f0f] (EcosystemAnalytics) EcosystemAnalytics.framework:RosettaCoordinator: getCodeSignatureInfo: SecStaticCodeCreate Failed url: <private>
2026-05-21 01:45:05.804201,Mac Failed Login,70,Medium,Mac Local System,2026-05-21 01:45:05.804 Df ecosystemanalyticsd[53070:660b6c] [com.apple.xpc:connection] [0xa56c7c640] failed to do a bootstrap look-up: xpc_error=[159: Unknown error: 159]
2026-05-21 01:45:05.804348,Mac Failed Login,70,Medium,Mac Local System,2026-05-21 01:45:05.804 Df ecosystemanalyticsd[53070:660b6c] [com.apple.xpc:connection] [0xa56c7c640] invalidated after a failed init
2026-05-21 01:45:05.830098,Mac Failed Login,70,Medium,Mac Local System,2026-05-21 01:45:05.829 Df ecosystemanalyticsd[53070:660b6c] [com.apple.xpc:connection] [0xa56c7c640] failed to do a bootstrap look-up: xpc_error=[159: Unknown error: 159]
2026-05-21 01:45:05.830331,Mac Failed Login,70,Medium,Mac Local System,2026-05-21 01:45:05.829 Df ecosystemanalyticsd[53070:660b6c] [com.apple.xpc:connection] [0xa56c7c640] invalidated after a failed init
2026-05-21 01:45:05.830596,Mac Failed Login,70,Medium,Mac Local System,2026-05-21 01:45:05.830 Df ecosystemd[6857:660f0f] [com.apple.xpc:connection] [0x906c89400] failed to do a bootstrap look-up: xpc_error=[159: Unknown error: 159]
2026-05-21 01:45:05.830660,Mac Failed Login,70,Medium,Mac Local System,2026-05-21 01:45:05.830 Df ecosystemd[6857:660f0f] [com.apple.xpc:connection] [0x906c89400] invalidated after a failed init
2026-05-21 01:45:05.833208,Mac Failed Login,70,Medium,Mac Local System,2026-05-21 01:45:05.832 E  ecosystemd[6857:660f0f] (EcosystemAnalytics) EcosystemAnalytics.framework:RosettaCoordinator: getCodeSignatureInfo: SecStaticCodeCreate Failed url: <private>
2026-05-21 01:45:05.833895,Mac Failed Login,70,Medium,Mac Local System,2026-05-21 01:45:05.833 Df ecosystemd[6857:660f0f] [com.apple.xpc:connection] [0x906c89400] failed to do a bootstrap look-up: xpc_error=[159: Unknown error: 159]
2026-05-21 01:45:05.833979,Mac Failed Login,70,Medium,Mac Local System,2026-05-21 01:45:05.833 Df ecosystemd[6857:660f0f] [com.apple.xpc:connection] [0x906c89400] invalidated after a failed init
2026-05-21 01:45:05.835546,Mac Failed Login,70,Medium,Mac Local System,2026-05-21 01:45:05.835 E  ecosystemd[6857:660f0f] (EcosystemAnalytics) EcosystemAnalytics.framework:RosettaCoordinator: getCodeSignatureInfo: SecStaticCodeCreate Failed url: <private>
2026-05-21 01:45:05.850214,Mac Failed Login,70,Medium,Mac Local System,2026-05-21 01:45:05.850 Df ecosystemanalyticsd[53070:660b6c] [com.apple.xpc:connection] [0xa56c7c640] failed to do a bootstrap look-up: xpc_error=[159: Unknown error: 159]
2026-05-21 01:45:05.850358,Mac Failed Login,70,Medium,Mac Local System,2026-05-21 01:45:05.850 Df ecosystemanalyticsd[53070:660b6c] [com.apple.xpc:connection] [0xa56c7c640] invalidated after a failed init
2026-05-21 01:45:05.865977,Mac Failed Login,70,Medium,Mac Local System,2026-05-21 01:45:05.865 Df ecosystemanalyticsd[53070:660b6c] [com.apple.xpc:connection] [0xa56c7c640] failed to do a bootstrap look-up: xpc_error=[159: Unknown error: 159]
2026-05-21 01:45:05.866197,Mac Failed Login,70,Medium,Mac Local System,2026-05-21 01:45:05.865 Df ecosystemanalyticsd[53070:660b6c] [com.apple.xpc:connection] [0xa56c7c640] invalidated after a failed init
2026-05-21 01:45:05.866417,Mac Failed Login,70,Medium,Mac Local System,2026-05-21 01:45:05.866 Df ecosystemd[6857:660f0f] [com.apple.xpc:connection] [0x906c89400] failed to do a bootstrap look-up: xpc_error=[159: Unknown error: 159]
2026-05-21 01:45:05.866522,Mac Failed Login,70,Medium,Mac Local System,2026-05-21 01:45:05.866 Df ecosystemd[6857:660f0f] [com.apple.xpc:connection] [0x906c89400] invalidated after a failed init
2026-05-21 01:45:05.868125,Mac Failed Login,70,Medium,Mac Local System,2026-05-21 01:45:05.867 E  ecosystemd[6857:660f0f] (EcosystemAnalytics) EcosystemAnalytics.framework:RosettaCoordinator: getCodeSignatureInfo: SecStaticCodeCreate Failed url: <private>
2026-05-21 01:45:05.868599,Mac Failed Login,70,Medium,Mac Local System,2026-05-21 01:45:05.868 Df ecosystemd[6857:660f0f] [com.apple.xpc:connection] [0x906c89400] failed to do a bootstrap look-up: xpc_error=[159: Unknown error: 159]
2026-05-21 01:45:05.868689,Mac Failed Login,70,Medium,Mac Local System,2026-05-21 01:45:05.868 Df ecosystemd[6857:660f0f] [com.apple.xpc:connection] [0x906c89400] invalidated after a failed init
2026-05-21 01:45:05.870369,Mac Failed Login,70,Medium,Mac Local System,2026-05-21 01:45:05.870 E  ecosystemd[6857:660f0f] (EcosystemAnalytics) EcosystemAnalytics.framework:RosettaCoordinator: getCodeSignatureInfo: SecStaticCodeCreate Failed url: <private>
2026-05-21 01:45:05.879476,Mac Failed Login,70,Medium,Mac Local System,2026-05-21 01:45:05.879 Df ecosystemanalyticsd[53070:660b6c] [com.apple.xpc:connection] [0xa56c7c640] failed to do a bootstrap look-up: xpc_error=[159: Unknown error: 159]
2026-05-21 01:45:05.879580,Mac Failed Login,70,Medium,Mac Local System,2026-05-21 01:45:05.879 Df ecosystemanalyticsd[53070:660b6c] [com.apple.xpc:connection] [0xa56c7c640] invalidated after a failed init
2026-05-21 01:45:05.905193,Mac Failed Login,70,Medium,Mac Local System,2026-05-21 01:45:05.904 Df ecosystemd[6857:660f0f] [com.apple.xpc:connection] [0x906c89400] failed to do a bootstrap look-up: xpc_error=[159: Unknown error: 159]
2026-05-21 01:45:05.905374,Mac Failed Login,70,Medium,Mac Local System,2026-05-21 01:45:05.904 Df ecosystemd[6857:660f0f] [com.apple.xpc:connection] [0x906c89400] invalidated after a failed init
2026-05-21 01:45:05.905755,Mac Failed Login,70,Medium,Mac Local System,2026-05-21 01:45:05.905 Df ecosystemanalyticsd[53070:660b6c] [com.apple.xpc:connection] [0xa56c7c640] failed to do a bootstrap look-up: xpc_error=[159: Unknown error: 159]
2026-05-21 01:45:05.905973,Mac Failed Login,70,Medium,Mac Local System,2026-05-21 01:45:05.905 Df ecosystemanalyticsd[53070:660b6c] [com.apple.xpc:connection] [0xa56c7c640] invalidated after a failed init
2026-05-21 01:45:05.909056,Mac Failed Login,70,Medium,Mac Local System,2026-05-21 01:45:05.908 E  ecosystemd[6857:660f0f] (EcosystemAnalytics) EcosystemAnalytics.framework:RosettaCoordinator: getCodeSignatureInfo: SecStaticCodeCreate Failed url: <private>
2026-05-21 01:45:05.909817,Mac Failed Login,70,Medium,Mac Local System,2026-05-21 01:45:05.909 Df ecosystemd[6857:660f0f] [com.apple.xpc:connection] [0x906c89400] failed to do a bootstrap look-up: xpc_error=[159: Unknown error: 159]
2026-05-21 01:45:05.909877,Mac Failed Login,70,Medium,Mac Local System,2026-05-21 01:45:05.909 Df ecosystemd[6857:660f0f] [com.apple.xpc:connection] [0x906c89400] invalidated after a failed init
2026-05-21 01:45:05.911111,Mac Failed Login,70,Medium,Mac Local System,2026-05-21 01:45:05.910 E  ecosystemd[6857:660f0f] (EcosystemAnalytics) EcosystemAnalytics.framework:RosettaCoordinator: getCodeSignatureInfo: SecStaticCodeCreate Failed url: <private>
2026-05-21 01:45:05.921594,Mac Failed Login,70,Medium,Mac Local System,2026-05-21 01:45:05.921 Df ecosystemanalyticsd[53070:660b6c] [com.apple.xpc:connection] [0xa56c7c640] failed to do a bootstrap look-up: xpc_error=[159: Unknown error: 159]
2026-05-21 01:45:05.921717,Mac Failed Login,70,Medium,Mac Local System,2026-05-21 01:45:05.921 Df ecosystemanalyticsd[53070:660b6c] [com.apple.xpc:connection] [0xa56c7c640] invalidated after a failed init
2026-05-21 01:45:05.948434,Mac Failed Login,70,Medium,Mac Local System,2026-05-21 01:45:05.948 Df ecosystemanalyticsd[53070:660b6c] [com.apple.xpc:connection] [0xa56c7c640] failed to do a bootstrap look-up: xpc_error=[159: Unknown error: 159]
2026-05-21 01:45:05.948736,Mac Failed Login,70,Medium,Mac Local System,2026-05-21 01:45:05.948 Df ecosystemanalyticsd[53070:660b6c] [com.apple.xpc:connection] [0xa56c7c640] invalidated after a failed init
2026-05-21 01:45:05.948976,Mac Failed Login,70,Medium,Mac Local System,2026-05-21 01:45:05.948 Df ecosystemd[6857:660f0f] [com.apple.xpc:connection] [0x906c89400] failed to do a bootstrap look-up: xpc_error=[159: Unknown error: 159]
2026-05-21 01:45:05.949115,Mac Failed Login,70,Medium,Mac Local System,2026-05-21 01:45:05.948 Df ecosystemd[6857:660f0f] [com.apple.xpc:connection] [0x906c89400] invalidated after a failed init
2026-05-21 01:45:05.951171,Mac Failed Login,70,Medium,Mac Local System,2026-05-21 01:45:05.950 E  ecosystemd[6857:660f0f] (EcosystemAnalytics) EcosystemAnalytics.framework:RosettaCoordinator: getCodeSignatureInfo: SecStaticCodeCreate Failed url: <private>
2026-05-21 01:45:05.951697,Mac Failed Login,70,Medium,Mac Local System,2026-05-21 01:45:05.951 Df ecosystemd[6857:660f0f] [com.apple.xpc:connection] [0x906c89400] failed to do a bootstrap look-up: xpc_error=[159: Unknown error: 159]
2026-05-21 01:45:05.951799,Mac Failed Login,70,Medium,Mac Local System,2026-05-21 01:45:05.951 Df ecosystemd[6857:660f0f] [com.apple.xpc:connection] [0x906c89400] invalidated after a failed init
2026-05-21 01:45:05.953264,Mac Failed Login,70,Medium,Mac Local System,2026-05-21 01:45:05.953 E  ecosystemd[6857:660f0f] (EcosystemAnalytics) EcosystemAnalytics.framework:RosettaCoordinator: getCodeSignatureInfo: SecStaticCodeCreate Failed url: <private>
2026-05-21 01:45:05.964567,Mac Failed Login,70,Medium,Mac Local System,2026-05-21 01:45:05.964 Df ecosystemanalyticsd[53070:660b6c] [com.apple.xpc:connection] [0xa56c7c640] failed to do a bootstrap look-up: xpc_error=[159: Unknown error: 159]
2026-05-21 01:45:05.964753,Mac Failed Login,70,Medium,Mac Local System,2026-05-21 01:45:05.964 Df ecosystemanalyticsd[53070:660b6c] [com.apple.xpc:connection] [0xa56c7c640] invalidated after a failed init
2026-05-21 01:45:05.985629,Mac Failed Login,70,Medium,Mac Local System,2026-05-21 01:45:05.985 Df ecosystemanalyticsd[53070:660b6c] [com.apple.xpc:connection] [0xa56c7c640] failed to do a bootstrap look-up: xpc_error=[159: Unknown error: 159]
2026-05-21 01:45:05.985816,Mac Failed Login,70,Medium,Mac Local System,2026-05-21 01:45:05.985 Df ecosystemanalyticsd[53070:660b6c] [com.apple.xpc:connection] [0xa56c7c640] invalidated after a failed init
2026-05-21 01:45:05.985946,Mac Failed Login,70,Medium,Mac Local System,2026-05-21 01:45:05.985 Df ecosystemd[6857:660f0f] [com.apple.xpc:connection] [0x906c89400] failed to do a bootstrap look-up: xpc_error=[159: Unknown error: 159]
2026-05-21 01:45:05.985993,Mac Failed Login,70,Medium,Mac Local System,2026-05-21 01:45:05.985 Df ecosystemd[6857:660f0f] [com.apple.xpc:connection] [0x906c89400] invalidated after a failed init
2026-05-21 01:45:05.987440,Mac Failed Login,70,Medium,Mac Local System,2026-05-21 01:45:05.987 E  ecosystemd[6857:660f0f] (EcosystemAnalytics) EcosystemAnalytics.framework:RosettaCoordinator: getCodeSignatureInfo: SecStaticCodeCreate Failed url: <private>
2026-05-21 01:45:05.987873,Mac Failed Login,70,Medium,Mac Local System,2026-05-21 01:45:05.987 Df ecosystemd[6857:660f0f] [com.apple.xpc:connection] [0x906c89400] failed to do a bootstrap look-up: xpc_error=[159: Unknown error: 159]
2026-05-21 01:45:05.987955,Mac Failed Login,70,Medium,Mac Local System,2026-05-21 01:45:05.987 Df ecosystemd[6857:660f0f] [com.apple.xpc:connection] [0x906c89400] invalidated after a failed init
2026-05-21 01:45:05.989169,Mac Failed Login,70,Medium,Mac Local System,2026-05-21 01:45:05.988 E  ecosystemd[6857:660f0f] (EcosystemAnalytics) EcosystemAnalytics.framework:RosettaCoordinator: getCodeSignatureInfo: SecStaticCodeCreate Failed url: <private>
2026-05-21 01:45:06.003119,Mac Failed Login,70,Medium,Mac Local System,2026-05-21 01:45:06.002 Df ecosystemanalyticsd[53070:660b6c] [com.apple.xpc:connection] [0xa56c7c640] failed to do a bootstrap look-up: xpc_error=[159: Unknown error: 159]
2026-05-21 01:45:06.003474,Mac Failed Login,70,Medium,Mac Local System,2026-05-21 01:45:06.002 Df ecosystemanalyticsd[53070:660b6c] [com.apple.xpc:connection] [0xa56c7c640] invalidated after a failed init
2026-05-21 01:45:06.036457,Mac Failed Login,70,Medium,Mac Local System,2026-05-21 01:45:06.036 Df ecosystemd[6857:660f0f] [com.apple.xpc:connection] [0x906c89400] failed to do a bootstrap look-up: xpc_error=[159: Unknown error: 159]
2026-05-21 01:45:06.036698,Mac Failed Login,70,Medium,Mac Local System,2026-05-21 01:45:06.036 Df ecosystemd[6857:660f0f] [com.apple.xpc:connection] [0x906c89400] invalidated after a failed init
2026-05-21 01:45:06.037362,Mac Failed Login,70,Medium,Mac Local System,2026-05-21 01:45:06.037 Df ecosystemanalyticsd[53070:660b6c] [com.apple.xpc:connection] [0xa56c7c640] failed to do a bootstrap look-up: xpc_error=[159: Unknown error: 159]
2026-05-21 01:45:06.037499,Mac Failed Login,70,Medium,Mac Local System,2026-05-21 01:45:06.037 Df ecosystemanalyticsd[53070:660b6c] [com.apple.xpc:connection] [0xa56c7c640] invalidated after a failed init
2026-05-21 01:45:06.039379,Mac Failed Login,70,Medium,Mac Local System,2026-05-21 01:45:06.039 E  ecosystemd[6857:660f0f] (EcosystemAnalytics) EcosystemAnalytics.framework:RosettaCoordinator: getCodeSignatureInfo: SecStaticCodeCreate Failed url: <private>
2026-05-21 01:45:06.040136,Mac Failed Login,70,Medium,Mac Local System,2026-05-21 01:45:06.039 Df ecosystemd[6857:660f0f] [com.apple.xpc:connection] [0x906c89400] failed to do a bootstrap look-up: xpc_error=[159: Unknown error: 159]
2026-05-21 01:45:06.040351,Mac Failed Login,70,Medium,Mac Local System,2026-05-21 01:45:06.039 Df ecosystemd[6857:660f0f] [com.apple.xpc:connection] [0x906c89400] invalidated after a failed init
2026-05-21 01:45:06.043755,Mac Failed Login,70,Medium,Mac Local System,2026-05-21 01:45:06.043 E  ecosystemd[6857:660f0f] (EcosystemAnalytics) EcosystemAnalytics.framework:RosettaCoordinator: getCodeSignatureInfo: SecStaticCodeCreate Failed url: <private>
2026-05-21 01:45:06.061061,Mac Failed Login,70,Medium,Mac Local System,2026-05-21 01:45:06.060 Df ecosystemanalyticsd[53070:660b6c] [com.apple.xpc:connection] [0xa56c7c640] failed to do a bootstrap look-up: xpc_error=[159: Unknown error: 159]
2026-05-21 01:45:06.061263,Mac Failed Login,70,Medium,Mac Local System,2026-05-21 01:45:06.060 Df ecosystemanalyticsd[53070:660b6c] [com.apple.xpc:connection] [0xa56c7c640] invalidated after a failed init
2026-05-21 01:45:06.088489,Mac Failed Login,70,Medium,Mac Local System,2026-05-21 01:45:06.088 Df ecosystemanalyticsd[53070:660b6c] [com.apple.xpc:connection] [0xa56c7c640] failed to do a bootstrap look-up: xpc_error=[159: Unknown error: 159]
2026-05-21 01:45:06.088756,Mac Failed Login,70,Medium,Mac Local System,2026-05-21 01:45:06.088 Df ecosystemanalyticsd[53070:660b6c] [com.apple.xpc:connection] [0xa56c7c640] invalidated after a failed init
2026-05-21 01:45:06.089206,Mac Failed Login,70,Medium,Mac Local System,2026-05-21 01:45:06.088 Df ecosystemd[6857:660f0f] [com.apple.xpc:connection] [0x906c89400] failed to do a bootstrap look-up: xpc_error=[159: Unknown error: 159]
2026-05-21 01:45:06.089322,Mac Failed Login,70,Medium,Mac Local System,2026-05-21 01:45:06.089 Df ecosystemd[6857:660f0f] [com.apple.xpc:connection] [0x906c89400] invalidated after a failed init
2026-05-21 01:45:06.091650,Mac Failed Login,70,Medium,Mac Local System,2026-05-21 01:45:06.091 E  ecosystemd[6857:660f0f] (EcosystemAnalytics) EcosystemAnalytics.framework:RosettaCoordinator: getCodeSignatureInfo: SecStaticCodeCreate Failed url: <private>
2026-05-21 01:45:06.092585,Mac Failed Login,70,Medium,Mac Local System,2026-05-21 01:45:06.092 Df ecosystemd[6857:660f0f] [com.apple.xpc:connection] [0x906c89400] failed to do a bootstrap look-up: xpc_error=[159: Unknown error: 159]
2026-05-21 01:45:06.092746,Mac Failed Login,70,Medium,Mac Local System,2026-05-21 01:45:06.092 Df ecosystemd[6857:660f0f] [com.apple.xpc:connection] [0x906c89400] invalidated after a failed init
2026-05-21 01:45:06.094530,Mac Failed Login,70,Medium,Mac Local System,2026-05-21 01:45:06.094 E  ecosystemd[6857:660f0f] (EcosystemAnalytics) EcosystemAnalytics.framework:RosettaCoordinator: getCodeSignatureInfo: SecStaticCodeCreate Failed url: <private>
2026-05-21 01:45:06.109880,Mac Failed Login,70,Medium,Mac Local System,2026-05-21 01:45:06.109 Df ecosystemanalyticsd[53070:660b6c] [com.apple.xpc:connection] [0xa56c7c640] failed to do a bootstrap look-up: xpc_error=[159: Unknown error: 159]
2026-05-21 01:45:06.110083,Mac Failed Login,70,Medium,Mac Local System,2026-05-21 01:45:06.109 Df ecosystemanalyticsd[53070:660b6c] [com.apple.xpc:connection] [0xa56c7c640] invalidated after a failed init
2026-05-21 01:45:06.135741,Mac Failed Login,70,Medium,Mac Local System,2026-05-21 01:45:06.135 Df ecosystemanalyticsd[53070:660b6c] [com.apple.xpc:connection] [0xa56c7c640] failed to do a bootstrap look-up: xpc_error=[159: Unknown error: 159]
2026-05-21 01:45:06.135970,Mac Failed Login,70,Medium,Mac Local System,2026-05-21 01:45:06.135 Df ecosystemanalyticsd[53070:660b6c] [com.apple.xpc:connection] [0xa56c7c640] invalidated after a failed init
2026-05-21 01:45:06.136196,Mac Failed Login,70,Medium,Mac Local System,2026-05-21 01:45:06.135 Df ecosystemd[6857:660f0f] [com.apple.xpc:connection] [0x906c89400] failed to do a bootstrap look-up: xpc_error=[159: Unknown error: 159]
2026-05-21 01:45:06.136282,Mac Failed Login,70,Medium,Mac Local System,2026-05-21 01:45:06.136 Df ecosystemd[6857:660f0f] [com.apple.xpc:connection] [0x906c89400] invalidated after a failed init
2026-05-21 01:45:06.138363,Mac Failed Login,70,Medium,Mac Local System,2026-05-21 01:45:06.138 E  ecosystemd[6857:660f0f] (EcosystemAnalytics) EcosystemAnalytics.framework:RosettaCoordinator: getCodeSignatureInfo: SecStaticCodeCreate Failed url: <private>
2026-05-21 01:45:06.139137,Mac Failed Login,70,Medium,Mac Local System,2026-05-21 01:45:06.138 Df ecosystemd[6857:660f0f] [com.apple.xpc:connection] [0x906c89400] failed to do a bootstrap look-up: xpc_error=[159: Unknown error: 159]
2026-05-21 01:45:06.139255,Mac Failed Login,70,Medium,Mac Local System,2026-05-21 01:45:06.138 Df ecosystemd[6857:660f0f] [com.apple.xpc:connection] [0x906c89400] invalidated after a failed init
2026-05-21 01:45:06.140945,Mac Failed Login,70,Medium,Mac Local System,2026-05-21 01:45:06.140 E  ecosystemd[6857:660f0f] (EcosystemAnalytics) EcosystemAnalytics.framework:RosettaCoordinator: getCodeSignatureInfo: SecStaticCodeCreate Failed url: <private>
2026-05-21 01:45:06.156158,Mac Failed Login,70,Medium,Mac Local System,2026-05-21 01:45:06.155 Df ecosystemanalyticsd[53070:660b6c] [com.apple.xpc:connection] [0xa56c7c640] failed to do a bootstrap look-up: xpc_error=[159: Unknown error: 159]
2026-05-21 01:45:06.156352,Mac Failed Login,70,Medium,Mac Local System,2026-05-21 01:45:06.155 Df ecosystemanalyticsd[53070:660b6c] [com.apple.xpc:connection] [0xa56c7c640] invalidated after a failed init
2026-05-21 01:45:06.183938,Mac Failed Login,70,Medium,Mac Local System,2026-05-21 01:45:06.183 Df ecosystemanalyticsd[53070:660b6c] [com.apple.xpc:connection] [0xa56c7c640] failed to do a bootstrap look-up: xpc_error=[159: Unknown error: 159]
2026-05-21 01:45:06.184151,Mac Failed Login,70,Medium,Mac Local System,2026-05-21 01:45:06.183 Df ecosystemanalyticsd[53070:660b6c] [com.apple.xpc:connection] [0xa56c7c640] invalidated after a failed init
2026-05-21 01:45:06.184239,Mac Failed Login,70,Medium,Mac Local System,2026-05-21 01:45:06.184 Df ecosystemd[6857:660f0f] [com.apple.xpc:connection] [0x906c89400] failed to do a bootstrap look-up: xpc_error=[159: Unknown error: 159]
2026-05-21 01:45:06.184290,Mac Failed Login,70,Medium,Mac Local System,2026-05-21 01:45:06.184 Df ecosystemd[6857:660f0f] [com.apple.xpc:connection] [0x906c89400] invalidated after a failed init
2026-05-21 01:45:06.185639,Mac Failed Login,70,Medium,Mac Local System,2026-05-21 01:45:06.185 E  ecosystemd[6857:660f0f] (EcosystemAnalytics) EcosystemAnalytics.framework:RosettaCoordinator: getCodeSignatureInfo: SecStaticCodeCreate Failed url: <private>
2026-05-21 01:45:06.186076,Mac Failed Login,70,Medium,Mac Local System,2026-05-21 01:45:06.185 Df ecosystemd[6857:660f0f] [com.apple.xpc:connection] [0x906c89400] failed to do a bootstrap look-up: xpc_error=[159: Unknown error: 159]
2026-05-21 01:45:06.186157,Mac Failed Login,70,Medium,Mac Local System,2026-05-21 01:45:06.185 Df ecosystemd[6857:660f0f] [com.apple.xpc:connection] [0x906c89400] invalidated after a failed init
2026-05-21 01:45:06.187612,Mac Failed Login,70,Medium,Mac Local System,2026-05-21 01:45:06.187 E  ecosystemd[6857:660f0f] (EcosystemAnalytics) EcosystemAnalytics.framework:RosettaCoordinator: getCodeSignatureInfo: SecStaticCodeCreate Failed url: <private>
2026-05-21 01:45:06.199946,Mac Failed Login,70,Medium,Mac Local System,2026-05-21 01:45:06.199 Df ecosystemanalyticsd[53070:660b6c] [com.apple.xpc:connection] [0xa56c7c640] failed to do a bootstrap look-up: xpc_error=[159: Unknown error: 159]
2026-05-21 01:45:06.200058,Mac Failed Login,70,Medium,Mac Local System,2026-05-21 01:45:06.199 Df ecosystemanalyticsd[53070:660b6c] [com.apple.xpc:connection] [0xa56c7c640] invalidated after a failed init
2026-05-21 01:45:06.225689,Mac Failed Login,70,Medium,Mac Local System,2026-05-21 01:45:06.225 Df ecosystemd[6857:660f0f] [com.apple.xpc:connection] [0x906c89400] failed to do a bootstrap look-up: xpc_error=[159: Unknown error: 159]
2026-05-21 01:45:06.225809,Mac Failed Login,70,Medium,Mac Local System,2026-05-21 01:45:06.225 Df ecosystemd[6857:660f0f] [com.apple.xpc:connection] [0x906c89400] invalidated after a failed init
2026-05-21 01:45:06.226223,Mac Failed Login,70,Medium,Mac Local System,2026-05-21 01:45:06.226 Df ecosystemanalyticsd[53070:660b6c] [com.apple.xpc:connection] [0xa56c7c640] failed to do a bootstrap look-up: xpc_error=[159: Unknown error: 159]
2026-05-21 01:45:06.226288,Mac Failed Login,70,Medium,Mac Local System,2026-05-21 01:45:06.226 Df ecosystemanalyticsd[53070:660b6c] [com.apple.xpc:connection] [0xa56c7c640] invalidated after a failed init
2026-05-21 01:45:06.227414,Mac Failed Login,70,Medium,Mac Local System,2026-05-21 01:45:06.227 E  ecosystemd[6857:660f0f] (EcosystemAnalytics) EcosystemAnalytics.framework:RosettaCoordinator: getCodeSignatureInfo: SecStaticCodeCreate Failed url: <private>
2026-05-21 01:45:06.227856,Mac Failed Login,70,Medium,Mac Local System,2026-05-21 01:45:06.227 Df ecosystemd[6857:660f0f] [com.apple.xpc:connection] [0x906c89400] failed to do a bootstrap look-up: xpc_error=[159: Unknown error: 159]
2026-05-21 01:45:06.227918,Mac Failed Login,70,Medium,Mac Local System,2026-05-21 01:45:06.227 Df ecosystemd[6857:660f0f] [com.apple.xpc:connection] [0x906c89400] invalidated after a failed init
2026-05-21 01:45:06.228852,Mac Failed Login,70,Medium,Mac Local System,2026-05-21 01:45:06.228 E  ecosystemd[6857:660f0f] (EcosystemAnalytics) EcosystemAnalytics.framework:RosettaCoordinator: getCodeSignatureInfo: SecStaticCodeCreate Failed url: <private>
2026-05-21 01:45:06.236489,Mac Failed Login,70,Medium,Mac Local System,2026-05-21 01:45:06.236 Df ecosystemanalyticsd[53070:660b6c] [com.apple.xpc:connection] [0xa56c7c640] failed to do a bootstrap look-up: xpc_error=[159: Unknown error: 159]
2026-05-21 01:45:06.236605,Mac Failed Login,70,Medium,Mac Local System,2026-05-21 01:45:06.236 Df ecosystemanalyticsd[53070:660b6c] [com.apple.xpc:connection] [0xa56c7c640] invalidated after a failed init
2026-05-21 01:45:06.259185,Mac Failed Login,70,Medium,Mac Local System,2026-05-21 01:45:06.258 Df ecosystemanalyticsd[53070:660b6c] [com.apple.xpc:connection] [0xa56c7c640] failed to do a bootstrap look-up: xpc_error=[159: Unknown error: 159]
2026-05-21 01:45:06.259732,Mac Failed Login,70,Medium,Mac Local System,2026-05-21 01:45:06.259 Df ecosystemanalyticsd[53070:660b6c] [com.apple.xpc:connection] [0xa56c7c640] invalidated after a failed init
2026-05-21 01:45:06.259965,Mac Failed Login,70,Medium,Mac Local System,2026-05-21 01:45:06.259 Df ecosystemd[6857:660f0f] [com.apple.xpc:connection] [0x906c89400] failed to do a bootstrap look-up: xpc_error=[159: Unknown error: 159]
2026-05-21 01:45:06.260024,Mac Failed Login,70,Medium,Mac Local System,2026-05-21 01:45:06.259 Df ecosystemd[6857:660f0f] [com.apple.xpc:connection] [0x906c89400] invalidated after a failed init
2026-05-21 01:45:06.261353,Mac Failed Login,70,Medium,Mac Local System,2026-05-21 01:45:06.261 E  ecosystemd[6857:660f0f] (EcosystemAnalytics) EcosystemAnalytics.framework:RosettaCoordinator: getCodeSignatureInfo: SecStaticCodeCreate Failed url: <private>
2026-05-21 01:45:06.261747,Mac Failed Login,70,Medium,Mac Local System,2026-05-21 01:45:06.261 Df ecosystemd[6857:660f0f] [com.apple.xpc:connection] [0x906c89400] failed to do a bootstrap look-up: xpc_error=[159: Unknown error: 159]
2026-05-21 01:45:06.261823,Mac Failed Login,70,Medium,Mac Local System,2026-05-21 01:45:06.261 Df ecosystemd[6857:660f0f] [com.apple.xpc:connection] [0x906c89400] invalidated after a failed init
2026-05-21 01:45:06.262957,Mac Failed Login,70,Medium,Mac Local System,2026-05-21 01:45:06.262 E  ecosystemd[6857:660f0f] (EcosystemAnalytics) EcosystemAnalytics.framework:RosettaCoordinator: getCodeSignatureInfo: SecStaticCodeCreate Failed url: <private>
2026-05-21 01:45:06.274531,Mac Failed Login,70,Medium,Mac Local System,2026-05-21 01:45:06.274 Df ecosystemanalyticsd[53070:660b6c] [com.apple.xpc:connection] [0xa56c7c640] failed to do a bootstrap look-up: xpc_error=[159: Unknown error: 159]
2026-05-21 01:45:06.274699,Mac Failed Login,70,Medium,Mac Local System,2026-05-21 01:45:06.274 Df ecosystemanalyticsd[53070:660b6c] [com.apple.xpc:connection] [0xa56c7c640] invalidated after a failed init
2026-05-21 01:45:06.296509,Mac Failed Login,70,Medium,Mac Local System,2026-05-21 01:45:06.296 Df ecosystemanalyticsd[53070:660b6c] [com.apple.xpc:connection] [0xa56c7c640] failed to do a bootstrap look-up: xpc_error=[159: Unknown error: 159]
2026-05-21 01:45:06.296800,Mac Failed Login,70,Medium,Mac Local System,2026-05-21 01:45:06.296 Df ecosystemanalyticsd[53070:660b6c] [com.apple.xpc:connection] [0xa56c7c640] invalidated after a failed init
2026-05-21 01:45:06.297041,Mac Failed Login,70,Medium,Mac Local System,2026-05-21 01:45:06.296 Df ecosystemd[6857:660f0f] [com.apple.xpc:connection] [0x906c89400] failed to do a bootstrap look-up: xpc_error=[159: Unknown error: 159]
2026-05-21 01:45:06.297102,Mac Failed Login,70,Medium,Mac Local System,2026-05-21 01:45:06.296 Df ecosystemd[6857:660f0f] [com.apple.xpc:connection] [0x906c89400] invalidated after a failed init
2026-05-21 01:45:06.298797,Mac Failed Login,70,Medium,Mac Local System,2026-05-21 01:45:06.298 E  ecosystemd[6857:660f0f] (EcosystemAnalytics) EcosystemAnalytics.framework:RosettaCoordinator: getCodeSignatureInfo: SecStaticCodeCreate Failed url: <private>
2026-05-21 01:45:06.299363,Mac Failed Login,70,Medium,Mac Local System,2026-05-21 01:45:06.299 Df ecosystemd[6857:660f0f] [com.apple.xpc:connection] [0x906c89400] failed to do a bootstrap look-up: xpc_error=[159: Unknown error: 159]
2026-05-21 01:45:06.299483,Mac Failed Login,70,Medium,Mac Local System,2026-05-21 01:45:06.299 Df ecosystemd[6857:660f0f] [com.apple.xpc:connection] [0x906c89400] invalidated after a failed init
2026-05-21 01:45:06.300592,Mac Failed Login,70,Medium,Mac Local System,2026-05-21 01:45:06.300 E  ecosystemd[6857:660f0f] (EcosystemAnalytics) EcosystemAnalytics.framework:RosettaCoordinator: getCodeSignatureInfo: SecStaticCodeCreate Failed url: <private>
2026-05-21 01:45:06.310133,Mac Failed Login,70,Medium,Mac Local System,2026-05-21 01:45:06.309 Df ecosystemanalyticsd[53070:660b6c] [com.apple.xpc:connection] [0xa56c7c640] failed to do a bootstrap look-up: xpc_error=[159: Unknown error: 159]
2026-05-21 01:45:06.310293,Mac Failed Login,70,Medium,Mac Local System,2026-05-21 01:45:06.310 Df ecosystemanalyticsd[53070:660b6c] [com.apple.xpc:connection] [0xa56c7c640] invalidated after a failed init
2026-05-21 01:45:06.337026,Mac Failed Login,70,Medium,Mac Local System,2026-05-21 01:45:06.336 Df ecosystemd[6857:660f0f] [com.apple.xpc:connection] [0x906c89400] failed to do a bootstrap look-up: xpc_error=[159: Unknown error: 159]
2026-05-21 01:45:06.337182,Mac Failed Login,70,Medium,Mac Local System,2026-05-21 01:45:06.336 Df ecosystemd[6857:660f0f] [com.apple.xpc:connection] [0x906c89400] invalidated after a failed init
2026-05-21 01:45:06.337230,Mac Failed Login,70,Medium,Mac Local System,2026-05-21 01:45:06.336 Df ecosystemanalyticsd[53070:660b6c] [com.apple.xpc:connection] [0xa56c7c640] failed to do a bootstrap look-up: xpc_error=[159: Unknown error: 159]
2026-05-21 01:45:06.337274,Mac Failed Login,70,Medium,Mac Local System,2026-05-21 01:45:06.337 Df ecosystemanalyticsd[53070:660b6c] [com.apple.xpc:connection] [0xa56c7c640] invalidated after a failed init
2026-05-21 01:45:06.338876,Mac Failed Login,70,Medium,Mac Local System,2026-05-21 01:45:06.338 E  ecosystemd[6857:660f0f] (EcosystemAnalytics) EcosystemAnalytics.framework:RosettaCoordinator: getCodeSignatureInfo: SecStaticCodeCreate Failed url: <private>
2026-05-21 01:45:06.339421,Mac Failed Login,70,Medium,Mac Local System,2026-05-21 01:45:06.339 Df ecosystemd[6857:660f0f] [com.apple.xpc:connection] [0x906c89400] failed to do a bootstrap look-up: xpc_error=[159: Unknown error: 159]
2026-05-21 01:45:06.339499,Mac Failed Login,70,Medium,Mac Local System,2026-05-21 01:45:06.339 Df ecosystemd[6857:660f0f] [com.apple.xpc:connection] [0x906c89400] invalidated after a failed init
2026-05-21 01:45:06.340850,Mac Failed Login,70,Medium,Mac Local System,2026-05-21 01:45:06.340 E  ecosystemd[6857:660f0f] (EcosystemAnalytics) EcosystemAnalytics.framework:RosettaCoordinator: getCodeSignatureInfo: SecStaticCodeCreate Failed url: <private>
2026-05-21 01:45:06.353522,Mac Failed Login,70,Medium,Mac Local System,2026-05-21 01:45:06.353 Df ecosystemanalyticsd[53070:660b6c] [com.apple.xpc:connection] [0xa56c7c640] failed to do a bootstrap look-up: xpc_error=[159: Unknown error: 159]
2026-05-21 01:45:06.353675,Mac Failed Login,70,Medium,Mac Local System,2026-05-21 01:45:06.353 Df ecosystemanalyticsd[53070:660b6c] [com.apple.xpc:connection] [0xa56c7c640] invalidated after a failed init
2026-05-21 01:45:06.379272,Mac Failed Login,70,Medium,Mac Local System,2026-05-21 01:45:06.378 Df ecosystemanalyticsd[53070:660b6c] [com.apple.xpc:connection] [0xa56c7c640] failed to do a bootstrap look-up: xpc_error=[159: Unknown error: 159]
2026-05-21 01:45:06.379573,Mac Failed Login,70,Medium,Mac Local System,2026-05-21 01:45:06.379 Df ecosystemanalyticsd[53070:660b6c] [com.apple.xpc:connection] [0xa56c7c640] invalidated after a failed init
2026-05-21 01:45:06.379994,Mac Failed Login,70,Medium,Mac Local System,2026-05-21 01:45:06.379 Df ecosystemd[6857:660f0f] [com.apple.xpc:connection] [0x906c89400] failed to do a bootstrap look-up: xpc_error=[159: Unknown error: 159]
2026-05-21 01:45:06.380155,Mac Failed Login,70,Medium,Mac Local System,2026-05-21 01:45:06.379 Df ecosystemd[6857:660f0f] [com.apple.xpc:connection] [0x906c89400] invalidated after a failed init
2026-05-21 01:45:06.382855,Mac Failed Login,70,Medium,Mac Local System,2026-05-21 01:45:06.382 E  ecosystemd[6857:660f0f] (EcosystemAnalytics) EcosystemAnalytics.framework:RosettaCoordinator: getCodeSignatureInfo: SecStaticCodeCreate Failed url: <private>
2026-05-21 01:45:06.383772,Mac Failed Login,70,Medium,Mac Local System,2026-05-21 01:45:06.383 Df ecosystemd[6857:660f0f] [com.apple.xpc:connection] [0x906c89400] failed to do a bootstrap look-up: xpc_error=[159: Unknown error: 159]
2026-05-21 01:45:06.383924,Mac Failed Login,70,Medium,Mac Local System,2026-05-21 01:45:06.383 Df ecosystemd[6857:660f0f] [com.apple.xpc:connection] [0x906c89400] invalidated after a failed init
2026-05-21 01:45:06.386022,Mac Failed Login,70,Medium,Mac Local System,2026-05-21 01:45:06.385 E  ecosystemd[6857:660f0f] (EcosystemAnalytics) EcosystemAnalytics.framework:RosettaCoordinator: getCodeSignatureInfo: SecStaticCodeCreate Failed url: <private>
2026-05-21 01:45:06.396174,Mac Failed Login,70,Medium,Mac Local System,2026-05-21 01:45:06.395 Df ecosystemanalyticsd[53070:660b6c] [com.apple.xpc:connection] [0xa56c7c640] failed to do a bootstrap look-up: xpc_error=[159: Unknown error: 159]
2026-05-21 01:45:06.396302,Mac Failed Login,70,Medium,Mac Local System,2026-05-21 01:45:06.395 Df ecosystemanalyticsd[53070:660b6c] [com.apple.xpc:connection] [0xa56c7c640] invalidated after a failed init
2026-05-21 01:45:06.418442,Mac Failed Login,70,Medium,Mac Local System,2026-05-21 01:45:06.418 Df ecosystemanalyticsd[53070:660b6c] [com.apple.xpc:connection] [0xa56c7c640] failed to do a bootstrap look-up: xpc_error=[159: Unknown error: 159]
2026-05-21 01:45:06.418636,Mac Failed Login,70,Medium,Mac Local System,2026-05-21 01:45:06.418 Df ecosystemanalyticsd[53070:660b6c] [com.apple.xpc:connection] [0xa56c7c640] invalidated after a failed init
2026-05-21 01:45:06.418725,Mac Failed Login,70,Medium,Mac Local System,2026-05-21 01:45:06.418 Df ecosystemd[6857:660f0f] [com.apple.xpc:connection] [0x906c89400] failed to do a bootstrap look-up: xpc_error=[159: Unknown error: 159]
2026-05-21 01:45:06.418772,Mac Failed Login,70,Medium,Mac Local System,2026-05-21 01:45:06.418 Df ecosystemd[6857:660f0f] [com.apple.xpc:connection] [0x906c89400] invalidated after a failed init
2026-05-21 01:45:06.420052,Mac Failed Login,70,Medium,Mac Local System,2026-05-21 01:45:06.419 E  ecosystemd[6857:660f0f] (EcosystemAnalytics) EcosystemAnalytics.framework:RosettaCoordinator: getCodeSignatureInfo: SecStaticCodeCreate Failed url: <private>
2026-05-21 01:45:06.420595,Mac Failed Login,70,Medium,Mac Local System,2026-05-21 01:45:06.420 Df ecosystemd[6857:660f0f] [com.apple.xpc:connection] [0x906c89400] failed to do a bootstrap look-up: xpc_error=[159: Unknown error: 159]
2026-05-21 01:45:06.420692,Mac Failed Login,70,Medium,Mac Local System,2026-05-21 01:45:06.420 Df ecosystemd[6857:660f0f] [com.apple.xpc:connection] [0x906c89400] invalidated after a failed init
2026-05-21 01:45:06.422019,Mac Failed Login,70,Medium,Mac Local System,2026-05-21 01:45:06.421 E  ecosystemd[6857:660f0f] (EcosystemAnalytics) EcosystemAnalytics.framework:RosettaCoordinator: getCodeSignatureInfo: SecStaticCodeCreate Failed url: <private>
2026-05-21 01:45:06.433722,Mac Failed Login,70,Medium,Mac Local System,2026-05-21 01:45:06.433 Df ecosystemanalyticsd[53070:660b6c] [com.apple.xpc:connection] [0xa56c7c640] failed to do a bootstrap look-up: xpc_error=[159: Unknown error: 159]
2026-05-21 01:45:06.433875,Mac Failed Login,70,Medium,Mac Local System,2026-05-21 01:45:06.433 Df ecosystemanalyticsd[53070:660b6c] [com.apple.xpc:connection] [0xa56c7c640] invalidated after a failed init
2026-05-21 01:45:06.458436,Mac Failed Login,70,Medium,Mac Local System,2026-05-21 01:45:06.458 Df ecosystemd[6857:660f0f] [com.apple.xpc:connection] [0x906c89400] failed to do a bootstrap look-up: xpc_error=[159: Unknown error: 159]
2026-05-21 01:45:06.458917,Mac Failed Login,70,Medium,Mac Local System,2026-05-21 01:45:06.458 Df ecosystemanalyticsd[53070:660b6c] [com.apple.xpc:connection] [0xa56c7c640] failed to do a bootstrap look-up: xpc_error=[159: Unknown error: 159]
2026-05-21 01:45:06.459028,Mac Failed Login,70,Medium,Mac Local System,2026-05-21 01:45:06.458 Df ecosystemanalyticsd[53070:660b6c] [com.apple.xpc:connection] [0xa56c7c640] invalidated after a failed init
2026-05-21 01:45:06.459236,Mac Failed Login,70,Medium,Mac Local System,2026-05-21 01:45:06.459 Df ecosystemd[6857:660f0f] [com.apple.xpc:connection] [0x906c89400] invalidated after a failed init
2026-05-21 01:45:06.460940,Mac Failed Login,70,Medium,Mac Local System,2026-05-21 01:45:06.460 E  ecosystemd[6857:660f0f] (EcosystemAnalytics) EcosystemAnalytics.framework:RosettaCoordinator: getCodeSignatureInfo: SecStaticCodeCreate Failed url: <private>
2026-05-21 01:45:06.461381,Mac Failed Login,70,Medium,Mac Local System,2026-05-21 01:45:06.461 Df ecosystemd[6857:660f0f] [com.apple.xpc:connection] [0x906c89400] failed to do a bootstrap look-up: xpc_error=[159: Unknown error: 159]
2026-05-21 01:45:06.461442,Mac Failed Login,70,Medium,Mac Local System,2026-05-21 01:45:06.461 Df ecosystemd[6857:660f0f] [com.apple.xpc:connection] [0x906c89400] invalidated after a failed init
2026-05-21 01:45:06.463132,Mac Failed Login,70,Medium,Mac Local System,2026-05-21 01:45:06.462 E  ecosystemd[6857:660f0f] (EcosystemAnalytics) EcosystemAnalytics.framework:RosettaCoordinator: getCodeSignatureInfo: SecStaticCodeCreate Failed url: <private>
2026-05-21 01:45:06.472270,Mac Failed Login,70,Medium,Mac Local System,2026-05-21 01:45:06.472 Df ecosystemanalyticsd[53070:660b6c] [com.apple.xpc:connection] [0xa56c7c640] failed to do a bootstrap look-up: xpc_error=[159: Unknown error: 159]
2026-05-21 01:45:06.472382,Mac Failed Login,70,Medium,Mac Local System,2026-05-21 01:45:06.472 Df ecosystemanalyticsd[53070:660b6c] [com.apple.xpc:connection] [0xa56c7c640] invalidated after a failed init
2026-05-21 01:45:06.485721,Mac Failed Login,70,Medium,Mac Local System,2026-05-21 01:45:06.485 Df ecosystemanalyticsd[53070:660b6c] [com.apple.xpc:connection] [0xa56c7c640] failed to do a bootstrap look-up: xpc_error=[159: Unknown error: 159]
2026-05-21 01:45:06.485907,Mac Failed Login,70,Medium,Mac Local System,2026-05-21 01:45:06.485 Df ecosystemanalyticsd[53070:660b6c] [com.apple.xpc:connection] [0xa56c7c640] invalidated after a failed init
2026-05-21 01:45:06.486207,Mac Failed Login,70,Medium,Mac Local System,2026-05-21 01:45:06.485 Df ecosystemd[6857:660f0f] [com.apple.xpc:connection] [0x906c89400] failed to do a bootstrap look-up: xpc_error=[159: Unknown error: 159]
2026-05-21 01:45:06.486280,Mac Failed Login,70,Medium,Mac Local System,2026-05-21 01:45:06.486 Df ecosystemd[6857:660f0f] [com.apple.xpc:connection] [0x906c89400] invalidated after a failed init
2026-05-21 01:45:06.487432,Mac Failed Login,70,Medium,Mac Local System,2026-05-21 01:45:06.487 E  ecosystemd[6857:660f0f] (EcosystemAnalytics) EcosystemAnalytics.framework:RosettaCoordinator: getCodeSignatureInfo: SecStaticCodeCreate Failed url: <private>
2026-05-21 01:45:06.487943,Mac Failed Login,70,Medium,Mac Local System,2026-05-21 01:45:06.487 Df ecosystemd[6857:660f0f] [com.apple.xpc:connection] [0x906c89400] failed to do a bootstrap look-up: xpc_error=[159: Unknown error: 159]
2026-05-21 01:45:06.488093,Mac Failed Login,70,Medium,Mac Local System,2026-05-21 01:45:06.487 Df ecosystemd[6857:660f0f] [com.apple.xpc:connection] [0x906c89400] invalidated after a failed init
2026-05-21 01:45:06.489351,Mac Failed Login,70,Medium,Mac Local System,2026-05-21 01:45:06.489 E  ecosystemd[6857:660f0f] (EcosystemAnalytics) EcosystemAnalytics.framework:RosettaCoordinator: getCodeSignatureInfo: SecStaticCodeCreate Failed url: <private>
2026-05-21 01:45:06.498136,Mac Failed Login,70,Medium,Mac Local System,2026-05-21 01:45:06.498 Df ecosystemanalyticsd[53070:660b6c] [com.apple.xpc:connection] [0xa56c7c640] failed to do a bootstrap look-up: xpc_error=[159: Unknown error: 159]
2026-05-21 01:45:06.498258,Mac Failed Login,70,Medium,Mac Local System,2026-05-21 01:45:06.498 Df ecosystemanalyticsd[53070:660b6c] [com.apple.xpc:connection] [0xa56c7c640] invalidated after a failed init
2026-05-21 01:45:06.515545,Mac Failed Login,70,Medium,Mac Local System,2026-05-21 01:45:06.515 Df ecosystemanalyticsd[53070:660b6c] [com.apple.xpc:connection] [0xa56c7c640] failed to do a bootstrap look-up: xpc_error=[159: Unknown error: 159]
2026-05-21 01:45:06.515753,Mac Failed Login,70,Medium,Mac Local System,2026-05-21 01:45:06.515 Df ecosystemanalyticsd[53070:660b6c] [com.apple.xpc:connection] [0xa56c7c640] invalidated after a failed init
2026-05-21 01:45:06.515884,Mac Failed Login,70,Medium,Mac Local System,2026-05-21 01:45:06.515 Df ecosystemd[6857:660f0f] [com.apple.xpc:connection] [0x906c89400] failed to do a bootstrap look-up: xpc_error=[159: Unknown error: 159]
2026-05-21 01:45:06.515947,Mac Failed Login,70,Medium,Mac Local System,2026-05-21 01:45:06.515 Df ecosystemd[6857:660f0f] [com.apple.xpc:connection] [0x906c89400] invalidated after a failed init
2026-05-21 01:45:06.517137,Mac Failed Login,70,Medium,Mac Local System,2026-05-21 01:45:06.516 E  ecosystemd[6857:660f0f] (EcosystemAnalytics) EcosystemAnalytics.framework:RosettaCoordinator: getCodeSignatureInfo: SecStaticCodeCreate Failed url: <private>
2026-05-21 01:45:06.517576,Mac Failed Login,70,Medium,Mac Local System,2026-05-21 01:45:06.517 Df ecosystemd[6857:660f0f] [com.apple.xpc:connection] [0x906c89400] failed to do a bootstrap look-up: xpc_error=[159: Unknown error: 159]
2026-05-21 01:45:06.517661,Mac Failed Login,70,Medium,Mac Local System,2026-05-21 01:45:06.517 Df ecosystemd[6857:660f0f] [com.apple.xpc:connection] [0x906c89400] invalidated after a failed init
2026-05-21 01:45:06.518906,Mac Failed Login,70,Medium,Mac Local System,2026-05-21 01:45:06.518 E  ecosystemd[6857:660f0f] (EcosystemAnalytics) EcosystemAnalytics.framework:RosettaCoordinator: getCodeSignatureInfo: SecStaticCodeCreate Failed url: <private>
2026-05-21 01:45:06.530085,Mac Failed Login,70,Medium,Mac Local System,2026-05-21 01:45:06.529 Df ecosystemanalyticsd[53070:660b6c] [com.apple.xpc:connection] [0xa56c7c640] failed to do a bootstrap look-up: xpc_error=[159: Unknown error: 159]
2026-05-21 01:45:06.530203,Mac Failed Login,70,Medium,Mac Local System,2026-05-21 01:45:06.529 Df ecosystemanalyticsd[53070:660b6c] [com.apple.xpc:connection] [0xa56c7c640] invalidated after a failed init
2026-05-21 01:45:06.550875,Mac Failed Login,70,Medium,Mac Local System,2026-05-21 01:45:06.550 Df ecosystemanalyticsd[53070:660b6c] [com.apple.xpc:connection] [0xa56c7c640] failed to do a bootstrap look-up: xpc_error=[159: Unknown error: 159]
2026-05-21 01:45:06.551120,Mac Failed Login,70,Medium,Mac Local System,2026-05-21 01:45:06.550 Df ecosystemanalyticsd[53070:660b6c] [com.apple.xpc:connection] [0xa56c7c640] invalidated after a failed init
2026-05-21 01:45:06.551357,Mac Failed Login,70,Medium,Mac Local System,2026-05-21 01:45:06.551 Df ecosystemd[6857:660f0f] [com.apple.xpc:connection] [0x906c89400] failed to do a bootstrap look-up: xpc_error=[159: Unknown error: 159]
2026-05-21 01:45:06.551442,Mac Failed Login,70,Medium,Mac Local System,2026-05-21 01:45:06.551 Df ecosystemd[6857:660f0f] [com.apple.xpc:connection] [0x906c89400] invalidated after a failed init
2026-05-21 01:45:06.552967,Mac Failed Login,70,Medium,Mac Local System,2026-05-21 01:45:06.552 E  ecosystemd[6857:660f0f] (EcosystemAnalytics) EcosystemAnalytics.framework:RosettaCoordinator: getCodeSignatureInfo: SecStaticCodeCreate Failed url: <private>
2026-05-21 01:45:06.553502,Mac Failed Login,70,Medium,Mac Local System,2026-05-21 01:45:06.553 Df ecosystemd[6857:660f0f] [com.apple.xpc:connection] [0x906c89400] failed to do a bootstrap look-up: xpc_error=[159: Unknown error: 159]
2026-05-21 01:45:06.553649,Mac Failed Login,70,Medium,Mac Local System,2026-05-21 01:45:06.553 Df ecosystemd[6857:660f0f] [com.apple.xpc:connection] [0x906c89400] invalidated after a failed init
2026-05-21 01:45:06.555314,Mac Failed Login,70,Medium,Mac Local System,2026-05-21 01:45:06.555 E  ecosystemd[6857:660f0f] (EcosystemAnalytics) EcosystemAnalytics.framework:RosettaCoordinator: getCodeSignatureInfo: SecStaticCodeCreate Failed url: <private>
2026-05-21 01:45:06.567344,Mac Failed Login,70,Medium,Mac Local System,2026-05-21 01:45:06.567 Df ecosystemanalyticsd[53070:660b6c] [com.apple.xpc:connection] [0xa56c7c640] failed to do a bootstrap look-up: xpc_error=[159: Unknown error: 159]
2026-05-21 01:45:06.567487,Mac Failed Login,70,Medium,Mac Local System,2026-05-21 01:45:06.567 Df ecosystemanalyticsd[53070:660b6c] [com.apple.xpc:connection] [0xa56c7c640] invalidated after a failed init
2026-05-21 01:45:06.588165,Mac Failed Login,70,Medium,Mac Local System,2026-05-21 01:45:06.587 Df ecosystemd[6857:660f0f] [com.apple.xpc:connection] [0x906c89400] failed to do a bootstrap look-up: xpc_error=[159: Unknown error: 159]
2026-05-21 01:45:06.588322,Mac Failed Login,70,Medium,Mac Local System,2026-05-21 01:45:06.588 Df ecosystemd[6857:660f0f] [com.apple.xpc:connection] [0x906c89400] invalidated after a failed init
2026-05-21 01:45:06.588454,Mac Failed Login,70,Medium,Mac Local System,2026-05-21 01:45:06.588 Df ecosystemanalyticsd[53070:660b6c] [com.apple.xpc:connection] [0xa56c7c640] failed to do a bootstrap look-up: xpc_error=[159: Unknown error: 159]
2026-05-21 01:45:06.588514,Mac Failed Login,70,Medium,Mac Local System,2026-05-21 01:45:06.588 Df ecosystemanalyticsd[53070:660b6c] [com.apple.xpc:connection] [0xa56c7c640] invalidated after a failed init
2026-05-21 01:45:06.590106,Mac Failed Login,70,Medium,Mac Local System,2026-05-21 01:45:06.589 E  ecosystemd[6857:660f0f] (EcosystemAnalytics) EcosystemAnalytics.framework:RosettaCoordinator: getCodeSignatureInfo: SecStaticCodeCreate Failed url: <private>
2026-05-21 01:45:06.590678,Mac Failed Login,70,Medium,Mac Local System,2026-05-21 01:45:06.590 Df ecosystemd[6857:660f0f] [com.apple.xpc:connection] [0x906c89400] failed to do a bootstrap look-up: xpc_error=[159: Unknown error: 159]
2026-05-21 01:45:06.590757,Mac Failed Login,70,Medium,Mac Local System,2026-05-21 01:45:06.590 Df ecosystemd[6857:660f0f] [com.apple.xpc:connection] [0x906c89400] invalidated after a failed init
2026-05-21 01:45:06.592279,Mac Failed Login,70,Medium,Mac Local System,2026-05-21 01:45:06.592 E  ecosystemd[6857:660f0f] (EcosystemAnalytics) EcosystemAnalytics.framework:RosettaCoordinator: getCodeSignatureInfo: SecStaticCodeCreate Failed url: <private>
2026-05-21 01:45:06.604697,Mac Failed Login,70,Medium,Mac Local System,2026-05-21 01:45:06.604 Df ecosystemanalyticsd[53070:660b6c] [com.apple.xpc:connection] [0xa56c7c640] failed to do a bootstrap look-up: xpc_error=[159: Unknown error: 159]
2026-05-21 01:45:06.604897,Mac Failed Login,70,Medium,Mac Local System,2026-05-21 01:45:06.604 Df ecosystemanalyticsd[53070:660b6c] [com.apple.xpc:connection] [0xa56c7c640] invalidated after a failed init
2026-05-21 01:45:06.632788,Mac Failed Login,70,Medium,Mac Local System,2026-05-21 01:45:06.632 Df ecosystemanalyticsd[53070:660b6c] [com.apple.xpc:connection] [0xa56c7c640] failed to do a bootstrap look-up: xpc_error=[159: Unknown error: 159]
2026-05-21 01:45:06.632979,Mac Failed Login,70,Medium,Mac Local System,2026-05-21 01:45:06.632 Df ecosystemanalyticsd[53070:660b6c] [com.apple.xpc:connection] [0xa56c7c640] invalidated after a failed init
2026-05-21 01:45:06.633119,Mac Failed Login,70,Medium,Mac Local System,2026-05-21 01:45:06.632 Df ecosystemd[6857:660f0f] [com.apple.xpc:connection] [0x906c89400] failed to do a bootstrap look-up: xpc_error=[159: Unknown error: 159]
2026-05-21 01:45:06.633180,Mac Failed Login,70,Medium,Mac Local System,2026-05-21 01:45:06.632 Df ecosystemd[6857:660f0f] [com.apple.xpc:connection] [0x906c89400] invalidated after a failed init
2026-05-21 01:45:06.635191,Mac Failed Login,70,Medium,Mac Local System,2026-05-21 01:45:06.634 E  ecosystemd[6857:660f0f] (EcosystemAnalytics) EcosystemAnalytics.framework:RosettaCoordinator: getCodeSignatureInfo: SecStaticCodeCreate Failed url: <private>
2026-05-21 01:45:06.635667,Mac Failed Login,70,Medium,Mac Local System,2026-05-21 01:45:06.635 Df ecosystemd[6857:660f0f] [com.apple.xpc:connection] [0x906c89400] failed to do a bootstrap look-up: xpc_error=[159: Unknown error: 159]
2026-05-21 01:45:06.635762,Mac Failed Login,70,Medium,Mac Local System,2026-05-21 01:45:06.635 Df ecosystemd[6857:660f0f] [com.apple.xpc:connection] [0x906c89400] invalidated after a failed init
2026-05-21 01:45:06.637366,Mac Failed Login,70,Medium,Mac Local System,2026-05-21 01:45:06.637 E  ecosystemd[6857:660f0f] (EcosystemAnalytics) EcosystemAnalytics.framework:RosettaCoordinator: getCodeSignatureInfo: SecStaticCodeCreate Failed url: <private>
2026-05-21 01:45:06.650020,Mac Failed Login,70,Medium,Mac Local System,2026-05-21 01:45:06.649 Df ecosystemanalyticsd[53070:660b6c] [com.apple.xpc:connection] [0xa56c7c640] failed to do a bootstrap look-up: xpc_error=[159: Unknown error: 159]
2026-05-21 01:45:06.650191,Mac Failed Login,70,Medium,Mac Local System,2026-05-21 01:45:06.649 Df ecosystemanalyticsd[53070:660b6c] [com.apple.xpc:connection] [0xa56c7c640] invalidated after a failed init
2026-05-21 01:45:06.677524,Mac Failed Login,70,Medium,Mac Local System,2026-05-21 01:45:06.677 Df ecosystemd[6857:660f0f] [com.apple.xpc:connection] [0x906c89400] failed to do a bootstrap look-up: xpc_error=[159: Unknown error: 159]
2026-05-21 01:45:06.677810,Mac Failed Login,70,Medium,Mac Local System,2026-05-21 01:45:06.677 Df ecosystemd[6857:660f0f] [com.apple.xpc:connection] [0x906c89400] invalidated after a failed init
2026-05-21 01:45:06.677933,Mac Failed Login,70,Medium,Mac Local System,2026-05-21 01:45:06.677 Df ecosystemanalyticsd[53070:660b6c] [com.apple.xpc:connection] [0xa56c7c640] failed to do a bootstrap look-up: xpc_error=[159: Unknown error: 159]
2026-05-21 01:45:06.678251,Mac Failed Login,70,Medium,Mac Local System,2026-05-21 01:45:06.677 Df ecosystemanalyticsd[53070:660b6c] [com.apple.xpc:connection] [0xa56c7c640] invalidated after a failed init
2026-05-21 01:45:06.680660,Mac Failed Login,70,Medium,Mac Local System,2026-05-21 01:45:06.680 E  ecosystemd[6857:660f0f] (EcosystemAnalytics) EcosystemAnalytics.framework:RosettaCoordinator: getCodeSignatureInfo: SecStaticCodeCreate Failed url: <private>
2026-05-21 01:45:06.681892,Mac Failed Login,70,Medium,Mac Local System,2026-05-21 01:45:06.681 Df ecosystemd[6857:660f0f] [com.apple.xpc:connection] [0x906c89400] failed to do a bootstrap look-up: xpc_error=[159: Unknown error: 159]
2026-05-21 01:45:06.681985,Mac Failed Login,70,Medium,Mac Local System,2026-05-21 01:45:06.681 Df ecosystemd[6857:660f0f] [com.apple.xpc:connection] [0x906c89400] invalidated after a failed init
2026-05-21 01:45:06.683593,Mac Failed Login,70,Medium,Mac Local System,2026-05-21 01:45:06.683 E  ecosystemd[6857:660f0f] (EcosystemAnalytics) EcosystemAnalytics.framework:RosettaCoordinator: getCodeSignatureInfo: SecStaticCodeCreate Failed url: <private>
2026-05-21 01:45:06.717399,Mac Failed Login,70,Medium,Mac Local System,2026-05-21 01:45:06.717 Df ecosystemanalyticsd[53070:660b6c] [com.apple.xpc:connection] [0xa56c7c640] failed to do a bootstrap look-up: xpc_error=[159: Unknown error: 159]
2026-05-21 01:45:06.717505,Mac Failed Login,70,Medium,Mac Local System,2026-05-21 01:45:06.717 Df ecosystemanalyticsd[53070:660b6c] [com.apple.xpc:connection] [0xa56c7c640] invalidated after a failed init
2026-05-21 01:45:06.737394,Mac Failed Login,70,Medium,Mac Local System,2026-05-21 01:45:06.737 Df ecosystemanalyticsd[53070:660b6c] [com.apple.xpc:connection] [0xa56c7c640] failed to do a bootstrap look-up: xpc_error=[159: Unknown error: 159]
2026-05-21 01:45:06.737555,Mac Failed Login,70,Medium,Mac Local System,2026-05-21 01:45:06.737 Df ecosystemanalyticsd[53070:660b6c] [com.apple.xpc:connection] [0xa56c7c640] invalidated after a failed init
2026-05-21 01:45:06.737754,Mac Failed Login,70,Medium,Mac Local System,2026-05-21 01:45:06.737 Df ecosystemd[6857:660f0f] [com.apple.xpc:connection] [0x906c89400] failed to do a bootstrap look-up: xpc_error=[159: Unknown error: 159]
2026-05-21 01:45:06.737957,Mac Failed Login,70,Medium,Mac Local System,2026-05-21 01:45:06.737 Df ecosystemd[6857:660f0f] [com.apple.xpc:connection] [0x906c89400] invalidated after a failed init
2026-05-21 01:45:06.739390,Mac Failed Login,70,Medium,Mac Local System,2026-05-21 01:45:06.739 E  ecosystemd[6857:660f0f] (EcosystemAnalytics) EcosystemAnalytics.framework:RosettaCoordinator: getCodeSignatureInfo: SecStaticCodeCreate Failed url: <private>
2026-05-21 01:45:06.739925,Mac Failed Login,70,Medium,Mac Local System,2026-05-21 01:45:06.739 Df ecosystemd[6857:660f0f] [com.apple.xpc:connection] [0x906c89400] failed to do a bootstrap look-up: xpc_error=[159: Unknown error: 159]
2026-05-21 01:45:06.740019,Mac Failed Login,70,Medium,Mac Local System,2026-05-21 01:45:06.739 Df ecosystemd[6857:660f0f] [com.apple.xpc:connection] [0x906c89400] invalidated after a failed init
2026-05-21 01:45:06.741513,Mac Failed Login,70,Medium,Mac Local System,2026-05-21 01:45:06.741 E  ecosystemd[6857:660f0f] (EcosystemAnalytics) EcosystemAnalytics.framework:RosettaCoordinator: getCodeSignatureInfo: SecStaticCodeCreate Failed url: <private>
2026-05-21 01:45:06.750335,Mac Failed Login,70,Medium,Mac Local System,2026-05-21 01:45:06.750 Df ecosystemanalyticsd[53070:660b6c] [com.apple.xpc:connection] [0xa56c7c640] failed to do a bootstrap look-up: xpc_error=[159: Unknown error: 159]
2026-05-21 01:45:06.750521,Mac Failed Login,70,Medium,Mac Local System,2026-05-21 01:45:06.750 Df ecosystemanalyticsd[53070:660b6c] [com.apple.xpc:connection] [0xa56c7c640] invalidated after a failed init
2026-05-21 01:45:06.770959,Mac Failed Login,70,Medium,Mac Local System,2026-05-21 01:45:06.770 Df ecosystemanalyticsd[53070:660b6c] [com.apple.xpc:connection] [0xa56c7c640] failed to do a bootstrap look-up: xpc_error=[159: Unknown error: 159]
2026-05-21 01:45:06.771147,Mac Failed Login,70,Medium,Mac Local System,2026-05-21 01:45:06.770 Df ecosystemanalyticsd[53070:660b6c] [com.apple.xpc:connection] [0xa56c7c640] invalidated after a failed init
2026-05-21 01:45:06.771215,Mac Failed Login,70,Medium,Mac Local System,2026-05-21 01:45:06.770 Df ecosystemd[6857:660f0f] [com.apple.xpc:connection] [0x906c89400] failed to do a bootstrap look-up: xpc_error=[159: Unknown error: 159]
2026-05-21 01:45:06.771285,Mac Failed Login,70,Medium,Mac Local System,2026-05-21 01:45:06.771 Df ecosystemd[6857:660f0f] [com.apple.xpc:connection] [0x906c89400] invalidated after a failed init
2026-05-21 01:45:06.773196,Mac Failed Login,70,Medium,Mac Local System,2026-05-21 01:45:06.772 E  ecosystemd[6857:660f0f] (EcosystemAnalytics) EcosystemAnalytics.framework:RosettaCoordinator: getCodeSignatureInfo: SecStaticCodeCreate Failed url: <private>
2026-05-21 01:45:06.773653,Mac Failed Login,70,Medium,Mac Local System,2026-05-21 01:45:06.773 Df ecosystemd[6857:660f0f] [com.apple.xpc:connection] [0x906c89400] failed to do a bootstrap look-up: xpc_error=[159: Unknown error: 159]
2026-05-21 01:45:06.773734,Mac Failed Login,70,Medium,Mac Local System,2026-05-21 01:45:06.773 Df ecosystemd[6857:660f0f] [com.apple.xpc:connection] [0x906c89400] invalidated after a failed init
2026-05-21 01:45:06.775234,Mac Failed Login,70,Medium,Mac Local System,2026-05-21 01:45:06.775 E  ecosystemd[6857:660f0f] (EcosystemAnalytics) EcosystemAnalytics.framework:RosettaCoordinator: getCodeSignatureInfo: SecStaticCodeCreate Failed url: <private>
2026-05-21 01:45:06.788358,Mac Failed Login,70,Medium,Mac Local System,2026-05-21 01:45:06.788 Df ecosystemanalyticsd[53070:660b6c] [com.apple.xpc:connection] [0xa56c7c640] failed to do a bootstrap look-up: xpc_error=[159: Unknown error: 159]
2026-05-21 01:45:06.788558,Mac Failed Login,70,Medium,Mac Local System,2026-05-21 01:45:06.788 Df ecosystemanalyticsd[53070:660b6c] [com.apple.xpc:connection] [0xa56c7c640] invalidated after a failed init
2026-05-21 01:45:06.812615,Mac Failed Login,70,Medium,Mac Local System,2026-05-21 01:45:06.812 Df ecosystemd[6857:660f0f] [com.apple.xpc:connection] [0x906c89400] failed to do a bootstrap look-up: xpc_error=[159: Unknown error: 159]
2026-05-21 01:45:06.812890,Mac Failed Login,70,Medium,Mac Local System,2026-05-21 01:45:06.812 Df ecosystemd[6857:660f0f] [com.apple.xpc:connection] [0x906c89400] invalidated after a failed init
2026-05-21 01:45:06.813316,Mac Failed Login,70,Medium,Mac Local System,2026-05-21 01:45:06.812 Df ecosystemanalyticsd[53070:660b6c] [com.apple.xpc:connection] [0xa56c7c640] failed to do a bootstrap look-up: xpc_error=[159: Unknown error: 159]
2026-05-21 01:45:06.813641,Mac Failed Login,70,Medium,Mac Local System,2026-05-21 01:45:06.813 Df ecosystemanalyticsd[53070:660b6c] [com.apple.xpc:connection] [0xa56c7c640] invalidated after a failed init
2026-05-21 01:45:06.816583,Mac Failed Login,70,Medium,Mac Local System,2026-05-21 01:45:06.816 E  ecosystemd[6857:660f0f] (EcosystemAnalytics) EcosystemAnalytics.framework:RosettaCoordinator: getCodeSignatureInfo: SecStaticCodeCreate Failed url: <private>
2026-05-21 01:45:06.817315,Mac Failed Login,70,Medium,Mac Local System,2026-05-21 01:45:06.817 Df ecosystemd[6857:660f0f] [com.apple.xpc:connection] [0x906c89400] failed to do a bootstrap look-up: xpc_error=[159: Unknown error: 159]
2026-05-21 01:45:06.817376,Mac Failed Login,70,Medium,Mac Local System,2026-05-21 01:45:06.817 Df ecosystemd[6857:660f0f] [com.apple.xpc:connection] [0x906c89400] invalidated after a failed init
2026-05-21 01:45:06.818834,Mac Failed Login,70,Medium,Mac Local System,2026-05-21 01:45:06.818 E  ecosystemd[6857:660f0f] (EcosystemAnalytics) EcosystemAnalytics.framework:RosettaCoordinator: getCodeSignatureInfo: SecStaticCodeCreate Failed url: <private>
2026-05-21 01:45:06.828712,Mac Failed Login,70,Medium,Mac Local System,2026-05-21 01:45:06.828 Df ecosystemanalyticsd[53070:660b6c] [com.apple.xpc:connection] [0xa56c7c640] failed to do a bootstrap look-up: xpc_error=[159: Unknown error: 159]
2026-05-21 01:45:06.828849,Mac Failed Login,70,Medium,Mac Local System,2026-05-21 01:45:06.828 Df ecosystemanalyticsd[53070:660b6c] [com.apple.xpc:connection] [0xa56c7c640] invalidated after a failed init
2026-05-21 01:45:06.851041,Mac Failed Login,70,Medium,Mac Local System,2026-05-21 01:45:06.850 Df ecosystemanalyticsd[53070:660b6c] [com.apple.xpc:connection] [0xa56c7c640] failed to do a bootstrap look-up: xpc_error=[159: Unknown error: 159]
2026-05-21 01:45:06.851214,Mac Failed Login,70,Medium,Mac Local System,2026-05-21 01:45:06.850 Df ecosystemanalyticsd[53070:660b6c] [com.apple.xpc:connection] [0xa56c7c640] invalidated after a failed init
2026-05-21 01:45:06.851288,Mac Failed Login,70,Medium,Mac Local System,2026-05-21 01:45:06.851 Df ecosystemd[6857:660f0f] [com.apple.xpc:connection] [0x906c89400] failed to do a bootstrap look-up: xpc_error=[159: Unknown error: 159]
2026-05-21 01:45:06.851335,Mac Failed Login,70,Medium,Mac Local System,2026-05-21 01:45:06.851 Df ecosystemd[6857:660f0f] [com.apple.xpc:connection] [0x906c89400] invalidated after a failed init
2026-05-21 01:45:06.852538,Mac Failed Login,70,Medium,Mac Local System,2026-05-21 01:45:06.852 E  ecosystemd[6857:660f0f] (EcosystemAnalytics) EcosystemAnalytics.framework:RosettaCoordinator: getCodeSignatureInfo: SecStaticCodeCreate Failed url: <private>
2026-05-21 01:45:06.852870,Mac Failed Login,70,Medium,Mac Local System,2026-05-21 01:45:06.852 Df ecosystemd[6857:660f0f] [com.apple.xpc:connection] [0x906c89400] failed to do a bootstrap look-up: xpc_error=[159: Unknown error: 159]
2026-05-21 01:45:06.852940,Mac Failed Login,70,Medium,Mac Local System,2026-05-21 01:45:06.852 Df ecosystemd[6857:660f0f] [com.apple.xpc:connection] [0x906c89400] invalidated after a failed init
2026-05-21 01:45:06.853988,Mac Failed Login,70,Medium,Mac Local System,2026-05-21 01:45:06.853 E  ecosystemd[6857:660f0f] (EcosystemAnalytics) EcosystemAnalytics.framework:RosettaCoordinator: getCodeSignatureInfo: SecStaticCodeCreate Failed url: <private>
2026-05-21 01:45:06.865497,Mac Failed Login,70,Medium,Mac Local System,2026-05-21 01:45:06.865 Df ecosystemanalyticsd[53070:660b6c] [com.apple.xpc:connection] [0xa56c7c640] failed to do a bootstrap look-up: xpc_error=[159: Unknown error: 159]
2026-05-21 01:45:06.865624,Mac Failed Login,70,Medium,Mac Local System,2026-05-21 01:45:06.865 Df ecosystemanalyticsd[53070:660b6c] [com.apple.xpc:connection] [0xa56c7c640] invalidated after a failed init
2026-05-21 01:45:06.883637,Mac Failed Login,70,Medium,Mac Local System,2026-05-21 01:45:06.883 Df ecosystemanalyticsd[53070:660b6c] [com.apple.xpc:connection] [0xa56c7c640] failed to do a bootstrap look-up: xpc_error=[159: Unknown error: 159]
2026-05-21 01:45:06.883795,Mac Failed Login,70,Medium,Mac Local System,2026-05-21 01:45:06.883 Df ecosystemanalyticsd[53070:660b6c] [com.apple.xpc:connection] [0xa56c7c640] invalidated after a failed init
2026-05-21 01:45:06.884460,Mac Failed Login,70,Medium,Mac Local System,2026-05-21 01:45:06.884 Df ecosystemd[6857:660f0f] [com.apple.xpc:connection] [0x906c89400] failed to do a bootstrap look-up: xpc_error=[159: Unknown error: 159]
2026-05-21 01:45:06.884551,Mac Failed Login,70,Medium,Mac Local System,2026-05-21 01:45:06.884 Df ecosystemd[6857:660f0f] [com.apple.xpc:connection] [0x906c89400] invalidated after a failed init
2026-05-21 01:45:06.886051,Mac Failed Login,70,Medium,Mac Local System,2026-05-21 01:45:06.885 E  ecosystemd[6857:660f0f] (EcosystemAnalytics) EcosystemAnalytics.framework:RosettaCoordinator: getCodeSignatureInfo: SecStaticCodeCreate Failed url: <private>
2026-05-21 01:45:06.886491,Mac Failed Login,70,Medium,Mac Local System,2026-05-21 01:45:06.886 Df ecosystemd[6857:660f0f] [com.apple.xpc:connection] [0x906c89400] failed to do a bootstrap look-up: xpc_error=[159: Unknown error: 159]
2026-05-21 01:45:06.886562,Mac Failed Login,70,Medium,Mac Local System,2026-05-21 01:45:06.886 Df ecosystemd[6857:660f0f] [com.apple.xpc:connection] [0x906c89400] invalidated after a failed init
2026-05-21 01:45:06.888335,Mac Failed Login,70,Medium,Mac Local System,2026-05-21 01:45:06.888 E  ecosystemd[6857:660f0f] (EcosystemAnalytics) EcosystemAnalytics.framework:RosettaCoordinator: getCodeSignatureInfo: SecStaticCodeCreate Failed url: <private>
2026-05-21 01:45:06.904916,Mac Failed Login,70,Medium,Mac Local System,2026-05-21 01:45:06.904 Df ecosystemd[6857:660f0f] [com.apple.xpc:connection] [0x906c89400] failed to do a bootstrap look-up: xpc_error=[159: Unknown error: 159]
2026-05-21 01:45:06.905015,Mac Failed Login,70,Medium,Mac Local System,2026-05-21 01:45:06.904 Df ecosystemd[6857:660f0f] [com.apple.xpc:connection] [0x906c89400] invalidated after a failed init
2026-05-21 01:45:06.905073,Mac Failed Login,70,Medium,Mac Local System,2026-05-21 01:45:06.904 Df ecosystemanalyticsd[53070:660b6c] [com.apple.xpc:connection] [0xa56c7c640] failed to do a bootstrap look-up: xpc_error=[159: Unknown error: 159]
2026-05-21 01:45:06.905152,Mac Failed Login,70,Medium,Mac Local System,2026-05-21 01:45:06.904 Df ecosystemanalyticsd[53070:660b6c] [com.apple.xpc:connection] [0xa56c7c640] invalidated after a failed init
2026-05-21 01:45:06.906746,Mac Failed Login,70,Medium,Mac Local System,2026-05-21 01:45:06.906 E  ecosystemd[6857:660f0f] (EcosystemAnalytics) EcosystemAnalytics.framework:RosettaCoordinator: getCodeSignatureInfo: SecStaticCodeCreate Failed url: <private>
2026-05-21 01:45:06.931240,Mac Failed Login,70,Medium,Mac Local System,2026-05-21 01:45:06.930 Df ecosystemd[6857:6610d0] [com.apple.xpc:connection] [0x906c89400] failed to do a bootstrap look-up: xpc_error=[159: Unknown error: 159]
2026-05-21 01:45:06.931439,Mac Failed Login,70,Medium,Mac Local System,2026-05-21 01:45:06.931 Df ecosystemanalyticsd[53070:660b6c] [com.apple.xpc:connection] [0xa56c7c640] failed to do a bootstrap look-up: xpc_error=[159: Unknown error: 159]
2026-05-21 01:45:06.931540,Mac Failed Login,70,Medium,Mac Local System,2026-05-21 01:45:06.931 Df ecosystemd[6857:6610d0] [com.apple.xpc:connection] [0x906c89400] invalidated after a failed init
2026-05-21 01:45:06.931623,Mac Failed Login,70,Medium,Mac Local System,2026-05-21 01:45:06.931 Df ecosystemanalyticsd[53070:660b6c] [com.apple.xpc:connection] [0xa56c7c640] invalidated after a failed init
2026-05-21 01:45:06.933209,Mac Failed Login,70,Medium,Mac Local System,2026-05-21 01:45:06.933 E  ecosystemd[6857:6610d0] (EcosystemAnalytics) EcosystemAnalytics.framework:RosettaCoordinator: getCodeSignatureInfo: SecStaticCodeCreate Failed url: <private>
2026-05-21 01:45:06.958167,Mac Failed Login,70,Medium,Mac Local System,2026-05-21 01:45:06.957 Df ecosystemanalyticsd[53070:660b6c] [com.apple.xpc:connection] [0xa56c7c640] failed to do a bootstrap look-up: xpc_error=[159: Unknown error: 159]
2026-05-21 01:45:06.958409,Mac Failed Login,70,Medium,Mac Local System,2026-05-21 01:45:06.957 Df ecosystemanalyticsd[53070:660b6c] [com.apple.xpc:connection] [0xa56c7c640] invalidated after a failed init
2026-05-21 01:45:06.958847,Mac Failed Login,70,Medium,Mac Local System,2026-05-21 01:45:06.958 Df ecosystemd[6857:6610d0] [com.apple.xpc:connection] [0x906c89400] failed to do a bootstrap look-up: xpc_error=[159: Unknown error: 159]
2026-05-21 01:45:06.958958,Mac Failed Login,70,Medium,Mac Local System,2026-05-21 01:45:06.958 Df ecosystemd[6857:6610d0] [com.apple.xpc:connection] [0x906c89400] invalidated after a failed init
2026-05-21 01:45:06.961017,Mac Failed Login,70,Medium,Mac Local System,2026-05-21 01:45:06.960 E  ecosystemd[6857:6610d0] (EcosystemAnalytics) EcosystemAnalytics.framework:RosettaCoordinator: getCodeSignatureInfo: SecStaticCodeCreate Failed url: <private>
2026-05-21 01:45:06.992855,Mac Failed Login,70,Medium,Mac Local System,2026-05-21 01:45:06.992 Df ecosystemd[6857:6610d1] [com.apple.xpc:connection] [0x906c89400] failed to do a bootstrap look-up: xpc_error=[159: Unknown error: 159]
2026-05-21 01:45:06.993126,Mac Failed Login,70,Medium,Mac Local System,2026-05-21 01:45:06.992 Df ecosystemd[6857:6610d1] [com.apple.xpc:connection] [0x906c89400] invalidated after a failed init
2026-05-21 01:45:06.994882,Mac Failed Login,70,Medium,Mac Local System,2026-05-21 01:45:06.994 E  ecosystemd[6857:6610d1] (EcosystemAnalytics) EcosystemAnalytics.framework:RosettaCoordinator: getCodeSignatureInfo: SecStaticCodeCreate Failed url: <private>
2026-05-21 01:45:09.240215,Mac Failed Login,70,Medium,Mac Local System,"2026-05-21 01:45:09.239 Df Safari[7310:5acf9] [com.apple.WebKit:ProcessSuspension] WebContent[12127]: [webPageID=9258] WebPage::markLayersVolatile: Failed to mark all layers as volatile, will retry in 20 ms"
2026-05-21 01:45:09.274515,Mac Failed Login,70,Medium,Mac Local System,"2026-05-21 01:45:09.274 Df Safari[7310:5acf9] [com.apple.WebKit:ProcessSuspension] WebContent[12127]: [webPageID=9258] WebPage::markLayersVolatile: Failed to mark all layers as volatile, will retry in 40 ms"
2026-05-21 01:45:09.407357,Mac Failed Login,70,Medium,Mac Local System,"2026-05-21 01:45:09.406 Df Safari[7310:5acf9] [com.apple.WebKit:ProcessSuspension] WebContent[12127]: [webPageID=9258] WebPage::markLayersVolatile: Failed to mark all layers as volatile, will retry in 80 ms"
2026-05-21 01:45:09.564053,Mac Failed Login,70,Medium,Mac Local System,2026-05-21 01:45:09.563 Df ecosystemanalyticsd[53070:660b6c] [com.apple.xpc:connection] [0xa56c7c640] failed to do a bootstrap look-up: xpc_error=[159: Unknown error: 159]
2026-05-21 01:45:09.564210,Mac Failed Login,70,Medium,Mac Local System,2026-05-21 01:45:09.564 Df ecosystemanalyticsd[53070:660b6c] [com.apple.xpc:connection] [0xa56c7c640] invalidated after a failed init
2026-05-21 01:45:09.571349,Mac Failed Login,70,Medium,Mac Local System,"2026-05-21 01:45:09.570 Df Safari[7310:5acf9] [com.apple.WebKit:ProcessSuspension] WebContent[12127]: [webPageID=9258] WebPage::markLayersVolatile: Failed to mark all layers as volatile, will retry in 160 ms"
2026-05-21 01:45:09.597716,Mac Failed Login,70,Medium,Mac Local System,2026-05-21 01:45:09.597 Df ecosystemanalyticsd[53070:660b6c] [com.apple.xpc:connection] [0xa56c7c640] failed to do a bootstrap look-up: xpc_error=[159: Unknown error: 159]
2026-05-21 01:45:09.598016,Mac Failed Login,70,Medium,Mac Local System,2026-05-21 01:45:09.597 Df ecosystemanalyticsd[53070:660b6c] [com.apple.xpc:connection] [0xa56c7c640] invalidated after a failed init
2026-05-21 01:45:09.598178,Mac Failed Login,70,Medium,Mac Local System,2026-05-21 01:45:09.597 Df ecosystemd[6857:6610d1] [com.apple.xpc:connection] [0x906c89400] failed to do a bootstrap look-up: xpc_error=[159: Unknown error: 159]
2026-05-21 01:45:09.598277,Mac Failed Login,70,Medium,Mac Local System,2026-05-21 01:45:09.597 Df ecosystemd[6857:6610d1] [com.apple.xpc:connection] [0x906c89400] invalidated after a failed init
2026-05-21 01:45:09.600578,Mac Failed Login,70,Medium,Mac Local System,2026-05-21 01:45:09.600 E  ecosystemd[6857:6610d1] (EcosystemAnalytics) EcosystemAnalytics.framework:RosettaCoordinator: getCodeSignatureInfo: SecStaticCodeCreate Failed url: <private>
2026-05-21 01:45:09.637748,Mac Failed Login,70,Medium,Mac Local System,2026-05-21 01:45:09.637 Df ecosystemd[6857:6610d0] [com.apple.xpc:connection] [0x906c89400] failed to do a bootstrap look-up: xpc_error=[159: Unknown error: 159]
2026-05-21 01:45:09.638009,Mac Failed Login,70,Medium,Mac Local System,2026-05-21 01:45:09.637 Df ecosystemd[6857:6610d0] [com.apple.xpc:connection] [0x906c89400] invalidated after a failed init
2026-05-21 01:45:09.639712,Mac Failed Login,70,Medium,Mac Local System,2026-05-21 01:45:09.639 E  ecosystemd[6857:6610d0] (EcosystemAnalytics) EcosystemAnalytics.framework:RosettaCoordinator: getCodeSignatureInfo: SecStaticCodeCreate Failed url: <private>
2026-05-21 01:45:09.830439,Mac Failed Login,70,Medium,Mac Local System,"2026-05-21 01:45:09.829 Df Safari[7310:5acf9] [com.apple.WebKit:ProcessSuspension] WebContent[12127]: [webPageID=9258] WebPage::markLayersVolatile: Failed to mark all layers as volatile, will retry in 320 ms"
2026-05-21 01:45:10.056613,Mac Failed Login,70,Medium,Mac Local System,2026-05-21 01:45:10.056 Df ecosystemanalyticsd[53070:660b6c] [com.apple.xpc:connection] [0xa56c7c640] failed to do a bootstrap look-up: xpc_error=[159: Unknown error: 159]
2026-05-21 01:45:10.056734,Mac Failed Login,70,Medium,Mac Local System,2026-05-21 01:45:10.056 Df ecosystemanalyticsd[53070:660b6c] [com.apple.xpc:connection] [0xa56c7c640] invalidated after a failed init
2026-05-21 01:45:10.058420,Mac Failed Login,70,Medium,Mac Local System,2026-05-21 01:45:10.058 E  ecosystemanalyticsd[53070:660b6c] (EcosystemAnalytics) EcosystemAnalytics.framework:RosettaCoordinator: getCodeSignatureInfo: SecStaticCodeCreate Failed url: <private>
2026-05-21 01:45:10.065581,Mac Failed Login,70,Medium,Mac Local System,2026-05-21 01:45:10.065 Df ecosystemanalyticsd[53070:660b6c] [com.apple.xpc:connection] [0xa56c7c640] failed to do a bootstrap look-up: xpc_error=[159: Unknown error: 159]
2026-05-21 01:45:10.065738,Mac Failed Login,70,Medium,Mac Local System,2026-05-21 01:45:10.065 Df ecosystemanalyticsd[53070:660b6c] [com.apple.xpc:connection] [0xa56c7c640] invalidated after a failed init
2026-05-21 01:45:10.066014,Mac Failed Login,70,Medium,Mac Local System,2026-05-21 01:45:10.065 Df ecosystemd[6857:6610d0] [com.apple.xpc:connection] [0x906c89400] failed to do a bootstrap look-up: xpc_error=[159: Unknown error: 159]
2026-05-21 01:45:10.066078,Mac Failed Login,70,Medium,Mac Local System,2026-05-21 01:45:10.065 Df ecosystemd[6857:6610d0] [com.apple.xpc:connection] [0x906c89400] invalidated after a failed init
2026-05-21 01:45:10.067124,Mac Failed Login,70,Medium,Mac Local System,2026-05-21 01:45:10.066 E  ecosystemanalyticsd[53070:660b6c] (EcosystemAnalytics) EcosystemAnalytics.framework:RosettaCoordinator: getCodeSignatureInfo: SecStaticCodeCreate Failed url: <private>
2026-05-21 01:45:10.081922,Mac Failed Login,70,Medium,Mac Local System,2026-05-21 01:45:10.081 Df ecosystemanalyticsd[53070:660b6c] [com.apple.xpc:connection] [0xa56c7c640] failed to do a bootstrap look-up: xpc_error=[159: Unknown error: 159]
2026-05-21 01:45:10.082035,Mac Failed Login,70,Medium,Mac Local System,2026-05-21 01:45:10.081 Df ecosystemanalyticsd[53070:660b6c] [com.apple.xpc:connection] [0xa56c7c640] invalidated after a failed init
2026-05-21 01:45:10.082078,Mac Failed Login,70,Medium,Mac Local System,2026-05-21 01:45:10.081 Df ecosystemd[6857:6610d0] [com.apple.xpc:connection] [0x906c89400] failed to do a bootstrap look-up: xpc_error=[159: Unknown error: 159]
2026-05-21 01:45:10.082194,Mac Failed Login,70,Medium,Mac Local System,2026-05-21 01:45:10.082 Df ecosystemd[6857:6610d0] [com.apple.xpc:connection] [0x906c89400] invalidated after a failed init
2026-05-21 01:45:10.083192,Mac Failed Login,70,Medium,Mac Local System,2026-05-21 01:45:10.083 E  ecosystemanalyticsd[53070:660b6c] (EcosystemAnalytics) EcosystemAnalytics.framework:RosettaCoordinator: getCodeSignatureInfo: SecStaticCodeCreate Failed url: <private>
2026-05-21 01:45:10.090231,Mac Failed Login,70,Medium,Mac Local System,2026-05-21 01:45:10.090 Df ecosystemanalyticsd[53070:660b6c] [com.apple.xpc:connection] [0xa56c7c640] failed to do a bootstrap look-up: xpc_error=[159: Unknown error: 159]
2026-05-21 01:45:10.090366,Mac Failed Login,70,Medium,Mac Local System,2026-05-21 01:45:10.090 Df ecosystemanalyticsd[53070:660b6c] [com.apple.xpc:connection] [0xa56c7c640] invalidated after a failed init
2026-05-21 01:45:10.091619,Mac Failed Login,70,Medium,Mac Local System,2026-05-21 01:45:10.091 E  ecosystemanalyticsd[53070:660b6c] (EcosystemAnalytics) EcosystemAnalytics.framework:RosettaCoordinator: getCodeSignatureInfo: SecStaticCodeCreate Failed url: <private>
2026-05-21 01:45:10.106256,Mac Failed Login,70,Medium,Mac Local System,2026-05-21 01:45:10.105 Df ecosystemd[6857:6610d0] [com.apple.xpc:connection] [0x906c89400] failed to do a bootstrap look-up: xpc_error=[159: Unknown error: 159]
2026-05-21 01:45:10.106421,Mac Failed Login,70,Medium,Mac Local System,2026-05-21 01:45:10.106 Df ecosystemd[6857:6610d0] [com.apple.xpc:connection] [0x906c89400] invalidated after a failed init
2026-05-21 01:45:10.109157,Mac Failed Login,70,Medium,Mac Local System,2026-05-21 01:45:10.108 Df ecosystemanalyticsd[53070:660b6c] [com.apple.xpc:connection] [0xa56c7c640] failed to do a bootstrap look-up: xpc_error=[159: Unknown error: 159]
2026-05-21 01:45:10.109460,Mac Failed Login,70,Medium,Mac Local System,2026-05-21 01:45:10.108 Df ecosystemanalyticsd[53070:660b6c] [com.apple.xpc:connection] [0xa56c7c640] invalidated after a failed init
2026-05-21 01:45:10.131271,Mac Failed Login,70,Medium,Mac Local System,2026-05-21 01:45:10.130 Df ecosystemd[6857:6610d0] [com.apple.xpc:connection] [0x906c89400] failed to do a bootstrap look-up: xpc_error=[159: Unknown error: 159]
2026-05-21 01:45:10.131433,Mac Failed Login,70,Medium,Mac Local System,2026-05-21 01:45:10.131 Df ecosystemd[6857:6610d0] [com.apple.xpc:connection] [0x906c89400] invalidated after a failed init
2026-05-21 01:45:10.145223,Mac Failed Login,70,Medium,Mac Local System,2026-05-21 01:45:10.144 Df ecosystemanalyticsd[53070:660b6c] [com.apple.xpc:connection] [0xa56c7c640] failed to do a bootstrap look-up: xpc_error=[159: Unknown error: 159]
2026-05-21 01:45:10.145374,Mac Failed Login,70,Medium,Mac Local System,2026-05-21 01:45:10.145 Df ecosystemanalyticsd[53070:660b6c] [com.apple.xpc:connection] [0xa56c7c640] invalidated after a failed init
2026-05-21 01:45:10.168937,Mac Failed Login,70,Medium,Mac Local System,2026-05-21 01:45:10.168 Df ecosystemd[6857:6610d0] [com.apple.xpc:connection] [0x906c89400] failed to do a bootstrap look-up: xpc_error=[159: Unknown error: 159]
2026-05-21 01:45:10.169067,Mac Failed Login,70,Medium,Mac Local System,2026-05-21 01:45:10.168 Df ecosystemd[6857:6610d0] [com.apple.xpc:connection] [0x906c89400] invalidated after a failed init
2026-05-21 01:45:10.171625,Mac Failed Login,70,Medium,Mac Local System,2026-05-21 01:45:10.171 E  ecosystemd[6857:6610d0] (EcosystemAnalytics) EcosystemAnalytics.framework:RosettaCoordinator: getCodeSignatureInfo: SecStaticCodeCreate Failed url: <private>
2026-05-21 01:45:10.183209,Mac Failed Login,70,Medium,Mac Local System,2026-05-21 01:45:10.183 Df ecosystemd[6857:6610d0] [com.apple.xpc:connection] [0x906c89400] failed to do a bootstrap look-up: xpc_error=[159: Unknown error: 159]
2026-05-21 01:45:10.183315,Mac Failed Login,70,Medium,Mac Local System,2026-05-21 01:45:10.183 Df ecosystemanalyticsd[53070:660b6c] [com.apple.xpc:connection] [0xa56c7c640] failed to do a bootstrap look-up: xpc_error=[159: Unknown error: 159]
2026-05-21 01:45:10.183352,Mac Failed Login,70,Medium,Mac Local System,2026-05-21 01:45:10.183 Df ecosystemd[6857:6610d0] [com.apple.xpc:connection] [0x906c89400] invalidated after a failed init
2026-05-21 01:45:10.183382,Mac Failed Login,70,Medium,Mac Local System,2026-05-21 01:45:10.183 Df ecosystemanalyticsd[53070:660b6c] [com.apple.xpc:connection] [0xa56c7c640] invalidated after a failed init
2026-05-21 01:45:10.184428,Mac Failed Login,70,Medium,Mac Local System,2026-05-21 01:45:10.184 E  ecosystemd[6857:6610d0] (EcosystemAnalytics) EcosystemAnalytics.framework:RosettaCoordinator: getCodeSignatureInfo: SecStaticCodeCreate Failed url: <private>
2026-05-21 01:45:10.193586,Mac Failed Login,70,Medium,Mac Local System,2026-05-21 01:45:10.193 Df ecosystemanalyticsd[53070:660b6c] [com.apple.xpc:connection] [0xa56c7c640] failed to do a bootstrap look-up: xpc_error=[159: Unknown error: 159]
2026-05-21 01:45:10.193694,Mac Failed Login,70,Medium,Mac Local System,2026-05-21 01:45:10.193 Df ecosystemanalyticsd[53070:660b6c] [com.apple.xpc:connection] [0xa56c7c640] invalidated after a failed init
2026-05-21 01:45:10.218215,Mac Failed Login,70,Medium,Mac Local System,2026-05-21 01:45:10.217 Df ecosystemanalyticsd[53070:660b6c] [com.apple.xpc:connection] [0xa56c7c640] failed to do a bootstrap look-up: xpc_error=[159: Unknown error: 159]
2026-05-21 01:45:10.218348,Mac Failed Login,70,Medium,Mac Local System,2026-05-21 01:45:10.218 Df ecosystemanalyticsd[53070:660b6c] [com.apple.xpc:connection] [0xa56c7c640] invalidated after a failed init
2026-05-21 01:45:10.218843,Mac Failed Login,70,Medium,Mac Local System,2026-05-21 01:45:10.218 Df ecosystemd[6857:6610d0] [com.apple.xpc:connection] [0x906c89400] failed to do a bootstrap look-up: xpc_error=[159: Unknown error: 159]
2026-05-21 01:45:10.218951,Mac Failed Login,70,Medium,Mac Local System,2026-05-21 01:45:10.218 Df ecosystemd[6857:6610d0] [com.apple.xpc:connection] [0x906c89400] invalidated after a failed init
2026-05-21 01:45:10.221207,Mac Failed Login,70,Medium,Mac Local System,2026-05-21 01:45:10.221 E  ecosystemd[6857:6610d0] (EcosystemAnalytics) EcosystemAnalytics.framework:RosettaCoordinator: getCodeSignatureInfo: SecStaticCodeCreate Failed url: <private>
2026-05-21 01:45:10.222502,Mac Failed Login,70,Medium,Mac Local System,2026-05-21 01:45:10.222 Df ecosystemd[6857:6610d0] [com.apple.xpc:connection] [0x906c89400] failed to do a bootstrap look-up: xpc_error=[159: Unknown error: 159]
2026-05-21 01:45:10.222640,Mac Failed Login,70,Medium,Mac Local System,2026-05-21 01:45:10.222 Df ecosystemd[6857:6610d0] [com.apple.xpc:connection] [0x906c89400] invalidated after a failed init
2026-05-21 01:45:10.228628,Mac Failed Login,70,Medium,Mac Local System,2026-05-21 01:45:10.228 E  ecosystemd[6857:6610d0] (EcosystemAnalytics) EcosystemAnalytics.framework:RosettaCoordinator: getCodeSignatureInfo: SecStaticCodeCreate Failed url: <private>
2026-05-21 01:45:10.242207,Mac Failed Login,70,Medium,Mac Local System,2026-05-21 01:45:10.242 Df ecosystemanalyticsd[53070:660b6c] [com.apple.xpc:connection] [0xa56c7c640] failed to do a bootstrap look-up: xpc_error=[159: Unknown error: 159]
2026-05-21 01:45:10.242327,Mac Failed Login,70,Medium,Mac Local System,2026-05-21 01:45:10.242 Df ecosystemanalyticsd[53070:660b6c] [com.apple.xpc:connection] [0xa56c7c640] invalidated after a failed init
2026-05-21 01:45:10.243755,Mac Failed Login,70,Medium,Mac Local System,"2026-05-21 01:45:10.243 Df Safari[7310:5acf9] [com.apple.WebKit:ProcessSuspension] WebContent[12127]: [webPageID=9258] WebPage::markLayersVolatile: Failed to mark all layers as volatile, will retry in 640 ms"
2026-05-21 01:45:10.257057,Mac Failed Login,70,Medium,Mac Local System,2026-05-21 01:45:10.256 Df ecosystemd[6857:6610d0] [com.apple.xpc:connection] [0x906c89400] failed to do a bootstrap look-up: xpc_error=[159: Unknown error: 159]
2026-05-21 01:45:10.257141,Mac Failed Login,70,Medium,Mac Local System,2026-05-21 01:45:10.256 Df ecosystemanalyticsd[53070:660b6c] [com.apple.xpc:connection] [0xa56c7c640] failed to do a bootstrap look-up: xpc_error=[159: Unknown error: 159]
2026-05-21 01:45:10.257177,Mac Failed Login,70,Medium,Mac Local System,2026-05-21 01:45:10.256 Df ecosystemd[6857:6610d0] [com.apple.xpc:connection] [0x906c89400] invalidated after a failed init
2026-05-21 01:45:10.257212,Mac Failed Login,70,Medium,Mac Local System,2026-05-21 01:45:10.256 Df ecosystemanalyticsd[53070:660b6c] [com.apple.xpc:connection] [0xa56c7c640] invalidated after a failed init
2026-05-21 01:45:10.258272,Mac Failed Login,70,Medium,Mac Local System,2026-05-21 01:45:10.258 E  ecosystemd[6857:6610d0] (EcosystemAnalytics) EcosystemAnalytics.framework:RosettaCoordinator: getCodeSignatureInfo: SecStaticCodeCreate Failed url: <private>
2026-05-21 01:45:10.258599,Mac Failed Login,70,Medium,Mac Local System,2026-05-21 01:45:10.258 Df ecosystemd[6857:6610d0] [com.apple.xpc:connection] [0x906c89400] failed to do a bootstrap look-up: xpc_error=[159: Unknown error: 159]
2026-05-21 01:45:10.258657,Mac Failed Login,70,Medium,Mac Local System,2026-05-21 01:45:10.258 Df ecosystemd[6857:6610d0] [com.apple.xpc:connection] [0x906c89400] invalidated after a failed init
2026-05-21 01:45:10.260804,Mac Failed Login,70,Medium,Mac Local System,2026-05-21 01:45:10.260 E  ecosystemd[6857:6610d0] (EcosystemAnalytics) EcosystemAnalytics.framework:RosettaCoordinator: getCodeSignatureInfo: SecStaticCodeCreate Failed url: <private>
2026-05-21 01:45:10.272885,Mac Failed Login,70,Medium,Mac Local System,2026-05-21 01:45:10.272 Df ecosystemanalyticsd[53070:660b6c] [com.apple.xpc:connection] [0xa56c7c640] failed to do a bootstrap look-up: xpc_error=[159: Unknown error: 159]
2026-05-21 01:45:10.272970,Mac Failed Login,70,Medium,Mac Local System,2026-05-21 01:45:10.272 Df ecosystemanalyticsd[53070:660b6c] [com.apple.xpc:connection] [0xa56c7c640] invalidated after a failed init
2026-05-21 01:45:10.291651,Mac Failed Login,70,Medium,Mac Local System,2026-05-21 01:45:10.291 Df ecosystemd[6857:6610d0] [com.apple.xpc:connection] [0x906c89400] failed to do a bootstrap look-up: xpc_error=[159: Unknown error: 159]
2026-05-21 01:45:10.291818,Mac Failed Login,70,Medium,Mac Local System,2026-05-21 01:45:10.291 Df ecosystemd[6857:6610d0] [com.apple.xpc:connection] [0x906c89400] invalidated after a failed init
2026-05-21 01:45:10.292019,Mac Failed Login,70,Medium,Mac Local System,2026-05-21 01:45:10.291 Df ecosystemanalyticsd[53070:660b6c] [com.apple.xpc:connection] [0xa56c7c640] failed to do a bootstrap look-up: xpc_error=[159: Unknown error: 159]
2026-05-21 01:45:10.292108,Mac Failed Login,70,Medium,Mac Local System,2026-05-21 01:45:10.291 Df ecosystemanalyticsd[53070:660b6c] [com.apple.xpc:connection] [0xa56c7c640] invalidated after a failed init
2026-05-21 01:45:10.293809,Mac Failed Login,70,Medium,Mac Local System,2026-05-21 01:45:10.293 E  ecosystemd[6857:6610d0] (EcosystemAnalytics) EcosystemAnalytics.framework:RosettaCoordinator: getCodeSignatureInfo: SecStaticCodeCreate Failed url: <private>
2026-05-21 01:45:10.294520,Mac Failed Login,70,Medium,Mac Local System,2026-05-21 01:45:10.294 Df ecosystemd[6857:6610d0] [com.apple.xpc:connection] [0x906c89400] failed to do a bootstrap look-up: xpc_error=[159: Unknown error: 159]
2026-05-21 01:45:10.294616,Mac Failed Login,70,Medium,Mac Local System,2026-05-21 01:45:10.294 Df ecosystemd[6857:6610d0] [com.apple.xpc:connection] [0x906c89400] invalidated after a failed init
2026-05-21 01:45:10.296525,Mac Failed Login,70,Medium,Mac Local System,2026-05-21 01:45:10.296 E  ecosystemd[6857:6610d0] (EcosystemAnalytics) EcosystemAnalytics.framework:RosettaCoordinator: getCodeSignatureInfo: SecStaticCodeCreate Failed url: <private>
2026-05-21 01:45:10.308240,Mac Failed Login,70,Medium,Mac Local System,2026-05-21 01:45:10.308 Df ecosystemanalyticsd[53070:660b6c] [com.apple.xpc:connection] [0xa56c7c640] failed to do a bootstrap look-up: xpc_error=[159: Unknown error: 159]
2026-05-21 01:45:10.308339,Mac Failed Login,70,Medium,Mac Local System,2026-05-21 01:45:10.308 Df ecosystemanalyticsd[53070:660b6c] [com.apple.xpc:connection] [0xa56c7c640] invalidated after a failed init
2026-05-21 01:45:10.350621,Mac Failed Login,70,Medium,Mac Local System,2026-05-21 01:45:10.350 Df ecosystemanalyticsd[53070:660b6c] [com.apple.xpc:connection] [0xa56c7c640] failed to do a bootstrap look-up: xpc_error=[159: Unknown error: 159]
2026-05-21 01:45:10.350754,Mac Failed Login,70,Medium,Mac Local System,2026-05-21 01:45:10.350 Df ecosystemanalyticsd[53070:660b6c] [com.apple.xpc:connection] [0xa56c7c640] invalidated after a failed init
2026-05-21 01:45:10.350810,Mac Failed Login,70,Medium,Mac Local System,2026-05-21 01:45:10.350 Df ecosystemd[6857:6610d0] [com.apple.xpc:connection] [0x906c89400] failed to do a bootstrap look-up: xpc_error=[159: Unknown error: 159]
2026-05-21 01:45:10.350868,Mac Failed Login,70,Medium,Mac Local System,2026-05-21 01:45:10.350 Df ecosystemd[6857:6610d0] [com.apple.xpc:connection] [0x906c89400] invalidated after a failed init
2026-05-21 01:45:10.352517,Mac Failed Login,70,Medium,Mac Local System,2026-05-21 01:45:10.352 E  ecosystemd[6857:6610d0] (EcosystemAnalytics) EcosystemAnalytics.framework:RosettaCoordinator: getCodeSignatureInfo: SecStaticCodeCreate Failed url: <private>
2026-05-21 01:45:10.352983,Mac Failed Login,70,Medium,Mac Local System,2026-05-21 01:45:10.352 Df ecosystemd[6857:6610d0] [com.apple.xpc:connection] [0x906c89400] failed to do a bootstrap look-up: xpc_error=[159: Unknown error: 159]
2026-05-21 01:45:10.353063,Mac Failed Login,70,Medium,Mac Local System,2026-05-21 01:45:10.352 Df ecosystemd[6857:6610d0] [com.apple.xpc:connection] [0x906c89400] invalidated after a failed init
2026-05-21 01:45:10.355425,Mac Failed Login,70,Medium,Mac Local System,2026-05-21 01:45:10.355 E  ecosystemd[6857:6610d0] (EcosystemAnalytics) EcosystemAnalytics.framework:RosettaCoordinator: getCodeSignatureInfo: SecStaticCodeCreate Failed url: <private>
2026-05-21 01:45:10.366542,Mac Failed Login,70,Medium,Mac Local System,2026-05-21 01:45:10.366 Df ecosystemanalyticsd[53070:660b6c] [com.apple.xpc:connection] [0xa56c7c640] failed to do a bootstrap look-up: xpc_error=[159: Unknown error: 159]
2026-05-21 01:45:10.366671,Mac Failed Login,70,Medium,Mac Local System,2026-05-21 01:45:10.366 Df ecosystemanalyticsd[53070:660b6c] [com.apple.xpc:connection] [0xa56c7c640] invalidated after a failed init
2026-05-21 01:45:10.399849,Mac Failed Login,70,Medium,Mac Local System,2026-05-21 01:45:10.399 Df ecosystemanalyticsd[53070:660b6c] [com.apple.xpc:connection] [0xa56c7c640] failed to do a bootstrap look-up: xpc_error=[159: Unknown error: 159]
2026-05-21 01:45:10.399994,Mac Failed Login,70,Medium,Mac Local System,2026-05-21 01:45:10.399 Df ecosystemanalyticsd[53070:660b6c] [com.apple.xpc:connection] [0xa56c7c640] invalidated after a failed init
2026-05-21 01:45:10.400057,Mac Failed Login,70,Medium,Mac Local System,2026-05-21 01:45:10.399 Df ecosystemd[6857:6610d0] [com.apple.xpc:connection] [0x906c89400] failed to do a bootstrap look-up: xpc_error=[159: Unknown error: 159]
2026-05-21 01:45:10.400114,Mac Failed Login,70,Medium,Mac Local System,2026-05-21 01:45:10.399 Df ecosystemd[6857:6610d0] [com.apple.xpc:connection] [0x906c89400] invalidated after a failed init
2026-05-21 01:45:10.401418,Mac Failed Login,70,Medium,Mac Local System,2026-05-21 01:45:10.401 E  ecosystemd[6857:6610d0] (EcosystemAnalytics) EcosystemAnalytics.framework:RosettaCoordinator: getCodeSignatureInfo: SecStaticCodeCreate Failed url: <private>
2026-05-21 01:45:10.401823,Mac Failed Login,70,Medium,Mac Local System,2026-05-21 01:45:10.401 Df ecosystemd[6857:6610d0] [com.apple.xpc:connection] [0x906c89400] failed to do a bootstrap look-up: xpc_error=[159: Unknown error: 159]
2026-05-21 01:45:10.401900,Mac Failed Login,70,Medium,Mac Local System,2026-05-21 01:45:10.401 Df ecosystemd[6857:6610d0] [com.apple.xpc:connection] [0x906c89400] invalidated after a failed init
2026-05-21 01:45:10.403184,Mac Failed Login,70,Medium,Mac Local System,2026-05-21 01:45:10.402 E  ecosystemd[6857:6610d0] (EcosystemAnalytics) EcosystemAnalytics.framework:RosettaCoordinator: getCodeSignatureInfo: SecStaticCodeCreate Failed url: <private>
2026-05-21 01:45:10.420917,Mac Failed Login,70,Medium,Mac Local System,2026-05-21 01:45:10.420 Df ecosystemanalyticsd[53070:660b6c] [com.apple.xpc:connection] [0xa56c7c640] failed to do a bootstrap look-up: xpc_error=[159: Unknown error: 159]
2026-05-21 01:45:10.421159,Mac Failed Login,70,Medium,Mac Local System,2026-05-21 01:45:10.420 Df ecosystemanalyticsd[53070:660b6c] [com.apple.xpc:connection] [0xa56c7c640] invalidated after a failed init
2026-05-21 01:45:10.443453,Mac Failed Login,70,Medium,Mac Local System,2026-05-21 01:45:10.443 Df ecosystemd[6857:6610d0] [com.apple.xpc:connection] [0x906c89400] failed to do a bootstrap look-up: xpc_error=[159: Unknown error: 159]
2026-05-21 01:45:10.443517,Mac Failed Login,70,Medium,Mac Local System,2026-05-21 01:45:10.443 Df ecosystemd[6857:6610d0] [com.apple.xpc:connection] [0x906c89400] invalidated after a failed init
2026-05-21 01:45:10.443616,Mac Failed Login,70,Medium,Mac Local System,2026-05-21 01:45:10.443 Df ecosystemanalyticsd[53070:660b6c] [com.apple.xpc:connection] [0xa56c7c640] failed to do a bootstrap look-up: xpc_error=[159: Unknown error: 159]
2026-05-21 01:45:10.443647,Mac Failed Login,70,Medium,Mac Local System,2026-05-21 01:45:10.443 Df ecosystemanalyticsd[53070:660b6c] [com.apple.xpc:connection] [0xa56c7c640] invalidated after a failed init
2026-05-21 01:45:10.444444,Mac Failed Login,70,Medium,Mac Local System,2026-05-21 01:45:10.444 E  ecosystemd[6857:6610d0] (EcosystemAnalytics) EcosystemAnalytics.framework:RosettaCoordinator: getCodeSignatureInfo: SecStaticCodeCreate Failed url: <private>
2026-05-21 01:45:10.444719,Mac Failed Login,70,Medium,Mac Local System,2026-05-21 01:45:10.444 Df ecosystemd[6857:6610d0] [com.apple.xpc:connection] [0x906c89400] failed to do a bootstrap look-up: xpc_error=[159: Unknown error: 159]
2026-05-21 01:45:10.444760,Mac Failed Login,70,Medium,Mac Local System,2026-05-21 01:45:10.444 Df ecosystemd[6857:6610d0] [com.apple.xpc:connection] [0x906c89400] invalidated after a failed init
2026-05-21 01:45:10.445512,Mac Failed Login,70,Medium,Mac Local System,2026-05-21 01:45:10.445 E  ecosystemd[6857:6610d0] (EcosystemAnalytics) EcosystemAnalytics.framework:RosettaCoordinator: getCodeSignatureInfo: SecStaticCodeCreate Failed url: <private>
2026-05-21 01:45:10.455538,Mac Failed Login,70,Medium,Mac Local System,2026-05-21 01:45:10.455 Df ecosystemanalyticsd[53070:660b6c] [com.apple.xpc:connection] [0xa56c7c640] failed to do a bootstrap look-up: xpc_error=[159: Unknown error: 159]
2026-05-21 01:45:10.455572,Mac Failed Login,70,Medium,Mac Local System,2026-05-21 01:45:10.455 Df ecosystemanalyticsd[53070:660b6c] [com.apple.xpc:connection] [0xa56c7c640] invalidated after a failed init
2026-05-21 01:45:10.495802,Mac Failed Login,70,Medium,Mac Local System,2026-05-21 01:45:10.495 Df ecosystemd[6857:6610d0] [com.apple.xpc:connection] [0x906c89400] failed to do a bootstrap look-up: xpc_error=[159: Unknown error: 159]
2026-05-21 01:45:10.495912,Mac Failed Login,70,Medium,Mac Local System,2026-05-21 01:45:10.495 Df ecosystemd[6857:6610d0] [com.apple.xpc:connection] [0x906c89400] invalidated after a failed init
2026-05-21 01:45:10.496345,Mac Failed Login,70,Medium,Mac Local System,2026-05-21 01:45:10.495 Df ecosystemanalyticsd[53070:660b6c] [com.apple.xpc:connection] [0xa56c7c640] failed to do a bootstrap look-up: xpc_error=[159: Unknown error: 159]
2026-05-21 01:45:10.496442,Mac Failed Login,70,Medium,Mac Local System,2026-05-21 01:45:10.495 Df ecosystemanalyticsd[53070:660b6c] [com.apple.xpc:connection] [0xa56c7c640] invalidated after a failed init
2026-05-21 01:45:10.497675,Mac Failed Login,70,Medium,Mac Local System,2026-05-21 01:45:10.497 E  ecosystemd[6857:6610d0] (EcosystemAnalytics) EcosystemAnalytics.framework:RosettaCoordinator: getCodeSignatureInfo: SecStaticCodeCreate Failed url: <private>
2026-05-21 01:45:10.498118,Mac Failed Login,70,Medium,Mac Local System,2026-05-21 01:45:10.498 Df ecosystemd[6857:6610d0] [com.apple.xpc:connection] [0x906c89400] failed to do a bootstrap look-up: xpc_error=[159: Unknown error: 159]
2026-05-21 01:45:10.498184,Mac Failed Login,70,Medium,Mac Local System,2026-05-21 01:45:10.498 Df ecosystemd[6857:6610d0] [com.apple.xpc:connection] [0x906c89400] invalidated after a failed init
2026-05-21 01:45:10.499147,Mac Failed Login,70,Medium,Mac Local System,2026-05-21 01:45:10.499 E  ecosystemd[6857:6610d0] (EcosystemAnalytics) EcosystemAnalytics.framework:RosettaCoordinator: getCodeSignatureInfo: SecStaticCodeCreate Failed url: <private>
2026-05-21 01:45:10.505226,Mac Failed Login,70,Medium,Mac Local System,2026-05-21 01:45:10.505 Df ecosystemanalyticsd[53070:660b6c] [com.apple.xpc:connection] [0xa56c7c640] failed to do a bootstrap look-up: xpc_error=[159: Unknown error: 159]
2026-05-21 01:45:10.505266,Mac Failed Login,70,Medium,Mac Local System,2026-05-21 01:45:10.505 Df ecosystemanalyticsd[53070:660b6c] [com.apple.xpc:connection] [0xa56c7c640] invalidated after a failed init
2026-05-21 01:45:10.518047,Mac Failed Login,70,Medium,Mac Local System,2026-05-21 01:45:10.517 Df ecosystemd[6857:6610d0] [com.apple.xpc:connection] [0x906c89400] failed to do a bootstrap look-up: xpc_error=[159: Unknown error: 159]
2026-05-21 01:45:10.518152,Mac Failed Login,70,Medium,Mac Local System,2026-05-21 01:45:10.517 Df ecosystemd[6857:6610d0] [com.apple.xpc:connection] [0x906c89400] invalidated after a failed init
2026-05-21 01:45:10.518397,Mac Failed Login,70,Medium,Mac Local System,2026-05-21 01:45:10.518 Df ecosystemanalyticsd[53070:660b6c] [com.apple.xpc:connection] [0xa56c7c640] failed to do a bootstrap look-up: xpc_error=[159: Unknown error: 159]
2026-05-21 01:45:10.518467,Mac Failed Login,70,Medium,Mac Local System,2026-05-21 01:45:10.518 Df ecosystemanalyticsd[53070:660b6c] [com.apple.xpc:connection] [0xa56c7c640] invalidated after a failed init
2026-05-21 01:45:10.519272,Mac Failed Login,70,Medium,Mac Local System,2026-05-21 01:45:10.519 E  ecosystemd[6857:6610d0] (EcosystemAnalytics) EcosystemAnalytics.framework:RosettaCoordinator: getCodeSignatureInfo: SecStaticCodeCreate Failed url: <private>
2026-05-21 01:45:10.519605,Mac Failed Login,70,Medium,Mac Local System,2026-05-21 01:45:10.519 Df ecosystemd[6857:6610d0] [com.apple.xpc:connection] [0x906c89400] failed to do a bootstrap look-up: xpc_error=[159: Unknown error: 159]
2026-05-21 01:45:10.519676,Mac Failed Login,70,Medium,Mac Local System,2026-05-21 01:45:10.519 Df ecosystemd[6857:6610d0] [com.apple.xpc:connection] [0x906c89400] invalidated after a failed init
2026-05-21 01:45:10.520849,Mac Failed Login,70,Medium,Mac Local System,2026-05-21 01:45:10.520 E  ecosystemd[6857:6610d0] (EcosystemAnalytics) EcosystemAnalytics.framework:RosettaCoordinator: getCodeSignatureInfo: SecStaticCodeCreate Failed url: <private>
2026-05-21 01:45:10.528089,Mac Failed Login,70,Medium,Mac Local System,2026-05-21 01:45:10.527 Df ecosystemanalyticsd[53070:660b6c] [com.apple.xpc:connection] [0xa56c7c640] failed to do a bootstrap look-up: xpc_error=[159: Unknown error: 159]
2026-05-21 01:45:10.528188,Mac Failed Login,70,Medium,Mac Local System,2026-05-21 01:45:10.527 Df ecosystemanalyticsd[53070:660b6c] [com.apple.xpc:connection] [0xa56c7c640] invalidated after a failed init
2026-05-21 01:45:10.546653,Mac Failed Login,70,Medium,Mac Local System,2026-05-21 01:45:10.546 Df ecosystemanalyticsd[53070:660b6c] [com.apple.xpc:connection] [0xa56c7c640] failed to do a bootstrap look-up: xpc_error=[159: Unknown error: 159]
2026-05-21 01:45:10.546798,Mac Failed Login,70,Medium,Mac Local System,2026-05-21 01:45:10.546 Df ecosystemanalyticsd[53070:660b6c] [com.apple.xpc:connection] [0xa56c7c640] invalidated after a failed init
2026-05-21 01:45:10.547203,Mac Failed Login,70,Medium,Mac Local System,2026-05-21 01:45:10.546 Df ecosystemd[6857:6610d0] [com.apple.xpc:connection] [0x906c89400] failed to do a bootstrap look-up: xpc_error=[159: Unknown error: 159]
2026-05-21 01:45:10.547719,Mac Failed Login,70,Medium,Mac Local System,2026-05-21 01:45:10.547 Df ecosystemd[6857:6610d0] [com.apple.xpc:connection] [0x906c89400] invalidated after a failed init
2026-05-21 01:45:10.550290,Mac Failed Login,70,Medium,Mac Local System,2026-05-21 01:45:10.550 E  ecosystemd[6857:6610d0] (EcosystemAnalytics) EcosystemAnalytics.framework:RosettaCoordinator: getCodeSignatureInfo: SecStaticCodeCreate Failed url: <private>
2026-05-21 01:45:10.550974,Mac Failed Login,70,Medium,Mac Local System,2026-05-21 01:45:10.550 Df ecosystemd[6857:6610d0] [com.apple.xpc:connection] [0x906c89400] failed to do a bootstrap look-up: xpc_error=[159: Unknown error: 159]
2026-05-21 01:45:10.551064,Mac Failed Login,70,Medium,Mac Local System,2026-05-21 01:45:10.550 Df ecosystemd[6857:6610d0] [com.apple.xpc:connection] [0x906c89400] invalidated after a failed init
2026-05-21 01:45:10.553639,Mac Failed Login,70,Medium,Mac Local System,2026-05-21 01:45:10.553 E  ecosystemd[6857:6610d0] (EcosystemAnalytics) EcosystemAnalytics.framework:RosettaCoordinator: getCodeSignatureInfo: SecStaticCodeCreate Failed url: <private>
2026-05-21 01:45:10.565671,Mac Failed Login,70,Medium,Mac Local System,2026-05-21 01:45:10.565 Df ecosystemanalyticsd[53070:660b6c] [com.apple.xpc:connection] [0xa56c7c640] failed to do a bootstrap look-up: xpc_error=[159: Unknown error: 159]
2026-05-21 01:45:10.565820,Mac Failed Login,70,Medium,Mac Local System,2026-05-21 01:45:10.565 Df ecosystemanalyticsd[53070:660b6c] [com.apple.xpc:connection] [0xa56c7c640] invalidated after a failed init
2026-05-21 01:45:10.593928,Mac Failed Login,70,Medium,Mac Local System,2026-05-21 01:45:10.593 Df ecosystemd[6857:6610d0] [com.apple.xpc:connection] [0x906c89400] failed to do a bootstrap look-up: xpc_error=[159: Unknown error: 159]
2026-05-21 01:45:10.594093,Mac Failed Login,70,Medium,Mac Local System,2026-05-21 01:45:10.593 Df ecosystemanalyticsd[53070:660b6c] [com.apple.xpc:connection] [0xa56c7c640] failed to do a bootstrap look-up: xpc_error=[159: Unknown error: 159]
2026-05-21 01:45:10.594171,Mac Failed Login,70,Medium,Mac Local System,2026-05-21 01:45:10.593 Df ecosystemd[6857:6610d0] [com.apple.xpc:connection] [0x906c89400] invalidated after a failed init
2026-05-21 01:45:10.594247,Mac Failed Login,70,Medium,Mac Local System,2026-05-21 01:45:10.593 Df ecosystemanalyticsd[53070:660b6c] [com.apple.xpc:connection] [0xa56c7c640] invalidated after a failed init
2026-05-21 01:45:10.596114,Mac Failed Login,70,Medium,Mac Local System,2026-05-21 01:45:10.595 E  ecosystemd[6857:6610d0] (EcosystemAnalytics) EcosystemAnalytics.framework:RosettaCoordinator: getCodeSignatureInfo: SecStaticCodeCreate Failed url: <private>
2026-05-21 01:45:10.596865,Mac Failed Login,70,Medium,Mac Local System,2026-05-21 01:45:10.596 Df ecosystemd[6857:6610d0] [com.apple.xpc:connection] [0x906c89400] failed to do a bootstrap look-up: xpc_error=[159: Unknown error: 159]
2026-05-21 01:45:10.596974,Mac Failed Login,70,Medium,Mac Local System,2026-05-21 01:45:10.596 Df ecosystemd[6857:6610d0] [com.apple.xpc:connection] [0x906c89400] invalidated after a failed init
2026-05-21 01:45:10.598419,Mac Failed Login,70,Medium,Mac Local System,2026-05-21 01:45:10.598 E  ecosystemd[6857:6610d0] (EcosystemAnalytics) EcosystemAnalytics.framework:RosettaCoordinator: getCodeSignatureInfo: SecStaticCodeCreate Failed url: <private>
2026-05-21 01:45:10.608541,Mac Failed Login,70,Medium,Mac Local System,2026-05-21 01:45:10.608 Df ecosystemanalyticsd[53070:660b6c] [com.apple.xpc:connection] [0xa56c7c640] failed to do a bootstrap look-up: xpc_error=[159: Unknown error: 159]
2026-05-21 01:45:10.608698,Mac Failed Login,70,Medium,Mac Local System,2026-05-21 01:45:10.608 Df ecosystemanalyticsd[53070:660b6c] [com.apple.xpc:connection] [0xa56c7c640] invalidated after a failed init
2026-05-21 01:45:10.632962,Mac Failed Login,70,Medium,Mac Local System,2026-05-21 01:45:10.632 Df ecosystemanalyticsd[53070:660b6c] [com.apple.xpc:connection] [0xa56c7c640] failed to do a bootstrap look-up: xpc_error=[159: Unknown error: 159]
2026-05-21 01:45:10.633124,Mac Failed Login,70,Medium,Mac Local System,2026-05-21 01:45:10.632 Df ecosystemanalyticsd[53070:660b6c] [com.apple.xpc:connection] [0xa56c7c640] invalidated after a failed init
2026-05-21 01:45:10.633304,Mac Failed Login,70,Medium,Mac Local System,2026-05-21 01:45:10.632 Df ecosystemd[6857:6610d0] [com.apple.xpc:connection] [0x906c89400] failed to do a bootstrap look-up: xpc_error=[159: Unknown error: 159]
2026-05-21 01:45:10.633389,Mac Failed Login,70,Medium,Mac Local System,2026-05-21 01:45:10.632 Df ecosystemd[6857:6610d0] [com.apple.xpc:connection] [0x906c89400] invalidated after a failed init
2026-05-21 01:45:10.635130,Mac Failed Login,70,Medium,Mac Local System,2026-05-21 01:45:10.634 E  ecosystemd[6857:6610d0] (EcosystemAnalytics) EcosystemAnalytics.framework:RosettaCoordinator: getCodeSignatureInfo: SecStaticCodeCreate Failed url: <private>
2026-05-21 01:45:10.635547,Mac Failed Login,70,Medium,Mac Local System,2026-05-21 01:45:10.635 Df ecosystemd[6857:6610d0] [com.apple.xpc:connection] [0x906c89400] failed to do a bootstrap look-up: xpc_error=[159: Unknown error: 159]
2026-05-21 01:45:10.635654,Mac Failed Login,70,Medium,Mac Local System,2026-05-21 01:45:10.635 Df ecosystemd[6857:6610d0] [com.apple.xpc:connection] [0x906c89400] invalidated after a failed init
2026-05-21 01:45:10.637840,Mac Failed Login,70,Medium,Mac Local System,2026-05-21 01:45:10.637 E  ecosystemd[6857:6610d0] (EcosystemAnalytics) EcosystemAnalytics.framework:RosettaCoordinator: getCodeSignatureInfo: SecStaticCodeCreate Failed url: <private>
2026-05-21 01:45:10.652461,Mac Failed Login,70,Medium,Mac Local System,2026-05-21 01:45:10.652 Df ecosystemanalyticsd[53070:660b6c] [com.apple.xpc:connection] [0xa56c7c640] failed to do a bootstrap look-up: xpc_error=[159: Unknown error: 159]
2026-05-21 01:45:10.652610,Mac Failed Login,70,Medium,Mac Local System,2026-05-21 01:45:10.652 Df ecosystemanalyticsd[53070:660b6c] [com.apple.xpc:connection] [0xa56c7c640] invalidated after a failed init
2026-05-21 01:45:10.678313,Mac Failed Login,70,Medium,Mac Local System,2026-05-21 01:45:10.678 Df ecosystemanalyticsd[53070:660b6c] [com.apple.xpc:connection] [0xa56c7c640] failed to do a bootstrap look-up: xpc_error=[159: Unknown error: 159]
2026-05-21 01:45:10.678453,Mac Failed Login,70,Medium,Mac Local System,2026-05-21 01:45:10.678 Df ecosystemanalyticsd[53070:660b6c] [com.apple.xpc:connection] [0xa56c7c640] invalidated after a failed init
2026-05-21 01:45:10.678526,Mac Failed Login,70,Medium,Mac Local System,2026-05-21 01:45:10.678 Df ecosystemd[6857:6610d0] [com.apple.xpc:connection] [0x906c89400] failed to do a bootstrap look-up: xpc_error=[159: Unknown error: 159]
2026-05-21 01:45:10.678604,Mac Failed Login,70,Medium,Mac Local System,2026-05-21 01:45:10.678 Df ecosystemd[6857:6610d0] [com.apple.xpc:connection] [0x906c89400] invalidated after a failed init
2026-05-21 01:45:10.680996,Mac Failed Login,70,Medium,Mac Local System,2026-05-21 01:45:10.680 E  ecosystemd[6857:6610d0] (EcosystemAnalytics) EcosystemAnalytics.framework:RosettaCoordinator: getCodeSignatureInfo: SecStaticCodeCreate Failed url: <private>
2026-05-21 01:45:10.681745,Mac Failed Login,70,Medium,Mac Local System,2026-05-21 01:45:10.681 Df ecosystemd[6857:6610d0] [com.apple.xpc:connection] [0x906c89400] failed to do a bootstrap look-up: xpc_error=[159: Unknown error: 159]
2026-05-21 01:45:10.681869,Mac Failed Login,70,Medium,Mac Local System,2026-05-21 01:45:10.681 Df ecosystemd[6857:6610d0] [com.apple.xpc:connection] [0x906c89400] invalidated after a failed init
2026-05-21 01:45:10.683328,Mac Failed Login,70,Medium,Mac Local System,2026-05-21 01:45:10.683 E  ecosystemd[6857:6610d0] (EcosystemAnalytics) EcosystemAnalytics.framework:RosettaCoordinator: getCodeSignatureInfo: SecStaticCodeCreate Failed url: <private>
2026-05-21 01:45:10.693230,Mac Failed Login,70,Medium,Mac Local System,2026-05-21 01:45:10.692 Df ecosystemanalyticsd[53070:660b6c] [com.apple.xpc:connection] [0xa56c7c640] failed to do a bootstrap look-up: xpc_error=[159: Unknown error: 159]
2026-05-21 01:45:10.693387,Mac Failed Login,70,Medium,Mac Local System,2026-05-21 01:45:10.693 Df ecosystemanalyticsd[53070:660b6c] [com.apple.xpc:connection] [0xa56c7c640] invalidated after a failed init
2026-05-21 01:45:10.724757,Mac Failed Login,70,Medium,Mac Local System,2026-05-21 01:45:10.724 Df ecosystemd[6857:6610d0] [com.apple.xpc:connection] [0x906c89400] failed to do a bootstrap look-up: xpc_error=[159: Unknown error: 159]
2026-05-21 01:45:10.724897,Mac Failed Login,70,Medium,Mac Local System,2026-05-21 01:45:10.724 Df ecosystemd[6857:6610d0] [com.apple.xpc:connection] [0x906c89400] invalidated after a failed init
2026-05-21 01:45:10.724968,Mac Failed Login,70,Medium,Mac Local System,2026-05-21 01:45:10.724 Df ecosystemanalyticsd[53070:660b6c] [com.apple.xpc:connection] [0xa56c7c640] failed to do a bootstrap look-up: xpc_error=[159: Unknown error: 159]
2026-05-21 01:45:10.725043,Mac Failed Login,70,Medium,Mac Local System,2026-05-21 01:45:10.724 Df ecosystemanalyticsd[53070:660b6c] [com.apple.xpc:connection] [0xa56c7c640] invalidated after a failed init
2026-05-21 01:45:10.726602,Mac Failed Login,70,Medium,Mac Local System,2026-05-21 01:45:10.726 E  ecosystemd[6857:6610d0] (EcosystemAnalytics) EcosystemAnalytics.framework:RosettaCoordinator: getCodeSignatureInfo: SecStaticCodeCreate Failed url: <private>
2026-05-21 01:45:10.727019,Mac Failed Login,70,Medium,Mac Local System,2026-05-21 01:45:10.726 Df ecosystemd[6857:6610d0] [com.apple.xpc:connection] [0x906c89400] failed to do a bootstrap look-up: xpc_error=[159: Unknown error: 159]
2026-05-21 01:45:10.727093,Mac Failed Login,70,Medium,Mac Local System,2026-05-21 01:45:10.726 Df ecosystemd[6857:6610d0] [com.apple.xpc:connection] [0x906c89400] invalidated after a failed init
2026-05-21 01:45:10.728417,Mac Failed Login,70,Medium,Mac Local System,2026-05-21 01:45:10.728 E  ecosystemd[6857:6610d0] (EcosystemAnalytics) EcosystemAnalytics.framework:RosettaCoordinator: getCodeSignatureInfo: SecStaticCodeCreate Failed url: <private>
2026-05-21 01:45:10.738856,Mac Failed Login,70,Medium,Mac Local System,2026-05-21 01:45:10.738 Df ecosystemanalyticsd[53070:660b6c] [com.apple.xpc:connection] [0xa56c7c640] failed to do a bootstrap look-up: xpc_error=[159: Unknown error: 159]
2026-05-21 01:45:10.739000,Mac Failed Login,70,Medium,Mac Local System,2026-05-21 01:45:10.738 Df ecosystemanalyticsd[53070:660b6c] [com.apple.xpc:connection] [0xa56c7c640] invalidated after a failed init
2026-05-21 01:45:10.761403,Mac Failed Login,70,Medium,Mac Local System,2026-05-21 01:45:10.761 Df ecosystemanalyticsd[53070:660b6c] [com.apple.xpc:connection] [0xa56c7c640] failed to do a bootstrap look-up: xpc_error=[159: Unknown error: 159]
2026-05-21 01:45:10.761508,Mac Failed Login,70,Medium,Mac Local System,2026-05-21 01:45:10.761 Df ecosystemd[6857:6610d0] [com.apple.xpc:connection] [0x906c89400] failed to do a bootstrap look-up: xpc_error=[159: Unknown error: 159]
2026-05-21 01:45:10.761542,Mac Failed Login,70,Medium,Mac Local System,2026-05-21 01:45:10.761 Df ecosystemd[6857:6610d0] [com.apple.xpc:connection] [0x906c89400] invalidated after a failed init
2026-05-21 01:45:10.761598,Mac Failed Login,70,Medium,Mac Local System,2026-05-21 01:45:10.761 Df ecosystemanalyticsd[53070:660b6c] [com.apple.xpc:connection] [0xa56c7c640] invalidated after a failed init
2026-05-21 01:45:10.762557,Mac Failed Login,70,Medium,Mac Local System,2026-05-21 01:45:10.762 E  ecosystemd[6857:6610d0] (EcosystemAnalytics) EcosystemAnalytics.framework:RosettaCoordinator: getCodeSignatureInfo: SecStaticCodeCreate Failed url: <private>
2026-05-21 01:45:10.762867,Mac Failed Login,70,Medium,Mac Local System,2026-05-21 01:45:10.762 Df ecosystemd[6857:6610d0] [com.apple.xpc:connection] [0x906c89400] failed to do a bootstrap look-up: xpc_error=[159: Unknown error: 159]
2026-05-21 01:45:10.762917,Mac Failed Login,70,Medium,Mac Local System,2026-05-21 01:45:10.762 Df ecosystemd[6857:6610d0] [com.apple.xpc:connection] [0x906c89400] invalidated after a failed init
2026-05-21 01:45:10.764054,Mac Failed Login,70,Medium,Mac Local System,2026-05-21 01:45:10.763 E  ecosystemd[6857:6610d0] (EcosystemAnalytics) EcosystemAnalytics.framework:RosettaCoordinator: getCodeSignatureInfo: SecStaticCodeCreate Failed url: <private>
2026-05-21 01:45:10.772404,Mac Failed Login,70,Medium,Mac Local System,2026-05-21 01:45:10.772 Df ecosystemanalyticsd[53070:660b6c] [com.apple.xpc:connection] [0xa56c7c640] failed to do a bootstrap look-up: xpc_error=[159: Unknown error: 159]
2026-05-21 01:45:10.772493,Mac Failed Login,70,Medium,Mac Local System,2026-05-21 01:45:10.772 Df ecosystemanalyticsd[53070:660b6c] [com.apple.xpc:connection] [0xa56c7c640] invalidated after a failed init
2026-05-21 01:45:10.792380,Mac Failed Login,70,Medium,Mac Local System,2026-05-21 01:45:10.792 Df ecosystemd[6857:6610d0] [com.apple.xpc:connection] [0x906c89400] failed to do a bootstrap look-up: xpc_error=[159: Unknown error: 159]
2026-05-21 01:45:10.792829,Mac Failed Login,70,Medium,Mac Local System,2026-05-21 01:45:10.792 Df ecosystemd[6857:6610d0] [com.apple.xpc:connection] [0x906c89400] invalidated after a failed init
2026-05-21 01:45:10.793231,Mac Failed Login,70,Medium,Mac Local System,2026-05-21 01:45:10.792 Df ecosystemanalyticsd[53070:660b6c] [com.apple.xpc:connection] [0xa56c7c640] failed to do a bootstrap look-up: xpc_error=[159: Unknown error: 159]
2026-05-21 01:45:10.793500,Mac Failed Login,70,Medium,Mac Local System,2026-05-21 01:45:10.793 Df ecosystemanalyticsd[53070:660b6c] [com.apple.xpc:connection] [0xa56c7c640] invalidated after a failed init
2026-05-21 01:45:10.795102,Mac Failed Login,70,Medium,Mac Local System,2026-05-21 01:45:10.794 E  ecosystemd[6857:6610d0] (EcosystemAnalytics) EcosystemAnalytics.framework:RosettaCoordinator: getCodeSignatureInfo: SecStaticCodeCreate Failed url: <private>
2026-05-21 01:45:10.795526,Mac Failed Login,70,Medium,Mac Local System,2026-05-21 01:45:10.795 Df ecosystemd[6857:6610d0] [com.apple.xpc:connection] [0x906c89400] failed to do a bootstrap look-up: xpc_error=[159: Unknown error: 159]
2026-05-21 01:45:10.795605,Mac Failed Login,70,Medium,Mac Local System,2026-05-21 01:45:10.795 Df ecosystemd[6857:6610d0] [com.apple.xpc:connection] [0x906c89400] invalidated after a failed init
2026-05-21 01:45:10.796938,Mac Failed Login,70,Medium,Mac Local System,2026-05-21 01:45:10.796 E  ecosystemd[6857:6610d0] (EcosystemAnalytics) EcosystemAnalytics.framework:RosettaCoordinator: getCodeSignatureInfo: SecStaticCodeCreate Failed url: <private>
2026-05-21 01:45:10.804610,Mac Failed Login,70,Medium,Mac Local System,2026-05-21 01:45:10.804 Df ecosystemanalyticsd[53070:660b6c] [com.apple.xpc:connection] [0xa56c7c640] failed to do a bootstrap look-up: xpc_error=[159: Unknown error: 159]
2026-05-21 01:45:10.804697,Mac Failed Login,70,Medium,Mac Local System,2026-05-21 01:45:10.804 Df ecosystemanalyticsd[53070:660b6c] [com.apple.xpc:connection] [0xa56c7c640] invalidated after a failed init
2026-05-21 01:45:10.820098,Mac Failed Login,70,Medium,Mac Local System,2026-05-21 01:45:10.819 Df ecosystemanalyticsd[53070:660b6c] [com.apple.xpc:connection] [0xa56c7c640] failed to do a bootstrap look-up: xpc_error=[159: Unknown error: 159]
2026-05-21 01:45:10.820197,Mac Failed Login,70,Medium,Mac Local System,2026-05-21 01:45:10.819 Df ecosystemd[6857:6610d0] [com.apple.xpc:connection] [0x906c89400] failed to do a bootstrap look-up: xpc_error=[159: Unknown error: 159]
2026-05-21 01:45:10.820235,Mac Failed Login,70,Medium,Mac Local System,2026-05-21 01:45:10.819 Df ecosystemanalyticsd[53070:660b6c] [com.apple.xpc:connection] [0xa56c7c640] invalidated after a failed init
2026-05-21 01:45:10.820272,Mac Failed Login,70,Medium,Mac Local System,2026-05-21 01:45:10.820 Df ecosystemd[6857:6610d0] [com.apple.xpc:connection] [0x906c89400] invalidated after a failed init
2026-05-21 01:45:10.821223,Mac Failed Login,70,Medium,Mac Local System,2026-05-21 01:45:10.821 E  ecosystemd[6857:6610d0] (EcosystemAnalytics) EcosystemAnalytics.framework:RosettaCoordinator: getCodeSignatureInfo: SecStaticCodeCreate Failed url: <private>
2026-05-21 01:45:10.821520,Mac Failed Login,70,Medium,Mac Local System,2026-05-21 01:45:10.821 Df ecosystemd[6857:6610d0] [com.apple.xpc:connection] [0x906c89400] failed to do a bootstrap look-up: xpc_error=[159: Unknown error: 159]
2026-05-21 01:45:10.821573,Mac Failed Login,70,Medium,Mac Local System,2026-05-21 01:45:10.821 Df ecosystemd[6857:6610d0] [com.apple.xpc:connection] [0x906c89400] invalidated after a failed init
2026-05-21 01:45:10.822444,Mac Failed Login,70,Medium,Mac Local System,2026-05-21 01:45:10.822 E  ecosystemd[6857:6610d0] (EcosystemAnalytics) EcosystemAnalytics.framework:RosettaCoordinator: getCodeSignatureInfo: SecStaticCodeCreate Failed url: <private>
2026-05-21 01:45:10.832171,Mac Failed Login,70,Medium,Mac Local System,2026-05-21 01:45:10.832 Df ecosystemanalyticsd[53070:660b6c] [com.apple.xpc:connection] [0xa56c7c640] failed to do a bootstrap look-up: xpc_error=[159: Unknown error: 159]
2026-05-21 01:45:10.832264,Mac Failed Login,70,Medium,Mac Local System,2026-05-21 01:45:10.832 Df ecosystemanalyticsd[53070:660b6c] [com.apple.xpc:connection] [0xa56c7c640] invalidated after a failed init
2026-05-21 01:45:10.932591,Mac Failed Login,70,Medium,Mac Local System,2026-05-21 01:45:10.932 Df ecosystemanalyticsd[53070:660b6c] [com.apple.xpc:connection] [0xa56c7c640] failed to do a bootstrap look-up: xpc_error=[159: Unknown error: 159]
2026-05-21 01:45:10.932709,Mac Failed Login,70,Medium,Mac Local System,2026-05-21 01:45:10.932 Df ecosystemanalyticsd[53070:660b6c] [com.apple.xpc:connection] [0xa56c7c640] invalidated after a failed init
2026-05-21 01:45:10.933407,Mac Failed Login,70,Medium,Mac Local System,2026-05-21 01:45:10.933 Df ecosystemd[6857:6610d0] [com.apple.xpc:connection] [0x906c89400] failed to do a bootstrap look-up: xpc_error=[159: Unknown error: 159]
2026-05-21 01:45:10.933489,Mac Failed Login,70,Medium,Mac Local System,2026-05-21 01:45:10.933 Df ecosystemd[6857:6610d0] [com.apple.xpc:connection] [0x906c89400] invalidated after a failed init
2026-05-21 01:45:10.934716,Mac Failed Login,70,Medium,Mac Local System,2026-05-21 01:45:10.934 E  ecosystemd[6857:6610d0] (EcosystemAnalytics) EcosystemAnalytics.framework:RosettaCoordinator: getCodeSignatureInfo: SecStaticCodeCreate Failed url: <private>
2026-05-21 01:45:10.935457,Mac Failed Login,70,Medium,Mac Local System,2026-05-21 01:45:10.935 Df ecosystemd[6857:6610d0] [com.apple.xpc:connection] [0x906c89400] failed to do a bootstrap look-up: xpc_error=[159: Unknown error: 159]
2026-05-21 01:45:10.935532,Mac Failed Login,70,Medium,Mac Local System,2026-05-21 01:45:10.935 Df ecosystemd[6857:6610d0] [com.apple.xpc:connection] [0x906c89400] invalidated after a failed init
2026-05-21 01:45:10.937504,Mac Failed Login,70,Medium,Mac Local System,2026-05-21 01:45:10.937 E  ecosystemd[6857:6610d0] (EcosystemAnalytics) EcosystemAnalytics.framework:RosettaCoordinator: getCodeSignatureInfo: SecStaticCodeCreate Failed url: <private>
2026-05-21 01:45:10.948562,Mac Failed Login,70,Medium,Mac Local System,2026-05-21 01:45:10.948 Df ecosystemanalyticsd[53070:660b6c] [com.apple.xpc:connection] [0xa56c7c640] failed to do a bootstrap look-up: xpc_error=[159: Unknown error: 159]
2026-05-21 01:45:10.948683,Mac Failed Login,70,Medium,Mac Local System,2026-05-21 01:45:10.948 Df ecosystemanalyticsd[53070:660b6c] [com.apple.xpc:connection] [0xa56c7c640] invalidated after a failed init
2026-05-21 01:45:10.973055,Mac Failed Login,70,Medium,Mac Local System,2026-05-21 01:45:10.972 Df ecosystemd[6857:6610d0] [com.apple.xpc:connection] [0x906c89400] failed to do a bootstrap look-up: xpc_error=[159: Unknown error: 159]
2026-05-21 01:45:10.973149,Mac Failed Login,70,Medium,Mac Local System,2026-05-21 01:45:10.972 Df ecosystemanalyticsd[53070:660b6c] [com.apple.xpc:connection] [0xa56c7c640] failed to do a bootstrap look-up: xpc_error=[159: Unknown error: 159]
2026-05-21 01:45:10.973182,Mac Failed Login,70,Medium,Mac Local System,2026-05-21 01:45:10.972 Df ecosystemd[6857:6610d0] [com.apple.xpc:connection] [0x906c89400] invalidated after a failed init
2026-05-21 01:45:10.973216,Mac Failed Login,70,Medium,Mac Local System,2026-05-21 01:45:10.973 Df ecosystemanalyticsd[53070:660b6c] [com.apple.xpc:connection] [0xa56c7c640] invalidated after a failed init
2026-05-21 01:45:10.974223,Mac Failed Login,70,Medium,Mac Local System,"2026-05-21 01:45:10.974 Df Safari[7310:5acf9] [com.apple.WebKit:ProcessSuspension] WebContent[12127]: [webPageID=9258] WebPage::markLayersVolatile: Failed to mark all layers as volatile, will retry in 1280 ms"
2026-05-21 01:45:10.974470,Mac Failed Login,70,Medium,Mac Local System,2026-05-21 01:45:10.974 E  ecosystemd[6857:6610d0] (EcosystemAnalytics) EcosystemAnalytics.framework:RosettaCoordinator: getCodeSignatureInfo: SecStaticCodeCreate Failed url: <private>
2026-05-21 01:45:10.974970,Mac Failed Login,70,Medium,Mac Local System,2026-05-21 01:45:10.974 Df ecosystemd[6857:6610d0] [com.apple.xpc:connection] [0x906c89400] failed to do a bootstrap look-up: xpc_error=[159: Unknown error: 159]
2026-05-21 01:45:10.975022,Mac Failed Login,70,Medium,Mac Local System,2026-05-21 01:45:10.974 Df ecosystemd[6857:6610d0] [com.apple.xpc:connection] [0x906c89400] invalidated after a failed init
2026-05-21 01:45:10.976624,Mac Failed Login,70,Medium,Mac Local System,2026-05-21 01:45:10.976 E  ecosystemd[6857:6610d0] (EcosystemAnalytics) EcosystemAnalytics.framework:RosettaCoordinator: getCodeSignatureInfo: SecStaticCodeCreate Failed url: <private>
2026-05-21 01:45:10.985539,Mac Failed Login,70,Medium,Mac Local System,2026-05-21 01:45:10.985 Df ecosystemanalyticsd[53070:660b6c] [com.apple.xpc:connection] [0xa56c7c640] failed to do a bootstrap look-up: xpc_error=[159: Unknown error: 159]
2026-05-21 01:45:10.985687,Mac Failed Login,70,Medium,Mac Local System,2026-05-21 01:45:10.985 Df ecosystemanalyticsd[53070:660b6c] [com.apple.xpc:connection] [0xa56c7c640] invalidated after a failed init
2026-05-21 01:45:11.006414,Mac Failed Login,70,Medium,Mac Local System,2026-05-21 01:45:11.005 Df ecosystemanalyticsd[53070:660b6c] [com.apple.xpc:connection] [0xa56c7c640] failed to do a bootstrap look-up: xpc_error=[159: Unknown error: 159]
2026-05-21 01:45:11.006622,Mac Failed Login,70,Medium,Mac Local System,2026-05-21 01:45:11.006 Df ecosystemanalyticsd[53070:660b6c] [com.apple.xpc:connection] [0xa56c7c640] invalidated after a failed init
2026-05-21 01:45:11.006826,Mac Failed Login,70,Medium,Mac Local System,2026-05-21 01:45:11.006 Df ecosystemd[6857:6610d0] [com.apple.xpc:connection] [0x906c89400] failed to do a bootstrap look-up: xpc_error=[159: Unknown error: 159]
2026-05-21 01:45:11.007070,Mac Failed Login,70,Medium,Mac Local System,2026-05-21 01:45:11.006 Df ecosystemd[6857:6610d0] [com.apple.xpc:connection] [0x906c89400] invalidated after a failed init
2026-05-21 01:45:11.009427,Mac Failed Login,70,Medium,Mac Local System,2026-05-21 01:45:11.009 E  ecosystemd[6857:6610d0] (EcosystemAnalytics) EcosystemAnalytics.framework:RosettaCoordinator: getCodeSignatureInfo: SecStaticCodeCreate Failed url: <private>
2026-05-21 01:45:11.010104,Mac Failed Login,70,Medium,Mac Local System,2026-05-21 01:45:11.009 Df ecosystemd[6857:6610d0] [com.apple.xpc:connection] [0x906c89400] failed to do a bootstrap look-up: xpc_error=[159: Unknown error: 159]
2026-05-21 01:45:11.010210,Mac Failed Login,70,Medium,Mac Local System,2026-05-21 01:45:11.009 Df ecosystemd[6857:6610d0] [com.apple.xpc:connection] [0x906c89400] invalidated after a failed init
2026-05-21 01:45:11.012020,Mac Failed Login,70,Medium,Mac Local System,2026-05-21 01:45:11.011 E  ecosystemd[6857:6610d0] (EcosystemAnalytics) EcosystemAnalytics.framework:RosettaCoordinator: getCodeSignatureInfo: SecStaticCodeCreate Failed url: <private>
2026-05-21 01:45:11.026919,Mac Failed Login,70,Medium,Mac Local System,2026-05-21 01:45:11.026 Df ecosystemanalyticsd[53070:660b6c] [com.apple.xpc:connection] [0xa56c7c640] failed to do a bootstrap look-up: xpc_error=[159: Unknown error: 159]
2026-05-21 01:45:11.027070,Mac Failed Login,70,Medium,Mac Local System,2026-05-21 01:45:11.026 Df ecosystemanalyticsd[53070:660b6c] [com.apple.xpc:connection] [0xa56c7c640] invalidated after a failed init
2026-05-21 01:45:11.049539,Mac Failed Login,70,Medium,Mac Local System,2026-05-21 01:45:11.049 Df ecosystemanalyticsd[53070:660b6c] [com.apple.xpc:connection] [0xa56c7c640] failed to do a bootstrap look-up: xpc_error=[159: Unknown error: 159]
2026-05-21 01:45:11.049654,Mac Failed Login,70,Medium,Mac Local System,2026-05-21 01:45:11.049 Df ecosystemanalyticsd[53070:660b6c] [com.apple.xpc:connection] [0xa56c7c640] invalidated after a failed init
2026-05-21 01:45:11.049746,Mac Failed Login,70,Medium,Mac Local System,2026-05-21 01:45:11.049 Df ecosystemd[6857:6610d0] [com.apple.xpc:connection] [0x906c89400] failed to do a bootstrap look-up: xpc_error=[159: Unknown error: 159]
2026-05-21 01:45:11.049784,Mac Failed Login,70,Medium,Mac Local System,2026-05-21 01:45:11.049 Df ecosystemd[6857:6610d0] [com.apple.xpc:connection] [0x906c89400] invalidated after a failed init
2026-05-21 01:45:11.050745,Mac Failed Login,70,Medium,Mac Local System,2026-05-21 01:45:11.050 E  ecosystemd[6857:6610d0] (EcosystemAnalytics) EcosystemAnalytics.framework:RosettaCoordinator: getCodeSignatureInfo: SecStaticCodeCreate Failed url: <private>
2026-05-21 01:45:11.051095,Mac Failed Login,70,Medium,Mac Local System,2026-05-21 01:45:11.050 Df ecosystemd[6857:6610d0] [com.apple.xpc:connection] [0x906c89400] failed to do a bootstrap look-up: xpc_error=[159: Unknown error: 159]
2026-05-21 01:45:11.051146,Mac Failed Login,70,Medium,Mac Local System,2026-05-21 01:45:11.051 Df ecosystemd[6857:6610d0] [com.apple.xpc:connection] [0x906c89400] invalidated after a failed init
2026-05-21 01:45:11.052166,Mac Failed Login,70,Medium,Mac Local System,2026-05-21 01:45:11.052 E  ecosystemd[6857:6610d0] (EcosystemAnalytics) EcosystemAnalytics.framework:RosettaCoordinator: getCodeSignatureInfo: SecStaticCodeCreate Failed url: <private>
2026-05-21 01:45:11.066661,Mac Failed Login,70,Medium,Mac Local System,2026-05-21 01:45:11.066 Df ecosystemanalyticsd[53070:660b6c] [com.apple.xpc:connection] [0xa56c7c640] failed to do a bootstrap look-up: xpc_error=[159: Unknown error: 159]
2026-05-21 01:45:11.066804,Mac Failed Login,70,Medium,Mac Local System,2026-05-21 01:45:11.066 Df ecosystemanalyticsd[53070:660b6c] [com.apple.xpc:connection] [0xa56c7c640] invalidated after a failed init
2026-05-21 01:45:11.085291,Mac Failed Login,70,Medium,Mac Local System,2026-05-21 01:45:11.085 Df ecosystemd[6857:6610d0] [com.apple.xpc:connection] [0x906c89400] failed to do a bootstrap look-up: xpc_error=[159: Unknown error: 159]
2026-05-21 01:45:11.085492,Mac Failed Login,70,Medium,Mac Local System,2026-05-21 01:45:11.085 Df ecosystemd[6857:6610d0] [com.apple.xpc:connection] [0x906c89400] invalidated after a failed init
2026-05-21 01:45:11.085548,Mac Failed Login,70,Medium,Mac Local System,2026-05-21 01:45:11.085 Df ecosystemanalyticsd[53070:660b6c] [com.apple.xpc:connection] [0xa56c7c640] failed to do a bootstrap look-up: xpc_error=[159: Unknown error: 159]
2026-05-21 01:45:11.085592,Mac Failed Login,70,Medium,Mac Local System,2026-05-21 01:45:11.085 Df ecosystemanalyticsd[53070:660b6c] [com.apple.xpc:connection] [0xa56c7c640] invalidated after a failed init
2026-05-21 01:45:11.086695,Mac Failed Login,70,Medium,Mac Local System,2026-05-21 01:45:11.086 E  ecosystemd[6857:6610d0] (EcosystemAnalytics) EcosystemAnalytics.framework:RosettaCoordinator: getCodeSignatureInfo: SecStaticCodeCreate Failed url: <private>
2026-05-21 01:45:11.087247,Mac Failed Login,70,Medium,Mac Local System,2026-05-21 01:45:11.087 Df ecosystemd[6857:6610d0] [com.apple.xpc:connection] [0x906c89400] failed to do a bootstrap look-up: xpc_error=[159: Unknown error: 159]
2026-05-21 01:45:11.087330,Mac Failed Login,70,Medium,Mac Local System,2026-05-21 01:45:11.087 Df ecosystemd[6857:6610d0] [com.apple.xpc:connection] [0x906c89400] invalidated after a failed init
2026-05-21 01:45:11.088502,Mac Failed Login,70,Medium,Mac Local System,2026-05-21 01:45:11.088 E  ecosystemd[6857:6610d0] (EcosystemAnalytics) EcosystemAnalytics.framework:RosettaCoordinator: getCodeSignatureInfo: SecStaticCodeCreate Failed url: <private>
2026-05-21 01:45:11.099432,Mac Failed Login,70,Medium,Mac Local System,2026-05-21 01:45:11.099 Df ecosystemanalyticsd[53070:660b6c] [com.apple.xpc:connection] [0xa56c7c640] failed to do a bootstrap look-up: xpc_error=[159: Unknown error: 159]
2026-05-21 01:45:11.099552,Mac Failed Login,70,Medium,Mac Local System,2026-05-21 01:45:11.099 Df ecosystemanalyticsd[53070:660b6c] [com.apple.xpc:connection] [0xa56c7c640] invalidated after a failed init
2026-05-21 01:45:11.124203,Mac Failed Login,70,Medium,Mac Local System,2026-05-21 01:45:11.123 Df ecosystemanalyticsd[53070:660b6c] [com.apple.xpc:connection] [0xa56c7c640] failed to do a bootstrap look-up: xpc_error=[159: Unknown error: 159]
2026-05-21 01:45:11.124436,Mac Failed Login,70,Medium,Mac Local System,2026-05-21 01:45:11.123 Df ecosystemanalyticsd[53070:660b6c] [com.apple.xpc:connection] [0xa56c7c640] invalidated after a failed init
2026-05-21 01:45:11.124696,Mac Failed Login,70,Medium,Mac Local System,2026-05-21 01:45:11.124 Df ecosystemd[6857:6610d0] [com.apple.xpc:connection] [0x906c89400] failed to do a bootstrap look-up: xpc_error=[159: Unknown error: 159]
2026-05-21 01:45:11.124806,Mac Failed Login,70,Medium,Mac Local System,2026-05-21 01:45:11.124 Df ecosystemd[6857:6610d0] [com.apple.xpc:connection] [0x906c89400] invalidated after a failed init
2026-05-21 01:45:11.126520,Mac Failed Login,70,Medium,Mac Local System,2026-05-21 01:45:11.126 E  ecosystemd[6857:6610d0] (EcosystemAnalytics) EcosystemAnalytics.framework:RosettaCoordinator: getCodeSignatureInfo: SecStaticCodeCreate Failed url: <private>
2026-05-21 01:45:11.127158,Mac Failed Login,70,Medium,Mac Local System,2026-05-21 01:45:11.126 Df ecosystemd[6857:6610d0] [com.apple.xpc:connection] [0x906c89400] failed to do a bootstrap look-up: xpc_error=[159: Unknown error: 159]
2026-05-21 01:45:11.127249,Mac Failed Login,70,Medium,Mac Local System,2026-05-21 01:45:11.127 Df ecosystemd[6857:6610d0] [com.apple.xpc:connection] [0x906c89400] invalidated after a failed init
2026-05-21 01:45:11.129125,Mac Failed Login,70,Medium,Mac Local System,2026-05-21 01:45:11.128 E  ecosystemd[6857:6610d0] (EcosystemAnalytics) EcosystemAnalytics.framework:RosettaCoordinator: getCodeSignatureInfo: SecStaticCodeCreate Failed url: <private>
2026-05-21 01:45:11.142281,Mac Failed Login,70,Medium,Mac Local System,2026-05-21 01:45:11.141 Df ecosystemanalyticsd[53070:660b6c] [com.apple.xpc:connection] [0xa56c7c640] failed to do a bootstrap look-up: xpc_error=[159: Unknown error: 159]
2026-05-21 01:45:11.142479,Mac Failed Login,70,Medium,Mac Local System,2026-05-21 01:45:11.142 Df ecosystemanalyticsd[53070:660b6c] [com.apple.xpc:connection] [0xa56c7c640] invalidated after a failed init
2026-05-21 01:45:11.170281,Mac Failed Login,70,Medium,Mac Local System,2026-05-21 01:45:11.170 Df ecosystemanalyticsd[53070:660b6c] [com.apple.xpc:connection] [0xa56c7c640] failed to do a bootstrap look-up: xpc_error=[159: Unknown error: 159]
2026-05-21 01:45:11.170618,Mac Failed Login,70,Medium,Mac Local System,2026-05-21 01:45:11.170 Df ecosystemanalyticsd[53070:660b6c] [com.apple.xpc:connection] [0xa56c7c640] invalidated after a failed init
2026-05-21 01:45:11.170936,Mac Failed Login,70,Medium,Mac Local System,2026-05-21 01:45:11.170 Df ecosystemd[6857:6610d0] [com.apple.xpc:connection] [0x906c89400] failed to do a bootstrap look-up: xpc_error=[159: Unknown error: 159]
2026-05-21 01:45:11.171018,Mac Failed Login,70,Medium,Mac Local System,2026-05-21 01:45:11.170 Df ecosystemd[6857:6610d0] [com.apple.xpc:connection] [0x906c89400] invalidated after a failed init
2026-05-21 01:45:11.172533,Mac Failed Login,70,Medium,Mac Local System,2026-05-21 01:45:11.172 E  ecosystemd[6857:6610d0] (EcosystemAnalytics) EcosystemAnalytics.framework:RosettaCoordinator: getCodeSignatureInfo: SecStaticCodeCreate Failed url: <private>
2026-05-21 01:45:11.173034,Mac Failed Login,70,Medium,Mac Local System,2026-05-21 01:45:11.172 Df ecosystemd[6857:6610d0] [com.apple.xpc:connection] [0x906c89400] failed to do a bootstrap look-up: xpc_error=[159: Unknown error: 159]
2026-05-21 01:45:11.173134,Mac Failed Login,70,Medium,Mac Local System,2026-05-21 01:45:11.172 Df ecosystemd[6857:6610d0] [com.apple.xpc:connection] [0x906c89400] invalidated after a failed init
2026-05-21 01:45:11.174582,Mac Failed Login,70,Medium,Mac Local System,2026-05-21 01:45:11.174 E  ecosystemd[6857:6610d0] (EcosystemAnalytics) EcosystemAnalytics.framework:RosettaCoordinator: getCodeSignatureInfo: SecStaticCodeCreate Failed url: <private>
2026-05-21 01:45:11.188558,Mac Failed Login,70,Medium,Mac Local System,2026-05-21 01:45:11.188 Df ecosystemanalyticsd[53070:660b6c] [com.apple.xpc:connection] [0xa56c7c640] failed to do a bootstrap look-up: xpc_error=[159: Unknown error: 159]
2026-05-21 01:45:11.188716,Mac Failed Login,70,Medium,Mac Local System,2026-05-21 01:45:11.188 Df ecosystemanalyticsd[53070:660b6c] [com.apple.xpc:connection] [0xa56c7c640] invalidated after a failed init
2026-05-21 01:45:11.215176,Mac Failed Login,70,Medium,Mac Local System,2026-05-21 01:45:11.214 Df ecosystemanalyticsd[53070:660b6c] [com.apple.xpc:connection] [0xa56c7c640] failed to do a bootstrap look-up: xpc_error=[159: Unknown error: 159]
2026-05-21 01:45:11.215375,Mac Failed Login,70,Medium,Mac Local System,2026-05-21 01:45:11.214 Df ecosystemanalyticsd[53070:660b6c] [com.apple.xpc:connection] [0xa56c7c640] invalidated after a failed init
2026-05-21 01:45:11.215613,Mac Failed Login,70,Medium,Mac Local System,2026-05-21 01:45:11.215 Df ecosystemd[6857:6610d0] [com.apple.xpc:connection] [0x906c89400] failed to do a bootstrap look-up: xpc_error=[159: Unknown error: 159]
2026-05-21 01:45:11.215760,Mac Failed Login,70,Medium,Mac Local System,2026-05-21 01:45:11.215 Df ecosystemd[6857:6610d0] [com.apple.xpc:connection] [0x906c89400] invalidated after a failed init
2026-05-21 01:45:11.217659,Mac Failed Login,70,Medium,Mac Local System,2026-05-21 01:45:11.217 E  ecosystemd[6857:6610d0] (EcosystemAnalytics) EcosystemAnalytics.framework:RosettaCoordinator: getCodeSignatureInfo: SecStaticCodeCreate Failed url: <private>
2026-05-21 01:45:11.218195,Mac Failed Login,70,Medium,Mac Local System,2026-05-21 01:45:11.217 Df ecosystemd[6857:6610d0] [com.apple.xpc:connection] [0x906c89400] failed to do a bootstrap look-up: xpc_error=[159: Unknown error: 159]
2026-05-21 01:45:11.218291,Mac Failed Login,70,Medium,Mac Local System,2026-05-21 01:45:11.218 Df ecosystemd[6857:6610d0] [com.apple.xpc:connection] [0x906c89400] invalidated after a failed init
2026-05-21 01:45:11.219595,Mac Failed Login,70,Medium,Mac Local System,2026-05-21 01:45:11.219 E  ecosystemd[6857:6610d0] (EcosystemAnalytics) EcosystemAnalytics.framework:RosettaCoordinator: getCodeSignatureInfo: SecStaticCodeCreate Failed url: <private>
2026-05-21 01:45:11.234491,Mac Failed Login,70,Medium,Mac Local System,2026-05-21 01:45:11.234 Df ecosystemanalyticsd[53070:660b6c] [com.apple.xpc:connection] [0xa56c7c640] failed to do a bootstrap look-up: xpc_error=[159: Unknown error: 159]
2026-05-21 01:45:11.234659,Mac Failed Login,70,Medium,Mac Local System,2026-05-21 01:45:11.234 Df ecosystemanalyticsd[53070:660b6c] [com.apple.xpc:connection] [0xa56c7c640] invalidated after a failed init
2026-05-21 01:45:11.260693,Mac Failed Login,70,Medium,Mac Local System,2026-05-21 01:45:11.260 Df ecosystemanalyticsd[53070:660b6c] [com.apple.xpc:connection] [0xa56c7c640] failed to do a bootstrap look-up: xpc_error=[159: Unknown error: 159]
2026-05-21 01:45:11.261189,Mac Failed Login,70,Medium,Mac Local System,2026-05-21 01:45:11.260 Df ecosystemd[6857:6610d0] [com.apple.xpc:connection] [0x906c89400] failed to do a bootstrap look-up: xpc_error=[159: Unknown error: 159]
2026-05-21 01:45:11.261248,Mac Failed Login,70,Medium,Mac Local System,2026-05-21 01:45:11.261 Df ecosystemd[6857:6610d0] [com.apple.xpc:connection] [0x906c89400] invalidated after a failed init
2026-05-21 01:45:11.261361,Mac Failed Login,70,Medium,Mac Local System,2026-05-21 01:45:11.260 Df ecosystemanalyticsd[53070:660b6c] [com.apple.xpc:connection] [0xa56c7c640] invalidated after a failed init
2026-05-21 01:45:11.262580,Mac Failed Login,70,Medium,Mac Local System,2026-05-21 01:45:11.262 E  ecosystemd[6857:6610d0] (EcosystemAnalytics) EcosystemAnalytics.framework:RosettaCoordinator: getCodeSignatureInfo: SecStaticCodeCreate Failed url: <private>
2026-05-21 01:45:11.262952,Mac Failed Login,70,Medium,Mac Local System,2026-05-21 01:45:11.262 Df ecosystemd[6857:6610d0] [com.apple.xpc:connection] [0x906c89400] failed to do a bootstrap look-up: xpc_error=[159: Unknown error: 159]
2026-05-21 01:45:11.263015,Mac Failed Login,70,Medium,Mac Local System,2026-05-21 01:45:11.262 Df ecosystemd[6857:6610d0] [com.apple.xpc:connection] [0x906c89400] invalidated after a failed init
2026-05-21 01:45:11.263919,Mac Failed Login,70,Medium,Mac Local System,2026-05-21 01:45:11.263 E  ecosystemd[6857:6610d0] (EcosystemAnalytics) EcosystemAnalytics.framework:RosettaCoordinator: getCodeSignatureInfo: SecStaticCodeCreate Failed url: <private>
2026-05-21 01:45:11.272404,Mac Failed Login,70,Medium,Mac Local System,2026-05-21 01:45:11.272 Df ecosystemanalyticsd[53070:660b6c] [com.apple.xpc:connection] [0xa56c7c640] failed to do a bootstrap look-up: xpc_error=[159: Unknown error: 159]
2026-05-21 01:45:11.272501,Mac Failed Login,70,Medium,Mac Local System,2026-05-21 01:45:11.272 Df ecosystemanalyticsd[53070:660b6c] [com.apple.xpc:connection] [0xa56c7c640] invalidated after a failed init
2026-05-21 01:45:11.295086,Mac Failed Login,70,Medium,Mac Local System,2026-05-21 01:45:11.294 Df ecosystemanalyticsd[53070:660b6c] [com.apple.xpc:connection] [0xa56c7c640] failed to do a bootstrap look-up: xpc_error=[159: Unknown error: 159]
2026-05-21 01:45:11.295348,Mac Failed Login,70,Medium,Mac Local System,2026-05-21 01:45:11.294 Df ecosystemanalyticsd[53070:660b6c] [com.apple.xpc:connection] [0xa56c7c640] invalidated after a failed init
2026-05-21 01:45:11.295593,Mac Failed Login,70,Medium,Mac Local System,2026-05-21 01:45:11.295 Df ecosystemd[6857:6610d0] [com.apple.xpc:connection] [0x906c89400] failed to do a bootstrap look-up: xpc_error=[159: Unknown error: 159]
2026-05-21 01:45:11.295696,Mac Failed Login,70,Medium,Mac Local System,2026-05-21 01:45:11.295 Df ecosystemd[6857:6610d0] [com.apple.xpc:connection] [0x906c89400] invalidated after a failed init
2026-05-21 01:45:11.297719,Mac Failed Login,70,Medium,Mac Local System,2026-05-21 01:45:11.297 E  ecosystemd[6857:6610d0] (EcosystemAnalytics) EcosystemAnalytics.framework:RosettaCoordinator: getCodeSignatureInfo: SecStaticCodeCreate Failed url: <private>
2026-05-21 01:45:11.298380,Mac Failed Login,70,Medium,Mac Local System,2026-05-21 01:45:11.298 Df ecosystemd[6857:6610d0] [com.apple.xpc:connection] [0x906c89400] failed to do a bootstrap look-up: xpc_error=[159: Unknown error: 159]
2026-05-21 01:45:11.298499,Mac Failed Login,70,Medium,Mac Local System,2026-05-21 01:45:11.298 Df ecosystemd[6857:6610d0] [com.apple.xpc:connection] [0x906c89400] invalidated after a failed init
2026-05-21 01:45:11.300349,Mac Failed Login,70,Medium,Mac Local System,2026-05-21 01:45:11.300 E  ecosystemd[6857:6610d0] (EcosystemAnalytics) EcosystemAnalytics.framework:RosettaCoordinator: getCodeSignatureInfo: SecStaticCodeCreate Failed url: <private>
2026-05-21 01:45:11.315714,Mac Failed Login,70,Medium,Mac Local System,2026-05-21 01:45:11.315 Df ecosystemanalyticsd[53070:660b6c] [com.apple.xpc:connection] [0xa56c7c640] failed to do a bootstrap look-up: xpc_error=[159: Unknown error: 159]
2026-05-21 01:45:11.315918,Mac Failed Login,70,Medium,Mac Local System,2026-05-21 01:45:11.315 Df ecosystemanalyticsd[53070:660b6c] [com.apple.xpc:connection] [0xa56c7c640] invalidated after a failed init
2026-05-21 01:45:11.345990,Mac Failed Login,70,Medium,Mac Local System,2026-05-21 01:45:11.345 Df ecosystemanalyticsd[53070:660b6c] [com.apple.xpc:connection] [0xa56c7c640] failed to do a bootstrap look-up: xpc_error=[159: Unknown error: 159]
2026-05-21 01:45:11.346253,Mac Failed Login,70,Medium,Mac Local System,2026-05-21 01:45:11.345 Df ecosystemanalyticsd[53070:660b6c] [com.apple.xpc:connection] [0xa56c7c640] invalidated after a failed init
2026-05-21 01:45:11.346627,Mac Failed Login,70,Medium,Mac Local System,2026-05-21 01:45:11.346 Df ecosystemd[6857:6610d0] [com.apple.xpc:connection] [0x906c89400] failed to do a bootstrap look-up: xpc_error=[159: Unknown error: 159]
2026-05-21 01:45:11.346722,Mac Failed Login,70,Medium,Mac Local System,2026-05-21 01:45:11.346 Df ecosystemd[6857:6610d0] [com.apple.xpc:connection] [0x906c89400] invalidated after a failed init
2026-05-21 01:45:11.348672,Mac Failed Login,70,Medium,Mac Local System,2026-05-21 01:45:11.348 E  ecosystemd[6857:6610d0] (EcosystemAnalytics) EcosystemAnalytics.framework:RosettaCoordinator: getCodeSignatureInfo: SecStaticCodeCreate Failed url: <private>
2026-05-21 01:45:11.349316,Mac Failed Login,70,Medium,Mac Local System,2026-05-21 01:45:11.349 Df ecosystemd[6857:6610d0] [com.apple.xpc:connection] [0x906c89400] failed to do a bootstrap look-up: xpc_error=[159: Unknown error: 159]
2026-05-21 01:45:11.349433,Mac Failed Login,70,Medium,Mac Local System,2026-05-21 01:45:11.349 Df ecosystemd[6857:6610d0] [com.apple.xpc:connection] [0x906c89400] invalidated after a failed init
2026-05-21 01:45:11.351036,Mac Failed Login,70,Medium,Mac Local System,2026-05-21 01:45:11.350 E  ecosystemd[6857:6610d0] (EcosystemAnalytics) EcosystemAnalytics.framework:RosettaCoordinator: getCodeSignatureInfo: SecStaticCodeCreate Failed url: <private>
2026-05-21 01:45:11.370848,Mac Failed Login,70,Medium,Mac Local System,2026-05-21 01:45:11.370 Df ecosystemanalyticsd[53070:660b6c] [com.apple.xpc:connection] [0xa56c7c640] failed to do a bootstrap look-up: xpc_error=[159: Unknown error: 159]
2026-05-21 01:45:11.371001,Mac Failed Login,70,Medium,Mac Local System,2026-05-21 01:45:11.370 Df ecosystemanalyticsd[53070:660b6c] [com.apple.xpc:connection] [0xa56c7c640] invalidated after a failed init
2026-05-21 01:45:11.392968,Mac Failed Login,70,Medium,Mac Local System,2026-05-21 01:45:11.392 Df ecosystemanalyticsd[53070:660b6c] [com.apple.xpc:connection] [0xa56c7c640] failed to do a bootstrap look-up: xpc_error=[159: Unknown error: 159]
2026-05-21 01:45:11.393190,Mac Failed Login,70,Medium,Mac Local System,2026-05-21 01:45:11.392 Df ecosystemanalyticsd[53070:660b6c] [com.apple.xpc:connection] [0xa56c7c640] invalidated after a failed init
2026-05-21 01:45:11.393319,Mac Failed Login,70,Medium,Mac Local System,2026-05-21 01:45:11.393 Df ecosystemd[6857:6610d0] [com.apple.xpc:connection] [0x906c89400] failed to do a bootstrap look-up: xpc_error=[159: Unknown error: 159]
2026-05-21 01:45:11.393399,Mac Failed Login,70,Medium,Mac Local System,2026-05-21 01:45:11.393 Df ecosystemd[6857:6610d0] [com.apple.xpc:connection] [0x906c89400] invalidated after a failed init
2026-05-21 01:45:11.395238,Mac Failed Login,70,Medium,Mac Local System,2026-05-21 01:45:11.395 E  ecosystemd[6857:6610d0] (EcosystemAnalytics) EcosystemAnalytics.framework:RosettaCoordinator: getCodeSignatureInfo: SecStaticCodeCreate Failed url: <private>
2026-05-21 01:45:11.396192,Mac Failed Login,70,Medium,Mac Local System,2026-05-21 01:45:11.395 Df ecosystemd[6857:6610d0] [com.apple.xpc:connection] [0x906c89400] failed to do a bootstrap look-up: xpc_error=[159: Unknown error: 159]
2026-05-21 01:45:11.396326,Mac Failed Login,70,Medium,Mac Local System,2026-05-21 01:45:11.396 Df ecosystemd[6857:6610d0] [com.apple.xpc:connection] [0x906c89400] invalidated after a failed init
2026-05-21 01:45:11.400191,Mac Failed Login,70,Medium,Mac Local System,2026-05-21 01:45:11.399 E  ecosystemd[6857:6610d0] (EcosystemAnalytics) EcosystemAnalytics.framework:RosettaCoordinator: getCodeSignatureInfo: SecStaticCodeCreate Failed url: <private>
2026-05-21 01:45:11.412521,Mac Failed Login,70,Medium,Mac Local System,2026-05-21 01:45:11.412 Df ecosystemanalyticsd[53070:660b6c] [com.apple.xpc:connection] [0xa56c7c640] failed to do a bootstrap look-up: xpc_error=[159: Unknown error: 159]
2026-05-21 01:45:11.412726,Mac Failed Login,70,Medium,Mac Local System,2026-05-21 01:45:11.412 Df ecosystemanalyticsd[53070:660b6c] [com.apple.xpc:connection] [0xa56c7c640] invalidated after a failed init
2026-05-21 01:45:11.439619,Mac Failed Login,70,Medium,Mac Local System,2026-05-21 01:45:11.439 Df ecosystemd[6857:6610d0] [com.apple.xpc:connection] [0x906c89400] failed to do a bootstrap look-up: xpc_error=[159: Unknown error: 159]
2026-05-21 01:45:11.439728,Mac Failed Login,70,Medium,Mac Local System,2026-05-21 01:45:11.439 Df ecosystemd[6857:6610d0] [com.apple.xpc:connection] [0x906c89400] invalidated after a failed init
2026-05-21 01:45:11.439815,Mac Failed Login,70,Medium,Mac Local System,2026-05-21 01:45:11.439 Df ecosystemanalyticsd[53070:660b6c] [com.apple.xpc:connection] [0xa56c7c640] failed to do a bootstrap look-up: xpc_error=[159: Unknown error: 159]
2026-05-21 01:45:11.439854,Mac Failed Login,70,Medium,Mac Local System,2026-05-21 01:45:11.439 Df ecosystemanalyticsd[53070:660b6c] [com.apple.xpc:connection] [0xa56c7c640] invalidated after a failed init
2026-05-21 01:45:11.441642,Mac Failed Login,70,Medium,Mac Local System,2026-05-21 01:45:11.441 E  ecosystemd[6857:6610d0] (EcosystemAnalytics) EcosystemAnalytics.framework:RosettaCoordinator: getCodeSignatureInfo: SecStaticCodeCreate Failed url: <private>
2026-05-21 01:45:11.442801,Mac Failed Login,70,Medium,Mac Local System,2026-05-21 01:45:11.442 Df ecosystemd[6857:6610d0] [com.apple.xpc:connection] [0x906c89400] failed to do a bootstrap look-up: xpc_error=[159: Unknown error: 159]
2026-05-21 01:45:11.442915,Mac Failed Login,70,Medium,Mac Local System,2026-05-21 01:45:11.442 Df ecosystemd[6857:6610d0] [com.apple.xpc:connection] [0x906c89400] invalidated after a failed init
2026-05-21 01:45:11.446907,Mac Failed Login,70,Medium,Mac Local System,2026-05-21 01:45:11.446 E  ecosystemd[6857:6610d0] (EcosystemAnalytics) EcosystemAnalytics.framework:RosettaCoordinator: getCodeSignatureInfo: SecStaticCodeCreate Failed url: <private>
2026-05-21 01:45:11.468896,Mac Failed Login,70,Medium,Mac Local System,2026-05-21 01:45:11.468 Df ecosystemanalyticsd[53070:660b6c] [com.apple.xpc:connection] [0xa56c7c640] failed to do a bootstrap look-up: xpc_error=[159: Unknown error: 159]
2026-05-21 01:45:11.469089,Mac Failed Login,70,Medium,Mac Local System,2026-05-21 01:45:11.468 Df ecosystemanalyticsd[53070:660b6c] [com.apple.xpc:connection] [0xa56c7c640] invalidated after a failed init
2026-05-21 01:45:11.508943,Mac Failed Login,70,Medium,Mac Local System,2026-05-21 01:45:11.508 Df ecosystemanalyticsd[53070:660b6c] [com.apple.xpc:connection] [0xa56c7c640] failed to do a bootstrap look-up: xpc_error=[159: Unknown error: 159]
2026-05-21 01:45:11.509126,Mac Failed Login,70,Medium,Mac Local System,2026-05-21 01:45:11.508 Df ecosystemanalyticsd[53070:660b6c] [com.apple.xpc:connection] [0xa56c7c640] invalidated after a failed init
2026-05-21 01:45:11.509528,Mac Failed Login,70,Medium,Mac Local System,2026-05-21 01:45:11.509 Df ecosystemd[6857:6610d0] [com.apple.xpc:connection] [0x906c89400] failed to do a bootstrap look-up: xpc_error=[159: Unknown error: 159]
2026-05-21 01:45:11.509713,Mac Failed Login,70,Medium,Mac Local System,2026-05-21 01:45:11.509 Df ecosystemd[6857:6610d0] [com.apple.xpc:connection] [0x906c89400] invalidated after a failed init
2026-05-21 01:45:11.512261,Mac Failed Login,70,Medium,Mac Local System,2026-05-21 01:45:11.511 E  ecosystemd[6857:6610d0] (EcosystemAnalytics) EcosystemAnalytics.framework:RosettaCoordinator: getCodeSignatureInfo: SecStaticCodeCreate Failed url: <private>
2026-05-21 01:45:11.514006,Mac Failed Login,70,Medium,Mac Local System,2026-05-21 01:45:11.513 Df ecosystemd[6857:6610d0] [com.apple.xpc:connection] [0x906c89400] failed to do a bootstrap look-up: xpc_error=[159: Unknown error: 159]
2026-05-21 01:45:11.515004,Mac Failed Login,70,Medium,Mac Local System,2026-05-21 01:45:11.514 Df ecosystemd[6857:6610d0] [com.apple.xpc:connection] [0x906c89400] invalidated after a failed init
2026-05-21 01:45:11.518336,Mac Failed Login,70,Medium,Mac Local System,2026-05-21 01:45:11.518 E  ecosystemd[6857:6610d0] (EcosystemAnalytics) EcosystemAnalytics.framework:RosettaCoordinator: getCodeSignatureInfo: SecStaticCodeCreate Failed url: <private>
2026-05-21 01:45:11.530950,Mac Failed Login,70,Medium,Mac Local System,2026-05-21 01:45:11.530 Df ecosystemanalyticsd[53070:660b6c] [com.apple.xpc:connection] [0xa56c7c640] failed to do a bootstrap look-up: xpc_error=[159: Unknown error: 159]
2026-05-21 01:45:11.531093,Mac Failed Login,70,Medium,Mac Local System,2026-05-21 01:45:11.530 Df ecosystemanalyticsd[53070:660b6c] [com.apple.xpc:connection] [0xa56c7c640] invalidated after a failed init
2026-05-21 01:45:11.556267,Mac Failed Login,70,Medium,Mac Local System,2026-05-21 01:45:11.556 Df ecosystemanalyticsd[53070:660b6c] [com.apple.xpc:connection] [0xa56c7c640] failed to do a bootstrap look-up: xpc_error=[159: Unknown error: 159]
2026-05-21 01:45:11.556372,Mac Failed Login,70,Medium,Mac Local System,2026-05-21 01:45:11.556 Df ecosystemanalyticsd[53070:660b6c] [com.apple.xpc:connection] [0xa56c7c640] invalidated after a failed init
2026-05-21 01:45:11.556604,Mac Failed Login,70,Medium,Mac Local System,2026-05-21 01:45:11.556 Df ecosystemd[6857:6610d0] [com.apple.xpc:connection] [0x906c89400] failed to do a bootstrap look-up: xpc_error=[159: Unknown error: 159]
2026-05-21 01:45:11.556652,Mac Failed Login,70,Medium,Mac Local System,2026-05-21 01:45:11.556 Df ecosystemd[6857:6610d0] [com.apple.xpc:connection] [0x906c89400] invalidated after a failed init
2026-05-21 01:45:11.558174,Mac Failed Login,70,Medium,Mac Local System,2026-05-21 01:45:11.558 E  ecosystemd[6857:6610d0] (EcosystemAnalytics) EcosystemAnalytics.framework:RosettaCoordinator: getCodeSignatureInfo: SecStaticCodeCreate Failed url: <private>
2026-05-21 01:45:11.558658,Mac Failed Login,70,Medium,Mac Local System,2026-05-21 01:45:11.558 Df ecosystemd[6857:6610d0] [com.apple.xpc:connection] [0x906c89400] failed to do a bootstrap look-up: xpc_error=[159: Unknown error: 159]
2026-05-21 01:45:11.558734,Mac Failed Login,70,Medium,Mac Local System,2026-05-21 01:45:11.558 Df ecosystemd[6857:6610d0] [com.apple.xpc:connection] [0x906c89400] invalidated after a failed init
2026-05-21 01:45:11.562055,Mac Failed Login,70,Medium,Mac Local System,2026-05-21 01:45:11.561 E  ecosystemd[6857:6610d0] (EcosystemAnalytics) EcosystemAnalytics.framework:RosettaCoordinator: getCodeSignatureInfo: SecStaticCodeCreate Failed url: <private>
2026-05-21 01:45:11.575630,Mac Failed Login,70,Medium,Mac Local System,2026-05-21 01:45:11.575 Df ecosystemanalyticsd[53070:660b6c] [com.apple.xpc:connection] [0xa56c7c640] failed to do a bootstrap look-up: xpc_error=[159: Unknown error: 159]
2026-05-21 01:45:11.575780,Mac Failed Login,70,Medium,Mac Local System,2026-05-21 01:45:11.575 Df ecosystemanalyticsd[53070:660b6c] [com.apple.xpc:connection] [0xa56c7c640] invalidated after a failed init
2026-05-21 01:45:11.596348,Mac Failed Login,70,Medium,Mac Local System,2026-05-21 01:45:11.596 Df ecosystemanalyticsd[53070:660b6c] [com.apple.xpc:connection] [0xa56c7c640] failed to do a bootstrap look-up: xpc_error=[159: Unknown error: 159]
2026-05-21 01:45:11.596513,Mac Failed Login,70,Medium,Mac Local System,2026-05-21 01:45:11.596 Df ecosystemanalyticsd[53070:660b6c] [com.apple.xpc:connection] [0xa56c7c640] invalidated after a failed init
2026-05-21 01:45:11.596832,Mac Failed Login,70,Medium,Mac Local System,2026-05-21 01:45:11.596 Df ecosystemd[6857:6610d0] [com.apple.xpc:connection] [0x906c89400] failed to do a bootstrap look-up: xpc_error=[159: Unknown error: 159]
2026-05-21 01:45:11.596947,Mac Failed Login,70,Medium,Mac Local System,2026-05-21 01:45:11.596 Df ecosystemd[6857:6610d0] [com.apple.xpc:connection] [0x906c89400] invalidated after a failed init
2026-05-21 01:45:11.598229,Mac Failed Login,70,Medium,Mac Local System,2026-05-21 01:45:11.598 E  ecosystemd[6857:6610d0] (EcosystemAnalytics) EcosystemAnalytics.framework:RosettaCoordinator: getCodeSignatureInfo: SecStaticCodeCreate Failed url: <private>
2026-05-21 01:45:11.598791,Mac Failed Login,70,Medium,Mac Local System,2026-05-21 01:45:11.598 Df ecosystemd[6857:6610d0] [com.apple.xpc:connection] [0x906c89400] failed to do a bootstrap look-up: xpc_error=[159: Unknown error: 159]
2026-05-21 01:45:11.598873,Mac Failed Login,70,Medium,Mac Local System,2026-05-21 01:45:11.598 Df ecosystemd[6857:6610d0] [com.apple.xpc:connection] [0x906c89400] invalidated after a failed init
2026-05-21 01:45:11.600136,Mac Failed Login,70,Medium,Mac Local System,2026-05-21 01:45:11.600 E  ecosystemd[6857:6610d0] (EcosystemAnalytics) EcosystemAnalytics.framework:RosettaCoordinator: getCodeSignatureInfo: SecStaticCodeCreate Failed url: <private>
2026-05-21 01:45:11.611383,Mac Failed Login,70,Medium,Mac Local System,2026-05-21 01:45:11.611 Df ecosystemanalyticsd[53070:660b6c] [com.apple.xpc:connection] [0xa56c7c640] failed to do a bootstrap look-up: xpc_error=[159: Unknown error: 159]
2026-05-21 01:45:11.611549,Mac Failed Login,70,Medium,Mac Local System,2026-05-21 01:45:11.611 Df ecosystemanalyticsd[53070:660b6c] [com.apple.xpc:connection] [0xa56c7c640] invalidated after a failed init
2026-05-21 01:45:11.629968,Mac Failed Login,70,Medium,Mac Local System,2026-05-21 01:45:11.629 Df ecosystemanalyticsd[53070:660b6c] [com.apple.xpc:connection] [0xa56c7c640] failed to do a bootstrap look-up: xpc_error=[159: Unknown error: 159]
2026-05-21 01:45:11.630105,Mac Failed Login,70,Medium,Mac Local System,2026-05-21 01:45:11.629 Df ecosystemanalyticsd[53070:660b6c] [com.apple.xpc:connection] [0xa56c7c640] invalidated after a failed init
2026-05-21 01:45:11.630905,Mac Failed Login,70,Medium,Mac Local System,2026-05-21 01:45:11.630 Df ecosystemd[6857:6610d0] [com.apple.xpc:connection] [0x906c89400] failed to do a bootstrap look-up: xpc_error=[159: Unknown error: 159]
2026-05-21 01:45:11.630976,Mac Failed Login,70,Medium,Mac Local System,2026-05-21 01:45:11.630 Df ecosystemd[6857:6610d0] [com.apple.xpc:connection] [0x906c89400] invalidated after a failed init
2026-05-21 01:45:11.631880,Mac Failed Login,70,Medium,Mac Local System,2026-05-21 01:45:11.631 E  ecosystemd[6857:6610d0] (EcosystemAnalytics) EcosystemAnalytics.framework:RosettaCoordinator: getCodeSignatureInfo: SecStaticCodeCreate Failed url: <private>
2026-05-21 01:45:11.632589,Mac Failed Login,70,Medium,Mac Local System,2026-05-21 01:45:11.632 Df ecosystemd[6857:6610d0] [com.apple.xpc:connection] [0x906c89400] failed to do a bootstrap look-up: xpc_error=[159: Unknown error: 159]
2026-05-21 01:45:11.632742,Mac Failed Login,70,Medium,Mac Local System,2026-05-21 01:45:11.632 Df ecosystemd[6857:6610d0] [com.apple.xpc:connection] [0x906c89400] invalidated after a failed init
2026-05-21 01:45:11.635450,Mac Failed Login,70,Medium,Mac Local System,2026-05-21 01:45:11.635 E  ecosystemd[6857:6610d0] (EcosystemAnalytics) EcosystemAnalytics.framework:RosettaCoordinator: getCodeSignatureInfo: SecStaticCodeCreate Failed url: <private>
2026-05-21 01:45:11.661059,Mac Failed Login,70,Medium,Mac Local System,2026-05-21 01:45:11.660 Df ecosystemanalyticsd[53070:660b6c] [com.apple.xpc:connection] [0xa56c7c640] failed to do a bootstrap look-up: xpc_error=[159: Unknown error: 159]
2026-05-21 01:45:11.661155,Mac Failed Login,70,Medium,Mac Local System,2026-05-21 01:45:11.660 Df ecosystemanalyticsd[53070:660b6c] [com.apple.xpc:connection] [0xa56c7c640] invalidated after a failed init
2026-05-21 01:45:11.678446,Mac Failed Login,70,Medium,Mac Local System,2026-05-21 01:45:11.678 Df ecosystemanalyticsd[53070:660b6c] [com.apple.xpc:connection] [0xa56c7c640] failed to do a bootstrap look-up: xpc_error=[159: Unknown error: 159]
2026-05-21 01:45:11.678713,Mac Failed Login,70,Medium,Mac Local System,2026-05-21 01:45:11.678 Df ecosystemanalyticsd[53070:660b6c] [com.apple.xpc:connection] [0xa56c7c640] invalidated after a failed init
2026-05-21 01:45:11.679266,Mac Failed Login,70,Medium,Mac Local System,2026-05-21 01:45:11.679 Df ecosystemd[6857:6610d0] [com.apple.xpc:connection] [0x906c89400] failed to do a bootstrap look-up: xpc_error=[159: Unknown error: 159]
2026-05-21 01:45:11.679344,Mac Failed Login,70,Medium,Mac Local System,2026-05-21 01:45:11.679 Df ecosystemd[6857:6610d0] [com.apple.xpc:connection] [0x906c89400] invalidated after a failed init
2026-05-21 01:45:11.681056,Mac Failed Login,70,Medium,Mac Local System,2026-05-21 01:45:11.680 E  ecosystemd[6857:6610d0] (EcosystemAnalytics) EcosystemAnalytics.framework:RosettaCoordinator: getCodeSignatureInfo: SecStaticCodeCreate Failed url: <private>
2026-05-21 01:45:11.681637,Mac Failed Login,70,Medium,Mac Local System,2026-05-21 01:45:11.681 Df ecosystemd[6857:6610d0] [com.apple.xpc:connection] [0x906c89400] failed to do a bootstrap look-up: xpc_error=[159: Unknown error: 159]
2026-05-21 01:45:11.681696,Mac Failed Login,70,Medium,Mac Local System,2026-05-21 01:45:11.681 Df ecosystemd[6857:6610d0] [com.apple.xpc:connection] [0x906c89400] invalidated after a failed init
2026-05-21 01:45:11.683318,Mac Failed Login,70,Medium,Mac Local System,2026-05-21 01:45:11.683 E  ecosystemd[6857:6610d0] (EcosystemAnalytics) EcosystemAnalytics.framework:RosettaCoordinator: getCodeSignatureInfo: SecStaticCodeCreate Failed url: <private>
2026-05-21 01:45:11.702443,Mac Failed Login,70,Medium,Mac Local System,2026-05-21 01:45:11.702 Df ecosystemanalyticsd[53070:660b6c] [com.apple.xpc:connection] [0xa56c7c640] failed to do a bootstrap look-up: xpc_error=[159: Unknown error: 159]
2026-05-21 01:45:11.702516,Mac Failed Login,70,Medium,Mac Local System,2026-05-21 01:45:11.702 Df ecosystemanalyticsd[53070:660b6c] [com.apple.xpc:connection] [0xa56c7c640] invalidated after a failed init
2026-05-21 01:45:11.730776,Mac Failed Login,70,Medium,Mac Local System,2026-05-21 01:45:11.730 Df ecosystemd[6857:6610d0] [com.apple.xpc:connection] [0x906c89400] failed to do a bootstrap look-up: xpc_error=[159: Unknown error: 159]
2026-05-21 01:45:11.731030,Mac Failed Login,70,Medium,Mac Local System,2026-05-21 01:45:11.730 Df ecosystemd[6857:6610d0] [com.apple.xpc:connection] [0x906c89400] invalidated after a failed init
2026-05-21 01:45:11.731096,Mac Failed Login,70,Medium,Mac Local System,2026-05-21 01:45:11.730 Df ecosystemanalyticsd[53070:660b6c] [com.apple.xpc:connection] [0xa56c7c640] failed to do a bootstrap look-up: xpc_error=[159: Unknown error: 159]
2026-05-21 01:45:11.731161,Mac Failed Login,70,Medium,Mac Local System,2026-05-21 01:45:11.730 Df ecosystemanalyticsd[53070:660b6c] [com.apple.xpc:connection] [0xa56c7c640] invalidated after a failed init
2026-05-21 01:45:11.732775,Mac Failed Login,70,Medium,Mac Local System,2026-05-21 01:45:11.732 E  ecosystemd[6857:6610d0] (EcosystemAnalytics) EcosystemAnalytics.framework:RosettaCoordinator: getCodeSignatureInfo: SecStaticCodeCreate Failed url: <private>
2026-05-21 01:45:11.733141,Mac Failed Login,70,Medium,Mac Local System,2026-05-21 01:45:11.733 Df ecosystemd[6857:6610d0] [com.apple.xpc:connection] [0x906c89400] failed to do a bootstrap look-up: xpc_error=[159: Unknown error: 159]
2026-05-21 01:45:11.733168,Mac Failed Login,70,Medium,Mac Local System,2026-05-21 01:45:11.733 Df ecosystemd[6857:6610d0] [com.apple.xpc:connection] [0x906c89400] invalidated after a failed init
2026-05-21 01:45:11.734016,Mac Failed Login,70,Medium,Mac Local System,2026-05-21 01:45:11.733 E  ecosystemd[6857:6610d0] (EcosystemAnalytics) EcosystemAnalytics.framework:RosettaCoordinator: getCodeSignatureInfo: SecStaticCodeCreate Failed url: <private>
2026-05-21 01:45:11.740834,Mac Failed Login,70,Medium,Mac Local System,2026-05-21 01:45:11.740 Df ecosystemanalyticsd[53070:660b6c] [com.apple.xpc:connection] [0xa56c7c640] failed to do a bootstrap look-up: xpc_error=[159: Unknown error: 159]
2026-05-21 01:45:11.740891,Mac Failed Login,70,Medium,Mac Local System,2026-05-21 01:45:11.740 Df ecosystemanalyticsd[53070:660b6c] [com.apple.xpc:connection] [0xa56c7c640] invalidated after a failed init
2026-05-21 01:45:11.754945,Mac Failed Login,70,Medium,Mac Local System,2026-05-21 01:45:11.754 Df ecosystemd[6857:6610d0] [com.apple.xpc:connection] [0x906c89400] failed to do a bootstrap look-up: xpc_error=[159: Unknown error: 159]
2026-05-21 01:45:11.755008,Mac Failed Login,70,Medium,Mac Local System,2026-05-21 01:45:11.754 Df ecosystemd[6857:6610d0] [com.apple.xpc:connection] [0x906c89400] invalidated after a failed init
2026-05-21 01:45:11.756234,Mac Failed Login,70,Medium,Mac Local System,2026-05-21 01:45:11.756 Df ecosystemanalyticsd[53070:660b6c] [com.apple.xpc:connection] [0xa56c7c640] failed to do a bootstrap look-up: xpc_error=[159: Unknown error: 159]
2026-05-21 01:45:11.756263,Mac Failed Login,70,Medium,Mac Local System,2026-05-21 01:45:11.756 Df ecosystemanalyticsd[53070:660b6c] [com.apple.xpc:connection] [0xa56c7c640] invalidated after a failed init
2026-05-21 01:45:11.757452,Mac Failed Login,70,Medium,Mac Local System,2026-05-21 01:45:11.757 E  ecosystemd[6857:6610d0] (EcosystemAnalytics) EcosystemAnalytics.framework:RosettaCoordinator: getCodeSignatureInfo: SecStaticCodeCreate Failed url: <private>
2026-05-21 01:45:11.757880,Mac Failed Login,70,Medium,Mac Local System,2026-05-21 01:45:11.757 Df ecosystemd[6857:6610d0] [com.apple.xpc:connection] [0x906c89400] failed to do a bootstrap look-up: xpc_error=[159: Unknown error: 159]
2026-05-21 01:45:11.757923,Mac Failed Login,70,Medium,Mac Local System,2026-05-21 01:45:11.757 Df ecosystemd[6857:6610d0] [com.apple.xpc:connection] [0x906c89400] invalidated after a failed init
2026-05-21 01:45:11.758697,Mac Failed Login,70,Medium,Mac Local System,2026-05-21 01:45:11.758 E  ecosystemd[6857:6610d0] (EcosystemAnalytics) EcosystemAnalytics.framework:RosettaCoordinator: getCodeSignatureInfo: SecStaticCodeCreate Failed url: <private>
2026-05-21 01:45:11.768467,Mac Failed Login,70,Medium,Mac Local System,2026-05-21 01:45:11.768 Df ecosystemanalyticsd[53070:660b6c] [com.apple.xpc:connection] [0xa56c7c640] failed to do a bootstrap look-up: xpc_error=[159: Unknown error: 159]
2026-05-21 01:45:11.768548,Mac Failed Login,70,Medium,Mac Local System,2026-05-21 01:45:11.768 Df ecosystemanalyticsd[53070:660b6c] [com.apple.xpc:connection] [0xa56c7c640] invalidated after a failed init
2026-05-21 01:45:11.790531,Mac Failed Login,70,Medium,Mac Local System,2026-05-21 01:45:11.790 Df ecosystemanalyticsd[53070:660b6c] [com.apple.xpc:connection] [0xa56c7c640] failed to do a bootstrap look-up: xpc_error=[159: Unknown error: 159]
2026-05-21 01:45:11.790610,Mac Failed Login,70,Medium,Mac Local System,2026-05-21 01:45:11.790 Df ecosystemd[6857:6610d0] [com.apple.xpc:connection] [0x906c89400] failed to do a bootstrap look-up: xpc_error=[159: Unknown error: 159]
2026-05-21 01:45:11.790679,Mac Failed Login,70,Medium,Mac Local System,2026-05-21 01:45:11.790 Df ecosystemanalyticsd[53070:660b6c] [com.apple.xpc:connection] [0xa56c7c640] invalidated after a failed init
2026-05-21 01:45:11.790758,Mac Failed Login,70,Medium,Mac Local System,2026-05-21 01:45:11.790 Df ecosystemd[6857:6610d0] [com.apple.xpc:connection] [0x906c89400] invalidated after a failed init
2026-05-21 01:45:11.792198,Mac Failed Login,70,Medium,Mac Local System,2026-05-21 01:45:11.792 E  ecosystemd[6857:6610d0] (EcosystemAnalytics) EcosystemAnalytics.framework:RosettaCoordinator: getCodeSignatureInfo: SecStaticCodeCreate Failed url: <private>
2026-05-21 01:45:11.792739,Mac Failed Login,70,Medium,Mac Local System,2026-05-21 01:45:11.792 Df ecosystemd[6857:6610d0] [com.apple.xpc:connection] [0x906c89400] failed to do a bootstrap look-up: xpc_error=[159: Unknown error: 159]
2026-05-21 01:45:11.792819,Mac Failed Login,70,Medium,Mac Local System,2026-05-21 01:45:11.792 Df ecosystemd[6857:6610d0] [com.apple.xpc:connection] [0x906c89400] invalidated after a failed init
2026-05-21 01:45:11.794303,Mac Failed Login,70,Medium,Mac Local System,2026-05-21 01:45:11.794 E  ecosystemd[6857:6610d0] (EcosystemAnalytics) EcosystemAnalytics.framework:RosettaCoordinator: getCodeSignatureInfo: SecStaticCodeCreate Failed url: <private>
2026-05-21 01:45:11.807363,Mac Failed Login,70,Medium,Mac Local System,2026-05-21 01:45:11.807 Df ecosystemanalyticsd[53070:660b6c] [com.apple.xpc:connection] [0xa56c7c640] failed to do a bootstrap look-up: xpc_error=[159: Unknown error: 159]
2026-05-21 01:45:11.807444,Mac Failed Login,70,Medium,Mac Local System,2026-05-21 01:45:11.807 Df ecosystemanalyticsd[53070:660b6c] [com.apple.xpc:connection] [0xa56c7c640] invalidated after a failed init
2026-05-21 01:45:11.827799,Mac Failed Login,70,Medium,Mac Local System,2026-05-21 01:45:11.827 Df ecosystemd[6857:6610d0] [com.apple.xpc:connection] [0x906c89400] failed to do a bootstrap look-up: xpc_error=[159: Unknown error: 159]
2026-05-21 01:45:11.827882,Mac Failed Login,70,Medium,Mac Local System,2026-05-21 01:45:11.827 Df ecosystemd[6857:6610d0] [com.apple.xpc:connection] [0x906c89400] invalidated after a failed init
2026-05-21 01:45:11.827943,Mac Failed Login,70,Medium,Mac Local System,2026-05-21 01:45:11.827 Df ecosystemanalyticsd[53070:660b6c] [com.apple.xpc:connection] [0xa56c7c640] failed to do a bootstrap look-up: xpc_error=[159: Unknown error: 159]
2026-05-21 01:45:11.828024,Mac Failed Login,70,Medium,Mac Local System,2026-05-21 01:45:11.827 Df ecosystemanalyticsd[53070:660b6c] [com.apple.xpc:connection] [0xa56c7c640] invalidated after a failed init
2026-05-21 01:45:11.829524,Mac Failed Login,70,Medium,Mac Local System,2026-05-21 01:45:11.829 E  ecosystemd[6857:6610d0] (EcosystemAnalytics) EcosystemAnalytics.framework:RosettaCoordinator: getCodeSignatureInfo: SecStaticCodeCreate Failed url: <private>
2026-05-21 01:45:11.830648,Mac Failed Login,70,Medium,Mac Local System,2026-05-21 01:45:11.830 Df ecosystemd[6857:6610d0] [com.apple.xpc:connection] [0x906c89400] failed to do a bootstrap look-up: xpc_error=[159: Unknown error: 159]
2026-05-21 01:45:11.830688,Mac Failed Login,70,Medium,Mac Local System,2026-05-21 01:45:11.830 Df ecosystemd[6857:6610d0] [com.apple.xpc:connection] [0x906c89400] invalidated after a failed init
2026-05-21 01:45:11.831902,Mac Failed Login,70,Medium,Mac Local System,2026-05-21 01:45:11.831 E  ecosystemd[6857:6610d0] (EcosystemAnalytics) EcosystemAnalytics.framework:RosettaCoordinator: getCodeSignatureInfo: SecStaticCodeCreate Failed url: <private>
2026-05-21 01:45:11.841847,Mac Failed Login,70,Medium,Mac Local System,2026-05-21 01:45:11.841 Df ecosystemanalyticsd[53070:660b6c] [com.apple.xpc:connection] [0xa56c7c640] failed to do a bootstrap look-up: xpc_error=[159: Unknown error: 159]
2026-05-21 01:45:11.841926,Mac Failed Login,70,Medium,Mac Local System,2026-05-21 01:45:11.841 Df ecosystemanalyticsd[53070:660b6c] [com.apple.xpc:connection] [0xa56c7c640] invalidated after a failed init
2026-05-21 01:45:11.864172,Mac Failed Login,70,Medium,Mac Local System,2026-05-21 01:45:11.863 Df ecosystemd[6857:6610d0] [com.apple.xpc:connection] [0x906c89400] failed to do a bootstrap look-up: xpc_error=[159: Unknown error: 159]
2026-05-21 01:45:11.864331,Mac Failed Login,70,Medium,Mac Local System,2026-05-21 01:45:11.864 Df ecosystemd[6857:6610d0] [com.apple.xpc:connection] [0x906c89400] invalidated after a failed init
2026-05-21 01:45:11.864372,Mac Failed Login,70,Medium,Mac Local System,2026-05-21 01:45:11.864 Df ecosystemanalyticsd[53070:660b6c] [com.apple.xpc:connection] [0xa56c7c640] failed to do a bootstrap look-up: xpc_error=[159: Unknown error: 159]
2026-05-21 01:45:11.864404,Mac Failed Login,70,Medium,Mac Local System,2026-05-21 01:45:11.864 Df ecosystemanalyticsd[53070:660b6c] [com.apple.xpc:connection] [0xa56c7c640] invalidated after a failed init
2026-05-21 01:45:11.866737,Mac Failed Login,70,Medium,Mac Local System,2026-05-21 01:45:11.866 E  ecosystemd[6857:6610d0] (EcosystemAnalytics) EcosystemAnalytics.framework:RosettaCoordinator: getCodeSignatureInfo: SecStaticCodeCreate Failed url: <private>
2026-05-21 01:45:11.867327,Mac Failed Login,70,Medium,Mac Local System,2026-05-21 01:45:11.867 Df ecosystemd[6857:6610d0] [com.apple.xpc:connection] [0x906c89400] failed to do a bootstrap look-up: xpc_error=[159: Unknown error: 159]
2026-05-21 01:45:11.867371,Mac Failed Login,70,Medium,Mac Local System,2026-05-21 01:45:11.867 Df ecosystemd[6857:6610d0] [com.apple.xpc:connection] [0x906c89400] invalidated after a failed init
2026-05-21 01:45:11.868564,Mac Failed Login,70,Medium,Mac Local System,2026-05-21 01:45:11.868 E  ecosystemd[6857:6610d0] (EcosystemAnalytics) EcosystemAnalytics.framework:RosettaCoordinator: getCodeSignatureInfo: SecStaticCodeCreate Failed url: <private>
2026-05-21 01:45:11.876722,Mac Failed Login,70,Medium,Mac Local System,2026-05-21 01:45:11.876 Df ecosystemanalyticsd[53070:660b6c] [com.apple.xpc:connection] [0xa56c7c640] failed to do a bootstrap look-up: xpc_error=[159: Unknown error: 159]
2026-05-21 01:45:11.876788,Mac Failed Login,70,Medium,Mac Local System,2026-05-21 01:45:11.876 Df ecosystemanalyticsd[53070:660b6c] [com.apple.xpc:connection] [0xa56c7c640] invalidated after a failed init
2026-05-21 01:45:11.898952,Mac Failed Login,70,Medium,Mac Local System,2026-05-21 01:45:11.898 Df ecosystemanalyticsd[53070:660b6c] [com.apple.xpc:connection] [0xa56c7c640] failed to do a bootstrap look-up: xpc_error=[159: Unknown error: 159]
2026-05-21 01:45:11.899105,Mac Failed Login,70,Medium,Mac Local System,2026-05-21 01:45:11.898 Df ecosystemanalyticsd[53070:660b6c] [com.apple.xpc:connection] [0xa56c7c640] invalidated after a failed init
2026-05-21 01:45:11.899239,Mac Failed Login,70,Medium,Mac Local System,2026-05-21 01:45:11.899 Df ecosystemd[6857:6610d0] [com.apple.xpc:connection] [0x906c89400] failed to do a bootstrap look-up: xpc_error=[159: Unknown error: 159]
2026-05-21 01:45:11.899280,Mac Failed Login,70,Medium,Mac Local System,2026-05-21 01:45:11.899 Df ecosystemd[6857:6610d0] [com.apple.xpc:connection] [0x906c89400] invalidated after a failed init
2026-05-21 01:45:11.900251,Mac Failed Login,70,Medium,Mac Local System,2026-05-21 01:45:11.900 E  ecosystemd[6857:6610d0] (EcosystemAnalytics) EcosystemAnalytics.framework:RosettaCoordinator: getCodeSignatureInfo: SecStaticCodeCreate Failed url: <private>
2026-05-21 01:45:11.900560,Mac Failed Login,70,Medium,Mac Local System,2026-05-21 01:45:11.900 Df ecosystemd[6857:6610d0] [com.apple.xpc:connection] [0x906c89400] failed to do a bootstrap look-up: xpc_error=[159: Unknown error: 159]
2026-05-21 01:45:11.900601,Mac Failed Login,70,Medium,Mac Local System,2026-05-21 01:45:11.900 Df ecosystemd[6857:6610d0] [com.apple.xpc:connection] [0x906c89400] invalidated after a failed init
2026-05-21 01:45:11.901383,Mac Failed Login,70,Medium,Mac Local System,2026-05-21 01:45:11.901 E  ecosystemd[6857:6610d0] (EcosystemAnalytics) EcosystemAnalytics.framework:RosettaCoordinator: getCodeSignatureInfo: SecStaticCodeCreate Failed url: <private>
2026-05-21 01:45:11.909562,Mac Failed Login,70,Medium,Mac Local System,2026-05-21 01:45:11.909 Df ecosystemanalyticsd[53070:660b6c] [com.apple.xpc:connection] [0xa56c7c640] failed to do a bootstrap look-up: xpc_error=[159: Unknown error: 159]
2026-05-21 01:45:11.909617,Mac Failed Login,70,Medium,Mac Local System,2026-05-21 01:45:11.909 Df ecosystemanalyticsd[53070:660b6c] [com.apple.xpc:connection] [0xa56c7c640] invalidated after a failed init
2026-05-21 01:45:11.925546,Mac Failed Login,70,Medium,Mac Local System,2026-05-21 01:45:11.925 Df ecosystemd[6857:6610d0] [com.apple.xpc:connection] [0x906c89400] failed to do a bootstrap look-up: xpc_error=[159: Unknown error: 159]
2026-05-21 01:45:11.925672,Mac Failed Login,70,Medium,Mac Local System,2026-05-21 01:45:11.925 Df ecosystemd[6857:6610d0] [com.apple.xpc:connection] [0x906c89400] invalidated after a failed init
2026-05-21 01:45:11.925730,Mac Failed Login,70,Medium,Mac Local System,2026-05-21 01:45:11.925 Df ecosystemanalyticsd[53070:660b6c] [com.apple.xpc:connection] [0xa56c7c640] failed to do a bootstrap look-up: xpc_error=[159: Unknown error: 159]
2026-05-21 01:45:11.925775,Mac Failed Login,70,Medium,Mac Local System,2026-05-21 01:45:11.925 Df ecosystemanalyticsd[53070:660b6c] [com.apple.xpc:connection] [0xa56c7c640] invalidated after a failed init
2026-05-21 01:45:11.927039,Mac Failed Login,70,Medium,Mac Local System,2026-05-21 01:45:11.926 E  ecosystemd[6857:6610d0] (EcosystemAnalytics) EcosystemAnalytics.framework:RosettaCoordinator: getCodeSignatureInfo: SecStaticCodeCreate Failed url: <private>
2026-05-21 01:45:11.927480,Mac Failed Login,70,Medium,Mac Local System,2026-05-21 01:45:11.927 Df ecosystemd[6857:6610d0] [com.apple.xpc:connection] [0x906c89400] failed to do a bootstrap look-up: xpc_error=[159: Unknown error: 159]
2026-05-21 01:45:11.927549,Mac Failed Login,70,Medium,Mac Local System,2026-05-21 01:45:11.927 Df ecosystemd[6857:6610d0] [com.apple.xpc:connection] [0x906c89400] invalidated after a failed init
2026-05-21 01:45:11.928991,Mac Failed Login,70,Medium,Mac Local System,2026-05-21 01:45:11.928 E  ecosystemd[6857:6610d0] (EcosystemAnalytics) EcosystemAnalytics.framework:RosettaCoordinator: getCodeSignatureInfo: SecStaticCodeCreate Failed url: <private>
2026-05-21 01:45:11.942370,Mac Failed Login,70,Medium,Mac Local System,2026-05-21 01:45:11.942 Df ecosystemanalyticsd[53070:660b6c] [com.apple.xpc:connection] [0xa56c7c640] failed to do a bootstrap look-up: xpc_error=[159: Unknown error: 159]
2026-05-21 01:45:11.942483,Mac Failed Login,70,Medium,Mac Local System,2026-05-21 01:45:11.942 Df ecosystemanalyticsd[53070:660b6c] [com.apple.xpc:connection] [0xa56c7c640] invalidated after a failed init
2026-05-21 01:45:11.965242,Mac Failed Login,70,Medium,Mac Local System,2026-05-21 01:45:11.964 Df ecosystemd[6857:6610d0] [com.apple.xpc:connection] [0x906c89400] failed to do a bootstrap look-up: xpc_error=[159: Unknown error: 159]
2026-05-21 01:45:11.966302,Mac Failed Login,70,Medium,Mac Local System,2026-05-21 01:45:11.964 Df ecosystemanalyticsd[53070:660b6c] [com.apple.xpc:connection] [0xa56c7c640] failed to do a bootstrap look-up: xpc_error=[159: Unknown error: 159]
2026-05-21 01:45:11.966431,Mac Failed Login,70,Medium,Mac Local System,2026-05-21 01:45:11.965 Df ecosystemd[6857:6610d0] [com.apple.xpc:connection] [0x906c89400] invalidated after a failed init
2026-05-21 01:45:11.966483,Mac Failed Login,70,Medium,Mac Local System,2026-05-21 01:45:11.965 Df ecosystemanalyticsd[53070:660b6c] [com.apple.xpc:connection] [0xa56c7c640] invalidated after a failed init
2026-05-21 01:45:11.967803,Mac Failed Login,70,Medium,Mac Local System,2026-05-21 01:45:11.967 E  ecosystemanalyticsd[53070:660b6c] (EcosystemAnalytics) EcosystemAnalytics.framework:RosettaCoordinator: getCodeSignatureInfo: SecStaticCodeCreate Failed url: <private>
2026-05-21 01:45:11.967894,Mac Failed Login,70,Medium,Mac Local System,2026-05-21 01:45:11.967 E  ecosystemd[6857:6610d0] (EcosystemAnalytics) EcosystemAnalytics.framework:RosettaCoordinator: getCodeSignatureInfo: SecStaticCodeCreate Failed url: <private>
2026-05-21 01:45:11.968318,Mac Failed Login,70,Medium,Mac Local System,2026-05-21 01:45:11.968 Df ecosystemd[6857:6610d0] [com.apple.xpc:connection] [0x906c89400] failed to do a bootstrap look-up: xpc_error=[159: Unknown error: 159]
2026-05-21 01:45:11.968379,Mac Failed Login,70,Medium,Mac Local System,2026-05-21 01:45:11.968 Df ecosystemd[6857:6610d0] [com.apple.xpc:connection] [0x906c89400] invalidated after a failed init
2026-05-21 01:45:11.969324,Mac Failed Login,70,Medium,Mac Local System,2026-05-21 01:45:11.969 E  ecosystemd[6857:6610d0] (EcosystemAnalytics) EcosystemAnalytics.framework:RosettaCoordinator: getCodeSignatureInfo: SecStaticCodeCreate Failed url: <private>
2026-05-21 01:45:11.976325,Mac Failed Login,70,Medium,Mac Local System,2026-05-21 01:45:11.976 Df ecosystemanalyticsd[53070:660b6c] [com.apple.xpc:connection] [0xa56c7c640] failed to do a bootstrap look-up: xpc_error=[159: Unknown error: 159]
2026-05-21 01:45:11.976501,Mac Failed Login,70,Medium,Mac Local System,2026-05-21 01:45:11.976 Df ecosystemanalyticsd[53070:660b6c] [com.apple.xpc:connection] [0xa56c7c640] invalidated after a failed init
2026-05-21 01:45:11.978137,Mac Failed Login,70,Medium,Mac Local System,2026-05-21 01:45:11.977 E  ecosystemanalyticsd[53070:660b6c] (EcosystemAnalytics) EcosystemAnalytics.framework:RosettaCoordinator: getCodeSignatureInfo: SecStaticCodeCreate Failed url: <private>
2026-05-21 01:45:11.981343,Mac Failed Login,70,Medium,Mac Local System,2026-05-21 01:45:11.981 Df ecosystemd[6857:6610d0] [com.apple.xpc:connection] [0x906c89400] failed to do a bootstrap look-up: xpc_error=[159: Unknown error: 159]
2026-05-21 01:45:11.981439,Mac Failed Login,70,Medium,Mac Local System,2026-05-21 01:45:11.981 Df ecosystemd[6857:6610d0] [com.apple.xpc:connection] [0x906c89400] invalidated after a failed init
2026-05-21 01:45:11.991242,Mac Failed Login,70,Medium,Mac Local System,2026-05-21 01:45:11.991 Df ecosystemanalyticsd[53070:660b6c] [com.apple.xpc:connection] [0xa56c7c640] failed to do a bootstrap look-up: xpc_error=[159: Unknown error: 159]
2026-05-21 01:45:11.991353,Mac Failed Login,70,Medium,Mac Local System,2026-05-21 01:45:11.991 Df ecosystemanalyticsd[53070:660b6c] [com.apple.xpc:connection] [0xa56c7c640] invalidated after a failed init
2026-05-21 01:45:12.004818,Mac Failed Login,70,Medium,Mac Local System,2026-05-21 01:45:12.004 Df ecosystemanalyticsd[53070:660b6c] [com.apple.xpc:connection] [0xa56c7c640] failed to do a bootstrap look-up: xpc_error=[159: Unknown error: 159]
2026-05-21 01:45:12.004975,Mac Failed Login,70,Medium,Mac Local System,2026-05-21 01:45:12.004 Df ecosystemanalyticsd[53070:660b6c] [com.apple.xpc:connection] [0xa56c7c640] invalidated after a failed init
2026-05-21 01:45:12.005981,Mac Failed Login,70,Medium,Mac Local System,2026-05-21 01:45:12.005 Df ecosystemd[6857:6610d0] [com.apple.xpc:connection] [0x906c89400] failed to do a bootstrap look-up: xpc_error=[159: Unknown error: 159]
2026-05-21 01:45:12.006099,Mac Failed Login,70,Medium,Mac Local System,2026-05-21 01:45:12.005 Df ecosystemd[6857:6610d0] [com.apple.xpc:connection] [0x906c89400] invalidated after a failed init
2026-05-21 01:45:12.033801,Mac Failed Login,70,Medium,Mac Local System,2026-05-21 01:45:12.033 Df ecosystemanalyticsd[53070:660b6c] [com.apple.xpc:connection] [0xa56c7c640] failed to do a bootstrap look-up: xpc_error=[159: Unknown error: 159]
2026-05-21 01:45:12.033984,Mac Failed Login,70,Medium,Mac Local System,2026-05-21 01:45:12.033 Df ecosystemanalyticsd[53070:660b6c] [com.apple.xpc:connection] [0xa56c7c640] invalidated after a failed init
2026-05-21 01:45:12.043533,Mac Failed Login,70,Medium,Mac Local System,2026-05-21 01:45:12.043 Df ecosystemd[6857:6610d0] [com.apple.xpc:connection] [0x906c89400] failed to do a bootstrap look-up: xpc_error=[159: Unknown error: 159]
2026-05-21 01:45:12.043704,Mac Failed Login,70,Medium,Mac Local System,2026-05-21 01:45:12.043 Df ecosystemd[6857:6610d0] [com.apple.xpc:connection] [0x906c89400] invalidated after a failed init
2026-05-21 01:45:12.045411,Mac Failed Login,70,Medium,Mac Local System,2026-05-21 01:45:12.045 E  ecosystemd[6857:6610d0] (EcosystemAnalytics) EcosystemAnalytics.framework:RosettaCoordinator: getCodeSignatureInfo: SecStaticCodeCreate Failed url: <private>
2026-05-21 01:45:12.046145,Mac Failed Login,70,Medium,Mac Local System,2026-05-21 01:45:12.045 Df ecosystemd[6857:6610d0] [com.apple.xpc:connection] [0x906c89400] failed to do a bootstrap look-up: xpc_error=[159: Unknown error: 159]
2026-05-21 01:45:12.046294,Mac Failed Login,70,Medium,Mac Local System,2026-05-21 01:45:12.045 Df ecosystemd[6857:6610d0] [com.apple.xpc:connection] [0x906c89400] invalidated after a failed init
2026-05-21 01:45:12.050690,Mac Failed Login,70,Medium,Mac Local System,2026-05-21 01:45:12.050 E  ecosystemd[6857:6610d0] (EcosystemAnalytics) EcosystemAnalytics.framework:RosettaCoordinator: getCodeSignatureInfo: SecStaticCodeCreate Failed url: <private>
2026-05-21 01:45:12.054750,Mac Failed Login,70,Medium,Mac Local System,2026-05-21 01:45:12.054 Df ecosystemanalyticsd[53070:660b6c] [com.apple.xpc:connection] [0xa56c7c640] failed to do a bootstrap look-up: xpc_error=[159: Unknown error: 159]
2026-05-21 01:45:12.054837,Mac Failed Login,70,Medium,Mac Local System,2026-05-21 01:45:12.054 Df ecosystemanalyticsd[53070:660b6c] [com.apple.xpc:connection] [0xa56c7c640] invalidated after a failed init
2026-05-21 01:45:12.071027,Mac Failed Login,70,Medium,Mac Local System,2026-05-21 01:45:12.070 Df ecosystemanalyticsd[53070:660b6c] [com.apple.xpc:connection] [0xa56c7c640] failed to do a bootstrap look-up: xpc_error=[159: Unknown error: 159]
2026-05-21 01:45:12.071119,Mac Failed Login,70,Medium,Mac Local System,2026-05-21 01:45:12.070 Df ecosystemanalyticsd[53070:660b6c] [com.apple.xpc:connection] [0xa56c7c640] invalidated after a failed init
2026-05-21 01:45:12.071160,Mac Failed Login,70,Medium,Mac Local System,2026-05-21 01:45:12.070 Df ecosystemd[6857:6610d0] [com.apple.xpc:connection] [0x906c89400] failed to do a bootstrap look-up: xpc_error=[159: Unknown error: 159]
2026-05-21 01:45:12.071202,Mac Failed Login,70,Medium,Mac Local System,2026-05-21 01:45:12.071 Df ecosystemd[6857:6610d0] [com.apple.xpc:connection] [0x906c89400] invalidated after a failed init
2026-05-21 01:45:12.072210,Mac Failed Login,70,Medium,Mac Local System,2026-05-21 01:45:12.072 E  ecosystemd[6857:6610d0] (EcosystemAnalytics) EcosystemAnalytics.framework:RosettaCoordinator: getCodeSignatureInfo: SecStaticCodeCreate Failed url: <private>
2026-05-21 01:45:12.072478,Mac Failed Login,70,Medium,Mac Local System,2026-05-21 01:45:12.072 Df ecosystemd[6857:6610d0] [com.apple.xpc:connection] [0x906c89400] failed to do a bootstrap look-up: xpc_error=[159: Unknown error: 159]
2026-05-21 01:45:12.072554,Mac Failed Login,70,Medium,Mac Local System,2026-05-21 01:45:12.072 Df ecosystemd[6857:6610d0] [com.apple.xpc:connection] [0x906c89400] invalidated after a failed init
2026-05-21 01:45:12.073667,Mac Failed Login,70,Medium,Mac Local System,2026-05-21 01:45:12.073 E  ecosystemd[6857:6610d0] (EcosystemAnalytics) EcosystemAnalytics.framework:RosettaCoordinator: getCodeSignatureInfo: SecStaticCodeCreate Failed url: <private>
2026-05-21 01:45:12.086160,Mac Failed Login,70,Medium,Mac Local System,2026-05-21 01:45:12.085 Df ecosystemanalyticsd[53070:660b6c] [com.apple.xpc:connection] [0xa56c7c640] failed to do a bootstrap look-up: xpc_error=[159: Unknown error: 159]
2026-05-21 01:45:12.086284,Mac Failed Login,70,Medium,Mac Local System,2026-05-21 01:45:12.086 Df ecosystemanalyticsd[53070:660b6c] [com.apple.xpc:connection] [0xa56c7c640] invalidated after a failed init
2026-05-21 01:45:12.107897,Mac Failed Login,70,Medium,Mac Local System,2026-05-21 01:45:12.107 Df ecosystemanalyticsd[53070:660b6c] [com.apple.xpc:connection] [0xa56c7c640] failed to do a bootstrap look-up: xpc_error=[159: Unknown error: 159]
2026-05-21 01:45:12.108020,Mac Failed Login,70,Medium,Mac Local System,2026-05-21 01:45:12.107 Df ecosystemanalyticsd[53070:660b6c] [com.apple.xpc:connection] [0xa56c7c640] invalidated after a failed init
2026-05-21 01:45:12.108144,Mac Failed Login,70,Medium,Mac Local System,2026-05-21 01:45:12.107 Df ecosystemd[6857:6610d0] [com.apple.xpc:connection] [0x906c89400] failed to do a bootstrap look-up: xpc_error=[159: Unknown error: 159]
2026-05-21 01:45:12.108258,Mac Failed Login,70,Medium,Mac Local System,2026-05-21 01:45:12.108 Df ecosystemd[6857:6610d0] [com.apple.xpc:connection] [0x906c89400] invalidated after a failed init
2026-05-21 01:45:12.110098,Mac Failed Login,70,Medium,Mac Local System,2026-05-21 01:45:12.109 E  ecosystemd[6857:6610d0] (EcosystemAnalytics) EcosystemAnalytics.framework:RosettaCoordinator: getCodeSignatureInfo: SecStaticCodeCreate Failed url: <private>
2026-05-21 01:45:12.110838,Mac Failed Login,70,Medium,Mac Local System,2026-05-21 01:45:12.110 Df ecosystemd[6857:6610d0] [com.apple.xpc:connection] [0x906c89400] failed to do a bootstrap look-up: xpc_error=[159: Unknown error: 159]
2026-05-21 01:45:12.110925,Mac Failed Login,70,Medium,Mac Local System,2026-05-21 01:45:12.110 Df ecosystemd[6857:6610d0] [com.apple.xpc:connection] [0x906c89400] invalidated after a failed init
2026-05-21 01:45:12.112392,Mac Failed Login,70,Medium,Mac Local System,2026-05-21 01:45:12.112 E  ecosystemd[6857:6610d0] (EcosystemAnalytics) EcosystemAnalytics.framework:RosettaCoordinator: getCodeSignatureInfo: SecStaticCodeCreate Failed url: <private>
2026-05-21 01:45:12.123364,Mac Failed Login,70,Medium,Mac Local System,2026-05-21 01:45:12.123 Df ecosystemanalyticsd[53070:660b6c] [com.apple.xpc:connection] [0xa56c7c640] failed to do a bootstrap look-up: xpc_error=[159: Unknown error: 159]
2026-05-21 01:45:12.123480,Mac Failed Login,70,Medium,Mac Local System,2026-05-21 01:45:12.123 Df ecosystemanalyticsd[53070:660b6c] [com.apple.xpc:connection] [0xa56c7c640] invalidated after a failed init
2026-05-21 01:45:12.142592,Mac Failed Login,70,Medium,Mac Local System,2026-05-21 01:45:12.142 Df ecosystemd[6857:6610d0] [com.apple.xpc:connection] [0x906c89400] failed to do a bootstrap look-up: xpc_error=[159: Unknown error: 159]
2026-05-21 01:45:12.142727,Mac Failed Login,70,Medium,Mac Local System,2026-05-21 01:45:12.142 Df ecosystemd[6857:6610d0] [com.apple.xpc:connection] [0x906c89400] invalidated after a failed init
2026-05-21 01:45:12.144329,Mac Failed Login,70,Medium,Mac Local System,2026-05-21 01:45:12.144 E  ecosystemd[6857:6610d0] (EcosystemAnalytics) EcosystemAnalytics.framework:RosettaCoordinator: getCodeSignatureInfo: SecStaticCodeCreate Failed url: <private>
2026-05-21 01:45:12.144719,Mac Failed Login,70,Medium,Mac Local System,2026-05-21 01:45:12.144 Df ecosystemd[6857:6610d0] [com.apple.xpc:connection] [0x906c89400] failed to do a bootstrap look-up: xpc_error=[159: Unknown error: 159]
2026-05-21 01:45:12.144786,Mac Failed Login,70,Medium,Mac Local System,2026-05-21 01:45:12.144 Df ecosystemd[6857:6610d0] [com.apple.xpc:connection] [0x906c89400] invalidated after a failed init
2026-05-21 01:45:12.146067,Mac Failed Login,70,Medium,Mac Local System,2026-05-21 01:45:12.145 E  ecosystemd[6857:6610d0] (EcosystemAnalytics) EcosystemAnalytics.framework:RosettaCoordinator: getCodeSignatureInfo: SecStaticCodeCreate Failed url: <private>
2026-05-21 01:45:12.355165,Mac Failed Login,70,Medium,Mac Local System,2026-05-21 01:45:12.354 Df Safari[7310:5acf9] [com.apple.WebKit:Layers] WebContent[12127] 0xbe55f0008 - [webPageID=9258] WebPage::markLayersVolatile: Failed to mark layers as volatile within 2000ms
2026-05-21 01:45:12.355822,Mac Failed Login,70,Medium,Mac Local System,2026-05-21 01:45:12.354 E  Safari[7310:5acf9] [com.apple.WebKit:ProcessSuspension] WebContent[12127] 0x10f05c100 - [sessionID=2] WebProcess::markAllLayersVolatile: Failed to mark layers as volatile for webPageID=9258
2026-05-21 01:45:15.530188,Mac Failed Login,70,Medium,Mac Local System,2026-05-21 01:45:15.530 Df ecosystemanalyticsd[53070:660b6c] [com.apple.xpc:connection] [0xa56c7c640] failed to do a bootstrap look-up: xpc_error=[159: Unknown error: 159]
2026-05-21 01:45:15.530385,Mac Failed Login,70,Medium,Mac Local System,2026-05-21 01:45:15.530 Df ecosystemanalyticsd[53070:660b6c] [com.apple.xpc:connection] [0xa56c7c640] invalidated after a failed init
2026-05-21 01:45:15.554493,Mac Failed Login,70,Medium,Mac Local System,2026-05-21 01:45:15.554 Df ecosystemanalyticsd[53070:660b6c] [com.apple.xpc:connection] [0xa56c7c640] failed to do a bootstrap look-up: xpc_error=[159: Unknown error: 159]
2026-05-21 01:45:15.554605,Mac Failed Login,70,Medium,Mac Local System,2026-05-21 01:45:15.554 Df ecosystemanalyticsd[53070:660b6c] [com.apple.xpc:connection] [0xa56c7c640] invalidated after a failed init
2026-05-21 01:45:15.555294,Mac Failed Login,70,Medium,Mac Local System,2026-05-21 01:45:15.555 Df ecosystemd[6857:6610d0] [com.apple.xpc:connection] [0x906c89400] failed to do a bootstrap look-up: xpc_error=[159: Unknown error: 159]
2026-05-21 01:45:15.555382,Mac Failed Login,70,Medium,Mac Local System,2026-05-21 01:45:15.555 Df ecosystemd[6857:6610d0] [com.apple.xpc:connection] [0x906c89400] invalidated after a failed init
2026-05-21 01:45:15.556634,Mac Failed Login,70,Medium,Mac Local System,2026-05-21 01:45:15.556 E  ecosystemd[6857:6610d0] (EcosystemAnalytics) EcosystemAnalytics.framework:RosettaCoordinator: getCodeSignatureInfo: SecStaticCodeCreate Failed url: <private>
2026-05-21 01:45:15.576471,Mac Failed Login,70,Medium,Mac Local System,2026-05-21 01:45:15.576 Df ecosystemanalyticsd[53070:660b6c] [com.apple.xpc:connection] [0xa56c7c640] failed to do a bootstrap look-up: xpc_error=[159: Unknown error: 159]
2026-05-21 01:45:15.576569,Mac Failed Login,70,Medium,Mac Local System,2026-05-21 01:45:15.576 Df ecosystemanalyticsd[53070:660b6c] [com.apple.xpc:connection] [0xa56c7c640] invalidated after a failed init
2026-05-21 01:45:15.577737,Mac Failed Login,70,Medium,Mac Local System,2026-05-21 01:45:15.577 Df ecosystemd[6857:6610d1] [com.apple.xpc:connection] [0x906c89400] failed to do a bootstrap look-up: xpc_error=[159: Unknown error: 159]
2026-05-21 01:45:15.577827,Mac Failed Login,70,Medium,Mac Local System,2026-05-21 01:45:15.577 Df ecosystemd[6857:6610d1] [com.apple.xpc:connection] [0x906c89400] invalidated after a failed init
2026-05-21 01:45:15.580405,Mac Failed Login,70,Medium,Mac Local System,2026-05-21 01:45:15.580 E  ecosystemd[6857:6610d1] (EcosystemAnalytics) EcosystemAnalytics.framework:RosettaCoordinator: getCodeSignatureInfo: SecStaticCodeCreate Failed url: <private>
2026-05-21 01:45:15.601874,Mac Failed Login,70,Medium,Mac Local System,2026-05-21 01:45:15.601 Df ecosystemanalyticsd[53070:660b6c] [com.apple.xpc:connection] [0xa56c7c640] failed to do a bootstrap look-up: xpc_error=[159: Unknown error: 159]
2026-05-21 01:45:15.602025,Mac Failed Login,70,Medium,Mac Local System,2026-05-21 01:45:15.601 Df ecosystemd[6857:6610d1] [com.apple.xpc:connection] [0x906c89400] failed to do a bootstrap look-up: xpc_error=[159: Unknown error: 159]
2026-05-21 01:45:15.602107,Mac Failed Login,70,Medium,Mac Local System,2026-05-21 01:45:15.601 Df ecosystemd[6857:6610d1] [com.apple.xpc:connection] [0x906c89400] invalidated after a failed init
2026-05-21 01:45:15.602545,Mac Failed Login,70,Medium,Mac Local System,2026-05-21 01:45:15.602 Df ecosystemanalyticsd[53070:660b6c] [com.apple.xpc:connection] [0xa56c7c640] invalidated after a failed init
2026-05-21 01:45:15.605545,Mac Failed Login,70,Medium,Mac Local System,2026-05-21 01:45:15.605 E  ecosystemd[6857:6610d1] (EcosystemAnalytics) EcosystemAnalytics.framework:RosettaCoordinator: getCodeSignatureInfo: SecStaticCodeCreate Failed url: <private>
2026-05-21 01:45:15.643135,Mac Failed Login,70,Medium,Mac Local System,2026-05-21 01:45:15.642 Df ecosystemd[6857:6610d0] [com.apple.xpc:connection] [0x906c89400] failed to do a bootstrap look-up: xpc_error=[159: Unknown error: 159]
2026-05-21 01:45:15.643332,Mac Failed Login,70,Medium,Mac Local System,2026-05-21 01:45:15.643 Df ecosystemd[6857:6610d0] [com.apple.xpc:connection] [0x906c89400] invalidated after a failed init
2026-05-21 01:45:15.644043,Mac Failed Login,70,Medium,Mac Local System,2026-05-21 01:45:15.643 Df ecosystemanalyticsd[53070:660b6c] [com.apple.xpc:connection] [0xa56c7c640] failed to do a bootstrap look-up: xpc_error=[159: Unknown error: 159]
2026-05-21 01:45:15.644206,Mac Failed Login,70,Medium,Mac Local System,2026-05-21 01:45:15.643 Df ecosystemanalyticsd[53070:660b6c] [com.apple.xpc:connection] [0xa56c7c640] invalidated after a failed init
2026-05-21 01:45:15.647316,Mac Failed Login,70,Medium,Mac Local System,2026-05-21 01:45:15.647 E  ecosystemd[6857:6610d0] (EcosystemAnalytics) EcosystemAnalytics.framework:RosettaCoordinator: getCodeSignatureInfo: SecStaticCodeCreate Failed url: <private>
2026-05-21 01:45:15.670652,Mac Failed Login,70,Medium,Mac Local System,2026-05-21 01:45:15.670 Df ecosystemanalyticsd[53070:660b6c] [com.apple.xpc:connection] [0xa56c7c640] failed to do a bootstrap look-up: xpc_error=[159: Unknown error: 159]
2026-05-21 01:45:15.670839,Mac Failed Login,70,Medium,Mac Local System,2026-05-21 01:45:15.670 Df ecosystemanalyticsd[53070:660b6c] [com.apple.xpc:connection] [0xa56c7c640] invalidated after a failed init
2026-05-21 01:45:15.671325,Mac Failed Login,70,Medium,Mac Local System,2026-05-21 01:45:15.671 Df ecosystemd[6857:6610d0] [com.apple.xpc:connection] [0x906c89400] failed to do a bootstrap look-up: xpc_error=[159: Unknown error: 159]
2026-05-21 01:45:15.671467,Mac Failed Login,70,Medium,Mac Local System,2026-05-21 01:45:15.671 Df ecosystemd[6857:6610d0] [com.apple.xpc:connection] [0x906c89400] invalidated after a failed init
2026-05-21 01:45:15.672854,Mac Failed Login,70,Medium,Mac Local System,2026-05-21 01:45:15.672 E  ecosystemd[6857:6610d0] (EcosystemAnalytics) EcosystemAnalytics.framework:RosettaCoordinator: getCodeSignatureInfo: SecStaticCodeCreate Failed url: <private>
2026-05-21 01:45:15.700972,Mac Failed Login,70,Medium,Mac Local System,2026-05-21 01:45:15.700 Df ecosystemanalyticsd[53070:660b6c] [com.apple.xpc:connection] [0xa56c7c640] failed to do a bootstrap look-up: xpc_error=[159: Unknown error: 159]
2026-05-21 01:45:15.701164,Mac Failed Login,70,Medium,Mac Local System,2026-05-21 01:45:15.700 Df ecosystemanalyticsd[53070:660b6c] [com.apple.xpc:connection] [0xa56c7c640] invalidated after a failed init
2026-05-21 01:45:15.702007,Mac Failed Login,70,Medium,Mac Local System,2026-05-21 01:45:15.701 Df ecosystemd[6857:660f0f] [com.apple.xpc:connection] [0x906c89400] failed to do a bootstrap look-up: xpc_error=[159: Unknown error: 159]
2026-05-21 01:45:15.702158,Mac Failed Login,70,Medium,Mac Local System,2026-05-21 01:45:15.701 Df ecosystemd[6857:660f0f] [com.apple.xpc:connection] [0x906c89400] invalidated after a failed init
2026-05-21 01:45:15.705722,Mac Failed Login,70,Medium,Mac Local System,2026-05-21 01:45:15.705 E  ecosystemd[6857:660f0f] (EcosystemAnalytics) EcosystemAnalytics.framework:RosettaCoordinator: getCodeSignatureInfo: SecStaticCodeCreate Failed url: <private>
2026-05-21 01:45:15.719925,Mac Failed Login,70,Medium,Mac Local System,2026-05-21 01:45:15.719 Df ecosystemanalyticsd[53070:660b6c] [com.apple.xpc:connection] [0xa56c7c640] failed to do a bootstrap look-up: xpc_error=[159: Unknown error: 159]
2026-05-21 01:45:15.720123,Mac Failed Login,70,Medium,Mac Local System,2026-05-21 01:45:15.719 Df ecosystemanalyticsd[53070:660b6c] [com.apple.xpc:connection] [0xa56c7c640] invalidated after a failed init
2026-05-21 01:45:15.720177,Mac Failed Login,70,Medium,Mac Local System,2026-05-21 01:45:15.719 Df ecosystemd[6857:660f0f] [com.apple.xpc:connection] [0x906c89400] failed to do a bootstrap look-up: xpc_error=[159: Unknown error: 159]
2026-05-21 01:45:15.720286,Mac Failed Login,70,Medium,Mac Local System,2026-05-21 01:45:15.720 Df ecosystemd[6857:660f0f] [com.apple.xpc:connection] [0x906c89400] invalidated after a failed init
2026-05-21 01:45:15.721278,Mac Failed Login,70,Medium,Mac Local System,2026-05-21 01:45:15.721 E  ecosystemd[6857:660f0f] (EcosystemAnalytics) EcosystemAnalytics.framework:RosettaCoordinator: getCodeSignatureInfo: SecStaticCodeCreate Failed url: <private>
2026-05-21 01:45:15.743363,Mac Failed Login,70,Medium,Mac Local System,2026-05-21 01:45:15.743 Df ecosystemd[6857:6610d1] [com.apple.xpc:connection] [0x906c89400] failed to do a bootstrap look-up: xpc_error=[159: Unknown error: 159]
2026-05-21 01:45:15.743596,Mac Failed Login,70,Medium,Mac Local System,2026-05-21 01:45:15.743 Df ecosystemd[6857:6610d1] [com.apple.xpc:connection] [0x906c89400] invalidated after a failed init
2026-05-21 01:45:15.743798,Mac Failed Login,70,Medium,Mac Local System,2026-05-21 01:45:15.743 Df ecosystemanalyticsd[53070:660b6c] [com.apple.xpc:connection] [0xa56c7c640] failed to do a bootstrap look-up: xpc_error=[159: Unknown error: 159]
2026-05-21 01:45:15.743883,Mac Failed Login,70,Medium,Mac Local System,2026-05-21 01:45:15.743 Df ecosystemanalyticsd[53070:660b6c] [com.apple.xpc:connection] [0xa56c7c640] invalidated after a failed init
2026-05-21 01:45:15.745376,Mac Failed Login,70,Medium,Mac Local System,2026-05-21 01:45:15.745 E  ecosystemd[6857:6610d1] (EcosystemAnalytics) EcosystemAnalytics.framework:RosettaCoordinator: getCodeSignatureInfo: SecStaticCodeCreate Failed url: <private>
2026-05-21 01:45:15.766549,Mac Failed Login,70,Medium,Mac Local System,2026-05-21 01:45:15.766 Df ecosystemanalyticsd[53070:660b6c] [com.apple.xpc:connection] [0xa56c7c640] failed to do a bootstrap look-up: xpc_error=[159: Unknown error: 159]
2026-05-21 01:45:15.766825,Mac Failed Login,70,Medium,Mac Local System,2026-05-21 01:45:15.766 Df ecosystemanalyticsd[53070:660b6c] [com.apple.xpc:connection] [0xa56c7c640] invalidated after a failed init
2026-05-21 01:45:15.767800,Mac Failed Login,70,Medium,Mac Local System,2026-05-21 01:45:15.767 Df ecosystemd[6857:6610d1] [com.apple.xpc:connection] [0x906c89400] failed to do a bootstrap look-up: xpc_error=[159: Unknown error: 159]
2026-05-21 01:45:15.767920,Mac Failed Login,70,Medium,Mac Local System,2026-05-21 01:45:15.767 Df ecosystemd[6857:6610d1] [com.apple.xpc:connection] [0x906c89400] invalidated after a failed init
2026-05-21 01:45:15.769693,Mac Failed Login,70,Medium,Mac Local System,2026-05-21 01:45:15.769 E  ecosystemd[6857:6610d1] (EcosystemAnalytics) EcosystemAnalytics.framework:RosettaCoordinator: getCodeSignatureInfo: SecStaticCodeCreate Failed url: <private>
2026-05-21 01:45:15.798125,Mac Failed Login,70,Medium,Mac Local System,2026-05-21 01:45:15.797 Df ecosystemd[6857:6610d0] [com.apple.xpc:connection] [0x906c89400] failed to do a bootstrap look-up: xpc_error=[159: Unknown error: 159]
2026-05-21 01:45:15.798404,Mac Failed Login,70,Medium,Mac Local System,2026-05-21 01:45:15.798 Df ecosystemanalyticsd[53070:660b6c] [com.apple.xpc:connection] [0xa56c7c640] failed to do a bootstrap look-up: xpc_error=[159: Unknown error: 159]
2026-05-21 01:45:15.798490,Mac Failed Login,70,Medium,Mac Local System,2026-05-21 01:45:15.798 Df ecosystemanalyticsd[53070:660b6c] [com.apple.xpc:connection] [0xa56c7c640] invalidated after a failed init
2026-05-21 01:45:15.798702,Mac Failed Login,70,Medium,Mac Local System,2026-05-21 01:45:15.797 Df ecosystemd[6857:6610d0] [com.apple.xpc:connection] [0x906c89400] invalidated after a failed init
2026-05-21 01:45:15.800687,Mac Failed Login,70,Medium,Mac Local System,2026-05-21 01:45:15.800 E  ecosystemd[6857:6610d0] (EcosystemAnalytics) EcosystemAnalytics.framework:RosettaCoordinator: getCodeSignatureInfo: SecStaticCodeCreate Failed url: <private>
2026-05-21 01:45:15.819813,Mac Failed Login,70,Medium,Mac Local System,2026-05-21 01:45:15.819 Df ecosystemanalyticsd[53070:660b6c] [com.apple.xpc:connection] [0xa56c7c640] failed to do a bootstrap look-up: xpc_error=[159: Unknown error: 159]
2026-05-21 01:45:15.820025,Mac Failed Login,70,Medium,Mac Local System,2026-05-21 01:45:15.819 Df ecosystemanalyticsd[53070:660b6c] [com.apple.xpc:connection] [0xa56c7c640] invalidated after a failed init
2026-05-21 01:45:15.820882,Mac Failed Login,70,Medium,Mac Local System,2026-05-21 01:45:15.820 Df ecosystemd[6857:6610d0] [com.apple.xpc:connection] [0x906c89400] failed to do a bootstrap look-up: xpc_error=[159: Unknown error: 159]
2026-05-21 01:45:15.820967,Mac Failed Login,70,Medium,Mac Local System,2026-05-21 01:45:15.820 Df ecosystemd[6857:6610d0] [com.apple.xpc:connection] [0x906c89400] invalidated after a failed init
2026-05-21 01:45:15.822131,Mac Failed Login,70,Medium,Mac Local System,2026-05-21 01:45:15.821 E  ecosystemd[6857:6610d0] (EcosystemAnalytics) EcosystemAnalytics.framework:RosettaCoordinator: getCodeSignatureInfo: SecStaticCodeCreate Failed url: <private>
2026-05-21 01:45:15.847032,Mac Failed Login,70,Medium,Mac Local System,2026-05-21 01:45:15.846 Df ecosystemd[6857:660f0f] [com.apple.xpc:connection] [0x906c89400] failed to do a bootstrap look-up: xpc_error=[159: Unknown error: 159]
2026-05-21 01:45:15.847256,Mac Failed Login,70,Medium,Mac Local System,2026-05-21 01:45:15.846 Df ecosystemd[6857:660f0f] [com.apple.xpc:connection] [0x906c89400] invalidated after a failed init
2026-05-21 01:45:15.847970,Mac Failed Login,70,Medium,Mac Local System,2026-05-21 01:45:15.847 Df ecosystemanalyticsd[53070:660b6c] [com.apple.xpc:connection] [0xa56c7c640] failed to do a bootstrap look-up: xpc_error=[159: Unknown error: 159]
2026-05-21 01:45:15.848065,Mac Failed Login,70,Medium,Mac Local System,2026-05-21 01:45:15.847 Df ecosystemanalyticsd[53070:660b6c] [com.apple.xpc:connection] [0xa56c7c640] invalidated after a failed init
2026-05-21 01:45:15.849679,Mac Failed Login,70,Medium,Mac Local System,2026-05-21 01:45:15.849 E  ecosystemd[6857:660f0f] (EcosystemAnalytics) EcosystemAnalytics.framework:RosettaCoordinator: getCodeSignatureInfo: SecStaticCodeCreate Failed url: <private>
2026-05-21 01:45:15.868933,Mac Failed Login,70,Medium,Mac Local System,2026-05-21 01:45:15.868 Df ecosystemanalyticsd[53070:660b6c] [com.apple.xpc:connection] [0xa56c7c640] failed to do a bootstrap look-up: xpc_error=[159: Unknown error: 159]
2026-05-21 01:45:15.869161,Mac Failed Login,70,Medium,Mac Local System,2026-05-21 01:45:15.868 Df ecosystemanalyticsd[53070:660b6c] [com.apple.xpc:connection] [0xa56c7c640] invalidated after a failed init
2026-05-21 01:45:15.870247,Mac Failed Login,70,Medium,Mac Local System,2026-05-21 01:45:15.869 Df ecosystemd[6857:660f0f] [com.apple.xpc:connection] [0x906c89400] failed to do a bootstrap look-up: xpc_error=[159: Unknown error: 159]
2026-05-21 01:45:15.870358,Mac Failed Login,70,Medium,Mac Local System,2026-05-21 01:45:15.870 Df ecosystemd[6857:660f0f] [com.apple.xpc:connection] [0x906c89400] invalidated after a failed init
2026-05-21 01:45:15.871822,Mac Failed Login,70,Medium,Mac Local System,2026-05-21 01:45:15.871 E  ecosystemd[6857:660f0f] (EcosystemAnalytics) EcosystemAnalytics.framework:RosettaCoordinator: getCodeSignatureInfo: SecStaticCodeCreate Failed url: <private>
2026-05-21 01:45:15.900836,Mac Failed Login,70,Medium,Mac Local System,2026-05-21 01:45:15.900 Df ecosystemd[6857:6610d0] [com.apple.xpc:connection] [0x906c89400] failed to do a bootstrap look-up: xpc_error=[159: Unknown error: 159]
2026-05-21 01:45:15.901080,Mac Failed Login,70,Medium,Mac Local System,2026-05-21 01:45:15.900 Df ecosystemd[6857:6610d0] [com.apple.xpc:connection] [0x906c89400] invalidated after a failed init
2026-05-21 01:45:15.902390,Mac Failed Login,70,Medium,Mac Local System,2026-05-21 01:45:15.902 E  ecosystemd[6857:6610d0] (EcosystemAnalytics) EcosystemAnalytics.framework:RosettaCoordinator: getCodeSignatureInfo: SecStaticCodeCreate Failed url: <private>
2026-05-21 01:45:21.564027,Mac Failed Login,70,Medium,Mac Local System,2026-05-21 01:45:21.563 Df ecosystemanalyticsd[53070:660b6c] [com.apple.xpc:connection] [0xa56c7c640] failed to do a bootstrap look-up: xpc_error=[159: Unknown error: 159]
2026-05-21 01:45:21.564137,Mac Failed Login,70,Medium,Mac Local System,2026-05-21 01:45:21.563 Df ecosystemanalyticsd[53070:660b6c] [com.apple.xpc:connection] [0xa56c7c640] invalidated after a failed init
2026-05-21 01:45:21.565353,Mac Failed Login,70,Medium,Mac Local System,2026-05-21 01:45:21.565 E  ecosystemanalyticsd[53070:660b6c] (EcosystemAnalytics) EcosystemAnalytics.framework:RosettaCoordinator: getCodeSignatureInfo: SecStaticCodeCreate Failed url: <private>
2026-05-21 01:45:21.572878,Mac Failed Login,70,Medium,Mac Local System,2026-05-21 01:45:21.572 Df ecosystemanalyticsd[53070:660b6c] [com.apple.xpc:connection] [0xa56c7c640] failed to do a bootstrap look-up: xpc_error=[159: Unknown error: 159]
2026-05-21 01:45:21.573013,Mac Failed Login,70,Medium,Mac Local System,2026-05-21 01:45:21.572 Df ecosystemd[6857:6610d0] [com.apple.xpc:connection] [0x906c89400] failed to do a bootstrap look-up: xpc_error=[159: Unknown error: 159]
2026-05-21 01:45:21.573076,Mac Failed Login,70,Medium,Mac Local System,2026-05-21 01:45:21.572 Df ecosystemanalyticsd[53070:660b6c] [com.apple.xpc:connection] [0xa56c7c640] invalidated after a failed init
2026-05-21 01:45:21.573133,Mac Failed Login,70,Medium,Mac Local System,2026-05-21 01:45:21.572 Df ecosystemd[6857:6610d0] [com.apple.xpc:connection] [0x906c89400] invalidated after a failed init
2026-05-21 01:45:21.574960,Mac Failed Login,70,Medium,Mac Local System,2026-05-21 01:45:21.574 E  ecosystemanalyticsd[53070:660b6c] (EcosystemAnalytics) EcosystemAnalytics.framework:RosettaCoordinator: getCodeSignatureInfo: SecStaticCodeCreate Failed url: <private>
2026-05-21 01:45:21.587898,Mac Failed Login,70,Medium,Mac Local System,2026-05-21 01:45:21.587 Df ecosystemd[6857:6610d0] [com.apple.xpc:connection] [0x906c89400] failed to do a bootstrap look-up: xpc_error=[159: Unknown error: 159]
2026-05-21 01:45:21.588089,Mac Failed Login,70,Medium,Mac Local System,2026-05-21 01:45:21.587 Df ecosystemd[6857:6610d0] [com.apple.xpc:connection] [0x906c89400] invalidated after a failed init
2026-05-21 01:45:21.593687,Mac Failed Login,70,Medium,Mac Local System,2026-05-21 01:45:21.593 Df ecosystemanalyticsd[53070:660b6c] [com.apple.xpc:connection] [0xa56c7c640] failed to do a bootstrap look-up: xpc_error=[159: Unknown error: 159]
2026-05-21 01:45:21.593778,Mac Failed Login,70,Medium,Mac Local System,2026-05-21 01:45:21.593 Df ecosystemanalyticsd[53070:660b6c] [com.apple.xpc:connection] [0xa56c7c640] invalidated after a failed init
2026-05-21 01:45:21.594708,Mac Failed Login,70,Medium,Mac Local System,2026-05-21 01:45:21.594 E  ecosystemanalyticsd[53070:660b6c] (EcosystemAnalytics) EcosystemAnalytics.framework:RosettaCoordinator: getCodeSignatureInfo: SecStaticCodeCreate Failed url: <private>
2026-05-21 01:45:21.603341,Mac Failed Login,70,Medium,Mac Local System,2026-05-21 01:45:21.603 Df ecosystemanalyticsd[53070:660b6c] [com.apple.xpc:connection] [0xa56c7c640] failed to do a bootstrap look-up: xpc_error=[159: Unknown error: 159]
2026-05-21 01:45:21.603446,Mac Failed Login,70,Medium,Mac Local System,2026-05-21 01:45:21.603 Df ecosystemanalyticsd[53070:660b6c] [com.apple.xpc:connection] [0xa56c7c640] invalidated after a failed init
2026-05-21 01:45:21.604339,Mac Failed Login,70,Medium,Mac Local System,2026-05-21 01:45:21.604 E  ecosystemanalyticsd[53070:660b6c] (EcosystemAnalytics) EcosystemAnalytics.framework:RosettaCoordinator: getCodeSignatureInfo: SecStaticCodeCreate Failed url: <private>
2026-05-21 01:45:21.609642,Mac Failed Login,70,Medium,Mac Local System,2026-05-21 01:45:21.609 Df ecosystemd[6857:6610d0] [com.apple.xpc:connection] [0x906c89400] failed to do a bootstrap look-up: xpc_error=[159: Unknown error: 159]
2026-05-21 01:45:21.609806,Mac Failed Login,70,Medium,Mac Local System,2026-05-21 01:45:21.609 Df ecosystemd[6857:6610d0] [com.apple.xpc:connection] [0x906c89400] invalidated after a failed init
2026-05-21 01:45:21.620792,Mac Failed Login,70,Medium,Mac Local System,2026-05-21 01:45:21.620 Df ecosystemanalyticsd[53070:660b6c] [com.apple.xpc:connection] [0xa56c7c640] failed to do a bootstrap look-up: xpc_error=[159: Unknown error: 159]
2026-05-21 01:45:21.620873,Mac Failed Login,70,Medium,Mac Local System,2026-05-21 01:45:21.620 Df ecosystemanalyticsd[53070:660b6c] [com.apple.xpc:connection] [0xa56c7c640] invalidated after a failed init
2026-05-21 01:45:21.621730,Mac Failed Login,70,Medium,Mac Local System,2026-05-21 01:45:21.621 E  ecosystemanalyticsd[53070:660b6c] (EcosystemAnalytics) EcosystemAnalytics.framework:RosettaCoordinator: getCodeSignatureInfo: SecStaticCodeCreate Failed url: <private>
2026-05-21 01:45:21.626860,Mac Failed Login,70,Medium,Mac Local System,2026-05-21 01:45:21.626 Df ecosystemd[6857:6610d0] [com.apple.xpc:connection] [0x906c89400] failed to do a bootstrap look-up: xpc_error=[159: Unknown error: 159]
2026-05-21 01:45:21.626959,Mac Failed Login,70,Medium,Mac Local System,2026-05-21 01:45:21.626 Df ecosystemd[6857:6610d0] [com.apple.xpc:connection] [0x906c89400] invalidated after a failed init
2026-05-21 01:45:21.629161,Mac Failed Login,70,Medium,Mac Local System,2026-05-21 01:45:21.629 Df ecosystemanalyticsd[53070:660b6c] [com.apple.xpc:connection] [0xa56c7c640] failed to do a bootstrap look-up: xpc_error=[159: Unknown error: 159]
2026-05-21 01:45:21.629261,Mac Failed Login,70,Medium,Mac Local System,2026-05-21 01:45:21.629 Df ecosystemanalyticsd[53070:660b6c] [com.apple.xpc:connection] [0xa56c7c640] invalidated after a failed init
2026-05-21 01:45:21.630416,Mac Failed Login,70,Medium,Mac Local System,2026-05-21 01:45:21.630 E  ecosystemanalyticsd[53070:660b6c] (EcosystemAnalytics) EcosystemAnalytics.framework:RosettaCoordinator: getCodeSignatureInfo: SecStaticCodeCreate Failed url: <private>
2026-05-21 01:45:21.643704,Mac Failed Login,70,Medium,Mac Local System,2026-05-21 01:45:21.643 Df ecosystemanalyticsd[53070:660b6c] [com.apple.xpc:connection] [0xa56c7c640] failed to do a bootstrap look-up: xpc_error=[159: Unknown error: 159]
2026-05-21 01:45:21.643883,Mac Failed Login,70,Medium,Mac Local System,2026-05-21 01:45:21.643 Df ecosystemanalyticsd[53070:660b6c] [com.apple.xpc:connection] [0xa56c7c640] invalidated after a failed init
2026-05-21 01:45:21.645269,Mac Failed Login,70,Medium,Mac Local System,2026-05-21 01:45:21.645 E  ecosystemanalyticsd[53070:660b6c] (EcosystemAnalytics) EcosystemAnalytics.framework:RosettaCoordinator: getCodeSignatureInfo: SecStaticCodeCreate Failed url: <private>
2026-05-21 01:45:21.650684,Mac Failed Login,70,Medium,Mac Local System,2026-05-21 01:45:21.650 Df ecosystemd[6857:6610d0] [com.apple.xpc:connection] [0x906c89400] failed to do a bootstrap look-up: xpc_error=[159: Unknown error: 159]
2026-05-21 01:45:21.650959,Mac Failed Login,70,Medium,Mac Local System,2026-05-21 01:45:21.650 Df ecosystemd[6857:6610d0] [com.apple.xpc:connection] [0x906c89400] invalidated after a failed init
2026-05-21 01:45:21.657922,Mac Failed Login,70,Medium,Mac Local System,2026-05-21 01:45:21.657 Df ecosystemanalyticsd[53070:660b6c] [com.apple.xpc:connection] [0xa56c7c640] failed to do a bootstrap look-up: xpc_error=[159: Unknown error: 159]
2026-05-21 01:45:21.658115,Mac Failed Login,70,Medium,Mac Local System,2026-05-21 01:45:21.657 Df ecosystemanalyticsd[53070:660b6c] [com.apple.xpc:connection] [0xa56c7c640] invalidated after a failed init
2026-05-21 01:45:21.659827,Mac Failed Login,70,Medium,Mac Local System,2026-05-21 01:45:21.659 E  ecosystemanalyticsd[53070:660b6c] (EcosystemAnalytics) EcosystemAnalytics.framework:RosettaCoordinator: getCodeSignatureInfo: SecStaticCodeCreate Failed url: <private>
2026-05-21 01:45:21.674680,Mac Failed Login,70,Medium,Mac Local System,2026-05-21 01:45:21.674 Df ecosystemd[6857:6610d0] [com.apple.xpc:connection] [0x906c89400] failed to do a bootstrap look-up: xpc_error=[159: Unknown error: 159]
2026-05-21 01:45:21.674868,Mac Failed Login,70,Medium,Mac Local System,2026-05-21 01:45:21.674 Df ecosystemd[6857:6610d0] [com.apple.xpc:connection] [0x906c89400] invalidated after a failed init
2026-05-21 01:45:21.704292,Mac Failed Login,70,Medium,Mac Local System,2026-05-21 01:45:21.704 Df ecosystemd[6857:6610d0] [com.apple.xpc:connection] [0x906c89400] failed to do a bootstrap look-up: xpc_error=[159: Unknown error: 159]
2026-05-21 01:45:21.704487,Mac Failed Login,70,Medium,Mac Local System,2026-05-21 01:45:21.704 Df ecosystemd[6857:6610d0] [com.apple.xpc:connection] [0x906c89400] invalidated after a failed init
2026-05-21 01:45:21.725660,Mac Failed Login,70,Medium,Mac Local System,2026-05-21 01:45:21.725 Df ecosystemd[6857:6610d0] [com.apple.xpc:connection] [0x906c89400] failed to do a bootstrap look-up: xpc_error=[159: Unknown error: 159]
2026-05-21 01:45:21.725872,Mac Failed Login,70,Medium,Mac Local System,2026-05-21 01:45:21.725 Df ecosystemd[6857:6610d0] [com.apple.xpc:connection] [0x906c89400] invalidated after a failed init
2026-05-21 01:45:25.537198,Mac Failed Login,70,Medium,Mac Local System,2026-05-21 01:45:25.537 Df ecosystemanalyticsd[53070:660b6c] [com.apple.xpc:connection] [0xa56c7c640] failed to do a bootstrap look-up: xpc_error=[159: Unknown error: 159]
2026-05-21 01:45:25.537314,Mac Failed Login,70,Medium,Mac Local System,2026-05-21 01:45:25.537 Df ecosystemanalyticsd[53070:660b6c] [com.apple.xpc:connection] [0xa56c7c640] invalidated after a failed init
2026-05-21 01:45:25.568877,Mac Failed Login,70,Medium,Mac Local System,2026-05-21 01:45:25.568 Df ecosystemanalyticsd[53070:660b6c] [com.apple.xpc:connection] [0xa56c7c640] failed to do a bootstrap look-up: xpc_error=[159: Unknown error: 159]
2026-05-21 01:45:25.569101,Mac Failed Login,70,Medium,Mac Local System,2026-05-21 01:45:25.568 Df ecosystemanalyticsd[53070:660b6c] [com.apple.xpc:connection] [0xa56c7c640] invalidated after a failed init
2026-05-21 01:45:25.569223,Mac Failed Login,70,Medium,Mac Local System,2026-05-21 01:45:25.569 Df ecosystemd[6857:6610d0] [com.apple.xpc:connection] [0x906c89400] failed to do a bootstrap look-up: xpc_error=[159: Unknown error: 159]
2026-05-21 01:45:25.569315,Mac Failed Login,70,Medium,Mac Local System,2026-05-21 01:45:25.569 Df ecosystemd[6857:6610d0] [com.apple.xpc:connection] [0x906c89400] invalidated after a failed init
2026-05-21 01:45:25.571875,Mac Failed Login,70,Medium,Mac Local System,2026-05-21 01:45:25.571 E  ecosystemd[6857:6610d0] (EcosystemAnalytics) EcosystemAnalytics.framework:RosettaCoordinator: getCodeSignatureInfo: SecStaticCodeCreate Failed url: <private>
2026-05-21 01:45:25.597131,Mac Failed Login,70,Medium,Mac Local System,2026-05-21 01:45:25.596 Df ecosystemd[6857:6611f4] [com.apple.xpc:connection] [0x906c89400] failed to do a bootstrap look-up: xpc_error=[159: Unknown error: 159]
2026-05-21 01:45:25.597373,Mac Failed Login,70,Medium,Mac Local System,2026-05-21 01:45:25.596 Df ecosystemd[6857:6611f4] [com.apple.xpc:connection] [0x906c89400] invalidated after a failed init
2026-05-21 01:45:25.598770,Mac Failed Login,70,Medium,Mac Local System,2026-05-21 01:45:25.598 E  ecosystemd[6857:6611f4] (EcosystemAnalytics) EcosystemAnalytics.framework:RosettaCoordinator: getCodeSignatureInfo: SecStaticCodeCreate Failed url: <private>
2026-05-21 01:45:31.533948,Mac Failed Login,70,Medium,Mac Local System,2026-05-21 01:45:31.533 Df ecosystemanalyticsd[53070:660b6c] [com.apple.xpc:connection] [0xa56c7c640] failed to do a bootstrap look-up: xpc_error=[159: Unknown error: 159]
2026-05-21 01:45:31.534314,Mac Failed Login,70,Medium,Mac Local System,2026-05-21 01:45:31.533 Df ecosystemanalyticsd[53070:660b6c] [com.apple.xpc:connection] [0xa56c7c640] invalidated after a failed init
2026-05-21 01:45:31.568423,Mac Failed Login,70,Medium,Mac Local System,2026-05-21 01:45:31.568 Df ecosystemd[6857:6611f4] [com.apple.xpc:connection] [0x906c89400] failed to do a bootstrap look-up: xpc_error=[159: Unknown error: 159]
2026-05-21 01:45:31.568567,Mac Failed Login,70,Medium,Mac Local System,2026-05-21 01:45:31.568 Df ecosystemanalyticsd[53070:660b6c] [com.apple.xpc:connection] [0xa56c7c640] failed to do a bootstrap look-up: xpc_error=[159: Unknown error: 159]
2026-05-21 01:45:31.568623,Mac Failed Login,70,Medium,Mac Local System,2026-05-21 01:45:31.568 Df ecosystemd[6857:6611f4] [com.apple.xpc:connection] [0x906c89400] invalidated after a failed init
2026-05-21 01:45:31.568679,Mac Failed Login,70,Medium,Mac Local System,2026-05-21 01:45:31.568 Df ecosystemanalyticsd[53070:660b6c] [com.apple.xpc:connection] [0xa56c7c640] invalidated after a failed init
2026-05-21 01:45:31.570368,Mac Failed Login,70,Medium,Mac Local System,2026-05-21 01:45:31.570 E  ecosystemd[6857:6611f4] (EcosystemAnalytics) EcosystemAnalytics.framework:RosettaCoordinator: getCodeSignatureInfo: SecStaticCodeCreate Failed url: <private>
2026-05-21 01:45:31.601362,Mac Failed Login,70,Medium,Mac Local System,2026-05-21 01:45:31.601 Df ecosystemd[6857:661252] [com.apple.xpc:connection] [0x906c89400] failed to do a bootstrap look-up: xpc_error=[159: Unknown error: 159]
2026-05-21 01:45:31.601463,Mac Failed Login,70,Medium,Mac Local System,2026-05-21 01:45:31.601 Df ecosystemd[6857:661252] [com.apple.xpc:connection] [0x906c89400] invalidated after a failed init
2026-05-21 01:45:31.602376,Mac Failed Login,70,Medium,Mac Local System,2026-05-21 01:45:31.602 E  ecosystemd[6857:661252] (EcosystemAnalytics) EcosystemAnalytics.framework:RosettaCoordinator: getCodeSignatureInfo: SecStaticCodeCreate Failed url: <private>
2026-05-21 01:45:31.761686,Mac Failed Login,70,Medium,Mac Local System,2026-05-21 01:45:31.761 Df ecosystemanalyticsd[53070:660b6c] [com.apple.xpc:connection] [0xa56c7c640] failed to do a bootstrap look-up: xpc_error=[159: Unknown error: 159]
2026-05-21 01:45:31.761795,Mac Failed Login,70,Medium,Mac Local System,2026-05-21 01:45:31.761 Df ecosystemanalyticsd[53070:660b6c] [com.apple.xpc:connection] [0xa56c7c640] invalidated after a failed init
2026-05-21 01:45:31.762668,Mac Failed Login,70,Medium,Mac Local System,2026-05-21 01:45:31.762 E  ecosystemanalyticsd[53070:660b6c] (EcosystemAnalytics) EcosystemAnalytics.framework:RosettaCoordinator: getCodeSignatureInfo: SecStaticCodeCreate Failed url: <private>
2026-05-21 01:45:31.771399,Mac Failed Login,70,Medium,Mac Local System,2026-05-21 01:45:31.771 Df ecosystemd[6857:661252] [com.apple.xpc:connection] [0x906c89400] failed to do a bootstrap look-up: xpc_error=[159: Unknown error: 159]
2026-05-21 01:45:31.771608,Mac Failed Login,70,Medium,Mac Local System,2026-05-21 01:45:31.771 Df ecosystemd[6857:661252] [com.apple.xpc:connection] [0x906c89400] invalidated after a failed init
2026-05-21 01:45:31.771950,Mac Failed Login,70,Medium,Mac Local System,2026-05-21 01:45:31.771 Df ecosystemanalyticsd[53070:660b6c] [com.apple.xpc:connection] [0xa56c7c640] failed to do a bootstrap look-up: xpc_error=[159: Unknown error: 159]
2026-05-21 01:45:31.772048,Mac Failed Login,70,Medium,Mac Local System,2026-05-21 01:45:31.771 Df ecosystemanalyticsd[53070:660b6c] [com.apple.xpc:connection] [0xa56c7c640] invalidated after a failed init
2026-05-21 01:45:31.773658,Mac Failed Login,70,Medium,Mac Local System,2026-05-21 01:45:31.773 E  ecosystemanalyticsd[53070:660b6c] (EcosystemAnalytics) EcosystemAnalytics.framework:RosettaCoordinator: getCodeSignatureInfo: SecStaticCodeCreate Failed url: <private>
2026-05-21 01:45:31.792209,Mac Failed Login,70,Medium,Mac Local System,2026-05-21 01:45:31.792 Df ecosystemanalyticsd[53070:660b6c] [com.apple.xpc:connection] [0xa56c7c640] failed to do a bootstrap look-up: xpc_error=[159: Unknown error: 159]
2026-05-21 01:45:31.792347,Mac Failed Login,70,Medium,Mac Local System,2026-05-21 01:45:31.792 Df ecosystemanalyticsd[53070:660b6c] [com.apple.xpc:connection] [0xa56c7c640] invalidated after a failed init
2026-05-21 01:45:31.792593,Mac Failed Login,70,Medium,Mac Local System,2026-05-21 01:45:31.792 Df ecosystemd[6857:661252] [com.apple.xpc:connection] [0x906c89400] failed to do a bootstrap look-up: xpc_error=[159: Unknown error: 159]
2026-05-21 01:45:31.792652,Mac Failed Login,70,Medium,Mac Local System,2026-05-21 01:45:31.792 Df ecosystemd[6857:661252] [com.apple.xpc:connection] [0x906c89400] invalidated after a failed init
2026-05-21 01:45:31.793404,Mac Failed Login,70,Medium,Mac Local System,2026-05-21 01:45:31.793 E  ecosystemanalyticsd[53070:660b6c] (EcosystemAnalytics) EcosystemAnalytics.framework:RosettaCoordinator: getCodeSignatureInfo: SecStaticCodeCreate Failed url: <private>
2026-05-21 01:45:31.803160,Mac Failed Login,70,Medium,Mac Local System,2026-05-21 01:45:31.802 Df ecosystemanalyticsd[53070:660b6c] [com.apple.xpc:connection] [0xa56c7c640] failed to do a bootstrap look-up: xpc_error=[159: Unknown error: 159]
2026-05-21 01:45:31.803290,Mac Failed Login,70,Medium,Mac Local System,2026-05-21 01:45:31.803 Df ecosystemanalyticsd[53070:660b6c] [com.apple.xpc:connection] [0xa56c7c640] invalidated after a failed init
2026-05-21 01:45:31.804232,Mac Failed Login,70,Medium,Mac Local System,2026-05-21 01:45:31.804 E  ecosystemanalyticsd[53070:660b6c] (EcosystemAnalytics) EcosystemAnalytics.framework:RosettaCoordinator: getCodeSignatureInfo: SecStaticCodeCreate Failed url: <private>
2026-05-21 01:45:31.819049,Mac Failed Login,70,Medium,Mac Local System,2026-05-21 01:45:31.818 Df ecosystemd[6857:661252] [com.apple.xpc:connection] [0x906c89400] failed to do a bootstrap look-up: xpc_error=[159: Unknown error: 159]
2026-05-21 01:45:31.819169,Mac Failed Login,70,Medium,Mac Local System,2026-05-21 01:45:31.818 Df ecosystemd[6857:661252] [com.apple.xpc:connection] [0x906c89400] invalidated after a failed init
2026-05-21 01:45:31.821231,Mac Failed Login,70,Medium,Mac Local System,2026-05-21 01:45:31.820 Df ecosystemanalyticsd[53070:660b6c] [com.apple.xpc:connection] [0xa56c7c640] failed to do a bootstrap look-up: xpc_error=[159: Unknown error: 159]
2026-05-21 01:45:31.821383,Mac Failed Login,70,Medium,Mac Local System,2026-05-21 01:45:31.821 Df ecosystemanalyticsd[53070:660b6c] [com.apple.xpc:connection] [0xa56c7c640] invalidated after a failed init
2026-05-21 01:45:31.823040,Mac Failed Login,70,Medium,Mac Local System,2026-05-21 01:45:31.822 E  ecosystemanalyticsd[53070:660b6c] (EcosystemAnalytics) EcosystemAnalytics.framework:RosettaCoordinator: getCodeSignatureInfo: SecStaticCodeCreate Failed url: <private>
2026-05-21 01:45:31.831340,Mac Failed Login,70,Medium,Mac Local System,2026-05-21 01:45:31.831 Df ecosystemanalyticsd[53070:660b6c] [com.apple.xpc:connection] [0xa56c7c640] failed to do a bootstrap look-up: xpc_error=[159: Unknown error: 159]
2026-05-21 01:45:31.831450,Mac Failed Login,70,Medium,Mac Local System,2026-05-21 01:45:31.831 Df ecosystemanalyticsd[53070:660b6c] [com.apple.xpc:connection] [0xa56c7c640] invalidated after a failed init
2026-05-21 01:45:31.832350,Mac Failed Login,70,Medium,Mac Local System,2026-05-21 01:45:31.832 E  ecosystemanalyticsd[53070:660b6c] (EcosystemAnalytics) EcosystemAnalytics.framework:RosettaCoordinator: getCodeSignatureInfo: SecStaticCodeCreate Failed url: <private>
2026-05-21 01:45:31.836237,Mac Failed Login,70,Medium,Mac Local System,2026-05-21 01:45:31.836 Df ecosystemd[6857:661252] [com.apple.xpc:connection] [0x906c89400] failed to do a bootstrap look-up: xpc_error=[159: Unknown error: 159]
2026-05-21 01:45:31.836323,Mac Failed Login,70,Medium,Mac Local System,2026-05-21 01:45:31.836 Df ecosystemd[6857:661252] [com.apple.xpc:connection] [0x906c89400] invalidated after a failed init
2026-05-21 01:45:31.849042,Mac Failed Login,70,Medium,Mac Local System,2026-05-21 01:45:31.848 Df ecosystemanalyticsd[53070:660b6c] [com.apple.xpc:connection] [0xa56c7c640] failed to do a bootstrap look-up: xpc_error=[159: Unknown error: 159]
2026-05-21 01:45:31.849203,Mac Failed Login,70,Medium,Mac Local System,2026-05-21 01:45:31.848 Df ecosystemanalyticsd[53070:660b6c] [com.apple.xpc:connection] [0xa56c7c640] invalidated after a failed init
2026-05-21 01:45:31.850627,Mac Failed Login,70,Medium,Mac Local System,2026-05-21 01:45:31.850 E  ecosystemanalyticsd[53070:660b6c] (EcosystemAnalytics) EcosystemAnalytics.framework:RosettaCoordinator: getCodeSignatureInfo: SecStaticCodeCreate Failed url: <private>
2026-05-21 01:45:31.860048,Mac Failed Login,70,Medium,Mac Local System,2026-05-21 01:45:31.859 Df ecosystemanalyticsd[53070:660b6c] [com.apple.xpc:connection] [0xa56c7c640] failed to do a bootstrap look-up: xpc_error=[159: Unknown error: 159]
2026-05-21 01:45:31.860226,Mac Failed Login,70,Medium,Mac Local System,2026-05-21 01:45:31.859 Df ecosystemanalyticsd[53070:660b6c] [com.apple.xpc:connection] [0xa56c7c640] invalidated after a failed init
2026-05-21 01:45:31.861559,Mac Failed Login,70,Medium,Mac Local System,2026-05-21 01:45:31.861 E  ecosystemanalyticsd[53070:660b6c] (EcosystemAnalytics) EcosystemAnalytics.framework:RosettaCoordinator: getCodeSignatureInfo: SecStaticCodeCreate Failed url: <private>
2026-05-21 01:45:31.866133,Mac Failed Login,70,Medium,Mac Local System,2026-05-21 01:45:31.865 Df ecosystemd[6857:661252] [com.apple.xpc:connection] [0x906c89400] failed to do a bootstrap look-up: xpc_error=[159: Unknown error: 159]
2026-05-21 01:45:31.866292,Mac Failed Login,70,Medium,Mac Local System,2026-05-21 01:45:31.865 Df ecosystemd[6857:661252] [com.apple.xpc:connection] [0x906c89400] invalidated after a failed init
2026-05-21 01:45:31.882675,Mac Failed Login,70,Medium,Mac Local System,2026-05-21 01:45:31.882 Df ecosystemd[6857:661252] [com.apple.xpc:connection] [0x906c89400] failed to do a bootstrap look-up: xpc_error=[159: Unknown error: 159]
2026-05-21 01:45:31.882832,Mac Failed Login,70,Medium,Mac Local System,2026-05-21 01:45:31.882 Df ecosystemd[6857:661252] [com.apple.xpc:connection] [0x906c89400] invalidated after a failed init
2026-05-21 01:45:31.908319,Mac Failed Login,70,Medium,Mac Local System,2026-05-21 01:45:31.908 Df ecosystemd[6857:661252] [com.apple.xpc:connection] [0x906c89400] failed to do a bootstrap look-up: xpc_error=[159: Unknown error: 159]
2026-05-21 01:45:31.908528,Mac Failed Login,70,Medium,Mac Local System,2026-05-21 01:45:31.908 Df ecosystemd[6857:661252] [com.apple.xpc:connection] [0x906c89400] invalidated after a failed init
2026-05-21 01:45:31.925088,Mac Failed Login,70,Medium,Mac Local System,2026-05-21 01:45:31.924 Df ecosystemd[6857:661252] [com.apple.xpc:connection] [0x906c89400] failed to do a bootstrap look-up: xpc_error=[159: Unknown error: 159]
2026-05-21 01:45:31.925291,Mac Failed Login,70,Medium,Mac Local System,2026-05-21 01:45:31.924 Df ecosystemd[6857:661252] [com.apple.xpc:connection] [0x906c89400] invalidated after a failed init
2026-05-21 01:45:43.580990,Mac Failed Login,70,Medium,Mac Local System,2026-05-21 01:45:43.580 Df ecosystemanalyticsd[53070:660b6c] [com.apple.xpc:connection] [0xa56c7c640] failed to do a bootstrap look-up: xpc_error=[159: Unknown error: 159]
2026-05-21 01:45:43.581620,Mac Failed Login,70,Medium,Mac Local System,2026-05-21 01:45:43.580 Df ecosystemanalyticsd[53070:660b6c] [com.apple.xpc:connection] [0xa56c7c640] invalidated after a failed init
2026-05-21 01:45:43.631987,Mac Failed Login,70,Medium,Mac Local System,2026-05-21 01:45:43.631 Df ecosystemanalyticsd[53070:660b6c] [com.apple.xpc:connection] [0xa56c7c640] failed to do a bootstrap look-up: xpc_error=[159: Unknown error: 159]
2026-05-21 01:45:43.632123,Mac Failed Login,70,Medium,Mac Local System,2026-05-21 01:45:43.631 Df ecosystemanalyticsd[53070:660b6c] [com.apple.xpc:connection] [0xa56c7c640] invalidated after a failed init
2026-05-21 01:45:43.633275,Mac Failed Login,70,Medium,Mac Local System,2026-05-21 01:45:43.633 Df ecosystemd[6857:661252] [com.apple.xpc:connection] [0x906c89400] failed to do a bootstrap look-up: xpc_error=[159: Unknown error: 159]
2026-05-21 01:45:43.633383,Mac Failed Login,70,Medium,Mac Local System,2026-05-21 01:45:43.633 Df ecosystemd[6857:661252] [com.apple.xpc:connection] [0x906c89400] invalidated after a failed init
2026-05-21 01:45:43.635949,Mac Failed Login,70,Medium,Mac Local System,2026-05-21 01:45:43.635 E  ecosystemd[6857:661252] (EcosystemAnalytics) EcosystemAnalytics.framework:RosettaCoordinator: getCodeSignatureInfo: SecStaticCodeCreate Failed url: <private>
2026-05-21 01:45:43.665892,Mac Failed Login,70,Medium,Mac Local System,2026-05-21 01:45:43.665 Df ecosystemd[6857:6612dd] [com.apple.xpc:connection] [0x906c89400] failed to do a bootstrap look-up: xpc_error=[159: Unknown error: 159]
2026-05-21 01:45:43.666058,Mac Failed Login,70,Medium,Mac Local System,2026-05-21 01:45:43.665 Df ecosystemd[6857:6612dd] [com.apple.xpc:connection] [0x906c89400] invalidated after a failed init
2026-05-21 01:45:43.667289,Mac Failed Login,70,Medium,Mac Local System,2026-05-21 01:45:43.667 E  ecosystemd[6857:6612dd] (EcosystemAnalytics) EcosystemAnalytics.framework:RosettaCoordinator: getCodeSignatureInfo: SecStaticCodeCreate Failed url: <private>
2026-05-21 01:45:49.534947,Mac Failed Login,70,Medium,Mac Local System,2026-05-21 01:45:49.534 Df ecosystemanalyticsd[53070:660b6c] [com.apple.xpc:connection] [0xa56c7c640] failed to do a bootstrap look-up: xpc_error=[159: Unknown error: 159]
2026-05-21 01:45:49.535060,Mac Failed Login,70,Medium,Mac Local System,2026-05-21 01:45:49.534 Df ecosystemanalyticsd[53070:660b6c] [com.apple.xpc:connection] [0xa56c7c640] invalidated after a failed init
2026-05-21 01:45:49.553058,Mac Failed Login,70,Medium,Mac Local System,2026-05-21 01:45:49.552 Df ecosystemanalyticsd[53070:660b6c] [com.apple.xpc:connection] [0xa56c7c640] failed to do a bootstrap look-up: xpc_error=[159: Unknown error: 159]
2026-05-21 01:45:49.553187,Mac Failed Login,70,Medium,Mac Local System,2026-05-21 01:45:49.552 Df ecosystemanalyticsd[53070:660b6c] [com.apple.xpc:connection] [0xa56c7c640] invalidated after a failed init
2026-05-21 01:45:49.553371,Mac Failed Login,70,Medium,Mac Local System,2026-05-21 01:45:49.553 Df ecosystemd[6857:6612de] [com.apple.xpc:connection] [0x906c89400] failed to do a bootstrap look-up: xpc_error=[159: Unknown error: 159]
2026-05-21 01:45:49.553436,Mac Failed Login,70,Medium,Mac Local System,2026-05-21 01:45:49.553 Df ecosystemd[6857:6612de] [com.apple.xpc:connection] [0x906c89400] invalidated after a failed init
2026-05-21 01:45:49.554561,Mac Failed Login,70,Medium,Mac Local System,2026-05-21 01:45:49.554 E  ecosystemd[6857:6612de] (EcosystemAnalytics) EcosystemAnalytics.framework:RosettaCoordinator: getCodeSignatureInfo: SecStaticCodeCreate Failed url: <private>
2026-05-21 01:45:49.580092,Mac Failed Login,70,Medium,Mac Local System,2026-05-21 01:45:49.579 Df ecosystemd[6857:661319] [com.apple.xpc:connection] [0x906c89400] failed to do a bootstrap look-up: xpc_error=[159: Unknown error: 159]
2026-05-21 01:45:49.581732,Mac Failed Login,70,Medium,Mac Local System,2026-05-21 01:45:49.579 Df ecosystemd[6857:661319] [com.apple.xpc:connection] [0x906c89400] invalidated after a failed init
2026-05-21 01:45:49.584886,Mac Failed Login,70,Medium,Mac Local System,2026-05-21 01:45:49.584 Df ecosystemanalyticsd[53070:660b6c] [com.apple.xpc:connection] [0xa56c7c640] failed to do a bootstrap look-up: xpc_error=[159: Unknown error: 159]
2026-05-21 01:45:49.585019,Mac Failed Login,70,Medium,Mac Local System,2026-05-21 01:45:49.584 Df ecosystemanalyticsd[53070:660b6c] [com.apple.xpc:connection] [0xa56c7c640] invalidated after a failed init
2026-05-21 01:45:49.591370,Mac Failed Login,70,Medium,Mac Local System,2026-05-21 01:45:49.591 E  ecosystemd[6857:661319] (EcosystemAnalytics) EcosystemAnalytics.framework:RosettaCoordinator: getCodeSignatureInfo: SecStaticCodeCreate Failed url: <private>
2026-05-21 01:45:49.631128,Mac Failed Login,70,Medium,Mac Local System,2026-05-21 01:45:49.631 Df ecosystemd[6857:661319] [com.apple.xpc:connection] [0x906c89400] failed to do a bootstrap look-up: xpc_error=[159: Unknown error: 159]
2026-05-21 01:45:49.631359,Mac Failed Login,70,Medium,Mac Local System,2026-05-21 01:45:49.631 Df ecosystemd[6857:661319] [com.apple.xpc:connection] [0x906c89400] invalidated after a failed init
2026-05-21 01:45:49.631380,Mac Failed Login,70,Medium,Mac Local System,2026-05-21 01:45:49.631 Df ecosystemanalyticsd[53070:660b6c] [com.apple.xpc:connection] [0xa56c7c640] failed to do a bootstrap look-up: xpc_error=[159: Unknown error: 159]
2026-05-21 01:45:49.631396,Mac Failed Login,70,Medium,Mac Local System,2026-05-21 01:45:49.631 Df ecosystemanalyticsd[53070:660b6c] [com.apple.xpc:connection] [0xa56c7c640] invalidated after a failed init
2026-05-21 01:45:49.632187,Mac Failed Login,70,Medium,Mac Local System,2026-05-21 01:45:49.632 E  ecosystemd[6857:661319] (EcosystemAnalytics) EcosystemAnalytics.framework:RosettaCoordinator: getCodeSignatureInfo: SecStaticCodeCreate Failed url: <private>
2026-05-21 01:45:49.662312,Mac Failed Login,70,Medium,Mac Local System,2026-05-21 01:45:49.662 Df ecosystemd[6857:66131a] [com.apple.xpc:connection] [0x906c89400] failed to do a bootstrap look-up: xpc_error=[159: Unknown error: 159]
2026-05-21 01:45:49.662360,Mac Failed Login,70,Medium,Mac Local System,2026-05-21 01:45:49.662 Df ecosystemd[6857:66131a] [com.apple.xpc:connection] [0x906c89400] invalidated after a failed init
2026-05-21 01:45:49.662463,Mac Failed Login,70,Medium,Mac Local System,2026-05-21 01:45:49.662 Df ecosystemanalyticsd[53070:660b6c] [com.apple.xpc:connection] [0xa56c7c640] failed to do a bootstrap look-up: xpc_error=[159: Unknown error: 159]
2026-05-21 01:45:49.662515,Mac Failed Login,70,Medium,Mac Local System,2026-05-21 01:45:49.662 Df ecosystemanalyticsd[53070:660b6c] [com.apple.xpc:connection] [0xa56c7c640] invalidated after a failed init
2026-05-21 01:45:49.664928,Mac Failed Login,70,Medium,Mac Local System,2026-05-21 01:45:49.664 E  ecosystemd[6857:66131a] (EcosystemAnalytics) EcosystemAnalytics.framework:RosettaCoordinator: getCodeSignatureInfo: SecStaticCodeCreate Failed url: <private>
2026-05-21 01:45:49.688349,Mac Failed Login,70,Medium,Mac Local System,2026-05-21 01:45:49.688 Df ecosystemanalyticsd[53070:660b6c] [com.apple.xpc:connection] [0xa56c7c640] failed to do a bootstrap look-up: xpc_error=[159: Unknown error: 159]
2026-05-21 01:45:49.688471,Mac Failed Login,70,Medium,Mac Local System,2026-05-21 01:45:49.688 Df ecosystemd[6857:66131a] [com.apple.xpc:connection] [0x906c89400] failed to do a bootstrap look-up: xpc_error=[159: Unknown error: 159]
2026-05-21 01:45:49.688540,Mac Failed Login,70,Medium,Mac Local System,2026-05-21 01:45:49.688 Df ecosystemanalyticsd[53070:660b6c] [com.apple.xpc:connection] [0xa56c7c640] invalidated after a failed init
2026-05-21 01:45:49.688603,Mac Failed Login,70,Medium,Mac Local System,2026-05-21 01:45:49.688 Df ecosystemd[6857:66131a] [com.apple.xpc:connection] [0x906c89400] invalidated after a failed init
2026-05-21 01:45:49.690042,Mac Failed Login,70,Medium,Mac Local System,2026-05-21 01:45:49.689 E  ecosystemd[6857:66131a] (EcosystemAnalytics) EcosystemAnalytics.framework:RosettaCoordinator: getCodeSignatureInfo: SecStaticCodeCreate Failed url: <private>
2026-05-21 01:45:49.718983,Mac Failed Login,70,Medium,Mac Local System,2026-05-21 01:45:49.718 Df ecosystemd[6857:661319] [com.apple.xpc:connection] [0x906c89400] failed to do a bootstrap look-up: xpc_error=[159: Unknown error: 159]
2026-05-21 01:45:49.719117,Mac Failed Login,70,Medium,Mac Local System,2026-05-21 01:45:49.718 Df ecosystemanalyticsd[53070:660b6c] [com.apple.xpc:connection] [0xa56c7c640] failed to do a bootstrap look-up: xpc_error=[159: Unknown error: 159]
2026-05-21 01:45:49.719155,Mac Failed Login,70,Medium,Mac Local System,2026-05-21 01:45:49.718 Df ecosystemd[6857:661319] [com.apple.xpc:connection] [0x906c89400] invalidated after a failed init
2026-05-21 01:45:49.719288,Mac Failed Login,70,Medium,Mac Local System,2026-05-21 01:45:49.718 Df ecosystemanalyticsd[53070:660b6c] [com.apple.xpc:connection] [0xa56c7c640] invalidated after a failed init
2026-05-21 01:45:49.720682,Mac Failed Login,70,Medium,Mac Local System,2026-05-21 01:45:49.720 E  ecosystemd[6857:661319] (EcosystemAnalytics) EcosystemAnalytics.framework:RosettaCoordinator: getCodeSignatureInfo: SecStaticCodeCreate Failed url: <private>
2026-05-21 01:45:49.743688,Mac Failed Login,70,Medium,Mac Local System,2026-05-21 01:45:49.743 Df ecosystemanalyticsd[53070:660b6c] [com.apple.xpc:connection] [0xa56c7c640] failed to do a bootstrap look-up: xpc_error=[159: Unknown error: 159]
2026-05-21 01:45:49.743855,Mac Failed Login,70,Medium,Mac Local System,2026-05-21 01:45:49.743 Df ecosystemanalyticsd[53070:660b6c] [com.apple.xpc:connection] [0xa56c7c640] invalidated after a failed init
2026-05-21 01:45:49.743921,Mac Failed Login,70,Medium,Mac Local System,2026-05-21 01:45:49.743 Df ecosystemd[6857:661319] [com.apple.xpc:connection] [0x906c89400] failed to do a bootstrap look-up: xpc_error=[159: Unknown error: 159]
2026-05-21 01:45:49.743995,Mac Failed Login,70,Medium,Mac Local System,2026-05-21 01:45:49.743 Df ecosystemd[6857:661319] [com.apple.xpc:connection] [0x906c89400] invalidated after a failed init
2026-05-21 01:45:49.745455,Mac Failed Login,70,Medium,Mac Local System,2026-05-21 01:45:49.745 E  ecosystemd[6857:661319] (EcosystemAnalytics) EcosystemAnalytics.framework:RosettaCoordinator: getCodeSignatureInfo: SecStaticCodeCreate Failed url: <private>
2026-05-21 01:45:49.769824,Mac Failed Login,70,Medium,Mac Local System,2026-05-21 01:45:49.769 Df ecosystemanalyticsd[53070:660b6c] [com.apple.xpc:connection] [0xa56c7c640] failed to do a bootstrap look-up: xpc_error=[159: Unknown error: 159]
2026-05-21 01:45:49.769927,Mac Failed Login,70,Medium,Mac Local System,2026-05-21 01:45:49.769 Df ecosystemanalyticsd[53070:660b6c] [com.apple.xpc:connection] [0xa56c7c640] invalidated after a failed init
2026-05-21 01:45:49.769965,Mac Failed Login,70,Medium,Mac Local System,2026-05-21 01:45:49.769 Df ecosystemd[6857:6612de] [com.apple.xpc:connection] [0x906c89400] failed to do a bootstrap look-up: xpc_error=[159: Unknown error: 159]
2026-05-21 01:45:49.770001,Mac Failed Login,70,Medium,Mac Local System,2026-05-21 01:45:49.769 Df ecosystemd[6857:6612de] [com.apple.xpc:connection] [0x906c89400] invalidated after a failed init
2026-05-21 01:45:49.771084,Mac Failed Login,70,Medium,Mac Local System,2026-05-21 01:45:49.770 E  ecosystemd[6857:6612de] (EcosystemAnalytics) EcosystemAnalytics.framework:RosettaCoordinator: getCodeSignatureInfo: SecStaticCodeCreate Failed url: <private>
2026-05-21 01:45:49.786429,Mac Failed Login,70,Medium,Mac Local System,2026-05-21 01:45:49.786 Df ecosystemanalyticsd[53070:660b6c] [com.apple.xpc:connection] [0xa56c7c640] failed to do a bootstrap look-up: xpc_error=[159: Unknown error: 159]
2026-05-21 01:45:49.786556,Mac Failed Login,70,Medium,Mac Local System,2026-05-21 01:45:49.786 Df ecosystemanalyticsd[53070:660b6c] [com.apple.xpc:connection] [0xa56c7c640] invalidated after a failed init
2026-05-21 01:45:49.787363,Mac Failed Login,70,Medium,Mac Local System,2026-05-21 01:45:49.787 Df ecosystemd[6857:6612de] [com.apple.xpc:connection] [0x906c89400] failed to do a bootstrap look-up: xpc_error=[159: Unknown error: 159]
2026-05-21 01:45:49.787451,Mac Failed Login,70,Medium,Mac Local System,2026-05-21 01:45:49.787 Df ecosystemd[6857:6612de] [com.apple.xpc:connection] [0x906c89400] invalidated after a failed init
2026-05-21 01:45:49.788451,Mac Failed Login,70,Medium,Mac Local System,2026-05-21 01:45:49.788 E  ecosystemd[6857:6612de] (EcosystemAnalytics) EcosystemAnalytics.framework:RosettaCoordinator: getCodeSignatureInfo: SecStaticCodeCreate Failed url: <private>
2026-05-21 01:45:49.812350,Mac Failed Login,70,Medium,Mac Local System,2026-05-21 01:45:49.812 Df ecosystemanalyticsd[53070:660b6c] [com.apple.xpc:connection] [0xa56c7c640] failed to do a bootstrap look-up: xpc_error=[159: Unknown error: 159]
2026-05-21 01:45:49.812556,Mac Failed Login,70,Medium,Mac Local System,2026-05-21 01:45:49.812 Df ecosystemd[6857:66131a] [com.apple.xpc:connection] [0x906c89400] failed to do a bootstrap look-up: xpc_error=[159: Unknown error: 159]
2026-05-21 01:45:49.812631,Mac Failed Login,70,Medium,Mac Local System,2026-05-21 01:45:49.812 Df ecosystemanalyticsd[53070:660b6c] [com.apple.xpc:connection] [0xa56c7c640] invalidated after a failed init
2026-05-21 01:45:49.812705,Mac Failed Login,70,Medium,Mac Local System,2026-05-21 01:45:49.812 Df ecosystemd[6857:66131a] [com.apple.xpc:connection] [0x906c89400] invalidated after a failed init
2026-05-21 01:45:49.815377,Mac Failed Login,70,Medium,Mac Local System,2026-05-21 01:45:49.815 E  ecosystemd[6857:66131a] (EcosystemAnalytics) EcosystemAnalytics.framework:RosettaCoordinator: getCodeSignatureInfo: SecStaticCodeCreate Failed url: <private>
2026-05-21 01:45:49.838024,Mac Failed Login,70,Medium,Mac Local System,2026-05-21 01:45:49.837 Df ecosystemanalyticsd[53070:660b6c] [com.apple.xpc:connection] [0xa56c7c640] failed to do a bootstrap look-up: xpc_error=[159: Unknown error: 159]
2026-05-21 01:45:49.838222,Mac Failed Login,70,Medium,Mac Local System,2026-05-21 01:45:49.837 Df ecosystemanalyticsd[53070:660b6c] [com.apple.xpc:connection] [0xa56c7c640] invalidated after a failed init
2026-05-21 01:45:49.839024,Mac Failed Login,70,Medium,Mac Local System,2026-05-21 01:45:49.838 Df ecosystemd[6857:66131a] [com.apple.xpc:connection] [0x906c89400] failed to do a bootstrap look-up: xpc_error=[159: Unknown error: 159]
2026-05-21 01:45:49.839142,Mac Failed Login,70,Medium,Mac Local System,2026-05-21 01:45:49.838 Df ecosystemd[6857:66131a] [com.apple.xpc:connection] [0x906c89400] invalidated after a failed init
2026-05-21 01:45:49.842106,Mac Failed Login,70,Medium,Mac Local System,2026-05-21 01:45:49.841 E  ecosystemd[6857:66131a] (EcosystemAnalytics) EcosystemAnalytics.framework:RosettaCoordinator: getCodeSignatureInfo: SecStaticCodeCreate Failed url: <private>
2026-05-21 01:45:49.866922,Mac Failed Login,70,Medium,Mac Local System,2026-05-21 01:45:49.866 Df ecosystemd[6857:6612de] [com.apple.xpc:connection] [0x906c89400] failed to do a bootstrap look-up: xpc_error=[159: Unknown error: 159]
2026-05-21 01:45:49.867104,Mac Failed Login,70,Medium,Mac Local System,2026-05-21 01:45:49.866 Df ecosystemd[6857:6612de] [com.apple.xpc:connection] [0x906c89400] invalidated after a failed init
2026-05-21 01:45:49.868535,Mac Failed Login,70,Medium,Mac Local System,2026-05-21 01:45:49.868 E  ecosystemd[6857:6612de] (EcosystemAnalytics) EcosystemAnalytics.framework:RosettaCoordinator: getCodeSignatureInfo: SecStaticCodeCreate Failed url: <private>
2026-05-21 01:45:51.552119,Mac Failed Login,70,Medium,Mac Local System,2026-05-21 01:45:51.551 Df ecosystemanalyticsd[53070:660b6c] [com.apple.xpc:connection] [0xa56c7c640] failed to do a bootstrap look-up: xpc_error=[159: Unknown error: 159]
2026-05-21 01:45:51.552223,Mac Failed Login,70,Medium,Mac Local System,2026-05-21 01:45:51.552 Df ecosystemanalyticsd[53070:660b6c] [com.apple.xpc:connection] [0xa56c7c640] invalidated after a failed init
2026-05-21 01:45:51.553305,Mac Failed Login,70,Medium,Mac Local System,2026-05-21 01:45:51.553 E  ecosystemanalyticsd[53070:660b6c] (EcosystemAnalytics) EcosystemAnalytics.framework:RosettaCoordinator: getCodeSignatureInfo: SecStaticCodeCreate Failed url: <private>
2026-05-21 01:45:51.559325,Mac Failed Login,70,Medium,Mac Local System,2026-05-21 01:45:51.559 Df ecosystemd[6857:6612de] [com.apple.xpc:connection] [0x906c89400] failed to do a bootstrap look-up: xpc_error=[159: Unknown error: 159]
2026-05-21 01:45:51.559420,Mac Failed Login,70,Medium,Mac Local System,2026-05-21 01:45:51.559 Df ecosystemd[6857:6612de] [com.apple.xpc:connection] [0x906c89400] invalidated after a failed init
2026-05-21 01:45:51.559657,Mac Failed Login,70,Medium,Mac Local System,2026-05-21 01:45:51.559 Df ecosystemanalyticsd[53070:660b6c] [com.apple.xpc:connection] [0xa56c7c640] failed to do a bootstrap look-up: xpc_error=[159: Unknown error: 159]
2026-05-21 01:45:51.559724,Mac Failed Login,70,Medium,Mac Local System,2026-05-21 01:45:51.559 Df ecosystemanalyticsd[53070:660b6c] [com.apple.xpc:connection] [0xa56c7c640] invalidated after a failed init
2026-05-21 01:45:51.560899,Mac Failed Login,70,Medium,Mac Local System,2026-05-21 01:45:51.560 E  ecosystemanalyticsd[53070:660b6c] (EcosystemAnalytics) EcosystemAnalytics.framework:RosettaCoordinator: getCodeSignatureInfo: SecStaticCodeCreate Failed url: <private>
2026-05-21 01:45:51.577344,Mac Failed Login,70,Medium,Mac Local System,2026-05-21 01:45:51.577 Df ecosystemd[6857:6612de] [com.apple.xpc:connection] [0x906c89400] failed to do a bootstrap look-up: xpc_error=[159: Unknown error: 159]
2026-05-21 01:45:51.577434,Mac Failed Login,70,Medium,Mac Local System,2026-05-21 01:45:51.577 Df ecosystemd[6857:6612de] [com.apple.xpc:connection] [0x906c89400] invalidated after a failed init
2026-05-21 01:45:51.587312,Mac Failed Login,70,Medium,Mac Local System,2026-05-21 01:45:51.587 Df ecosystemanalyticsd[53070:660b6c] [com.apple.xpc:connection] [0xa56c7c640] failed to do a bootstrap look-up: xpc_error=[159: Unknown error: 159]
2026-05-21 01:45:51.587440,Mac Failed Login,70,Medium,Mac Local System,2026-05-21 01:45:51.587 Df ecosystemanalyticsd[53070:660b6c] [com.apple.xpc:connection] [0xa56c7c640] invalidated after a failed init
2026-05-21 01:45:51.588487,Mac Failed Login,70,Medium,Mac Local System,2026-05-21 01:45:51.588 E  ecosystemanalyticsd[53070:660b6c] (EcosystemAnalytics) EcosystemAnalytics.framework:RosettaCoordinator: getCodeSignatureInfo: SecStaticCodeCreate Failed url: <private>
2026-05-21 01:45:51.598690,Mac Failed Login,70,Medium,Mac Local System,2026-05-21 01:45:51.598 Df ecosystemanalyticsd[53070:660b6c] [com.apple.xpc:connection] [0xa56c7c640] failed to do a bootstrap look-up: xpc_error=[159: Unknown error: 159]
2026-05-21 01:45:51.598806,Mac Failed Login,70,Medium,Mac Local System,2026-05-21 01:45:51.598 Df ecosystemanalyticsd[53070:660b6c] [com.apple.xpc:connection] [0xa56c7c640] invalidated after a failed init
2026-05-21 01:45:51.599607,Mac Failed Login,70,Medium,Mac Local System,2026-05-21 01:45:51.599 E  ecosystemanalyticsd[53070:660b6c] (EcosystemAnalytics) EcosystemAnalytics.framework:RosettaCoordinator: getCodeSignatureInfo: SecStaticCodeCreate Failed url: <private>
2026-05-21 01:45:51.602622,Mac Failed Login,70,Medium,Mac Local System,2026-05-21 01:45:51.602 Df ecosystemd[6857:6612de] [com.apple.xpc:connection] [0x906c89400] failed to do a bootstrap look-up: xpc_error=[159: Unknown error: 159]
2026-05-21 01:45:51.602767,Mac Failed Login,70,Medium,Mac Local System,2026-05-21 01:45:51.602 Df ecosystemd[6857:6612de] [com.apple.xpc:connection] [0x906c89400] invalidated after a failed init
2026-05-21 01:45:51.614212,Mac Failed Login,70,Medium,Mac Local System,2026-05-21 01:45:51.613 Df ecosystemanalyticsd[53070:660b6c] [com.apple.xpc:connection] [0xa56c7c640] failed to do a bootstrap look-up: xpc_error=[159: Unknown error: 159]
2026-05-21 01:45:51.614366,Mac Failed Login,70,Medium,Mac Local System,2026-05-21 01:45:51.614 Df ecosystemanalyticsd[53070:660b6c] [com.apple.xpc:connection] [0xa56c7c640] invalidated after a failed init
2026-05-21 01:45:51.615923,Mac Failed Login,70,Medium,Mac Local System,2026-05-21 01:45:51.615 E  ecosystemanalyticsd[53070:660b6c] (EcosystemAnalytics) EcosystemAnalytics.framework:RosettaCoordinator: getCodeSignatureInfo: SecStaticCodeCreate Failed url: <private>
2026-05-21 01:45:51.622421,Mac Failed Login,70,Medium,Mac Local System,2026-05-21 01:45:51.622 Df ecosystemd[6857:6612de] [com.apple.xpc:connection] [0x906c89400] failed to do a bootstrap look-up: xpc_error=[159: Unknown error: 159]
2026-05-21 01:45:51.622575,Mac Failed Login,70,Medium,Mac Local System,2026-05-21 01:45:51.622 Df ecosystemd[6857:6612de] [com.apple.xpc:connection] [0x906c89400] invalidated after a failed init
2026-05-21 01:45:51.625014,Mac Failed Login,70,Medium,Mac Local System,2026-05-21 01:45:51.624 Df ecosystemanalyticsd[53070:660b6c] [com.apple.xpc:connection] [0xa56c7c640] failed to do a bootstrap look-up: xpc_error=[159: Unknown error: 159]
2026-05-21 01:45:51.625083,Mac Failed Login,70,Medium,Mac Local System,2026-05-21 01:45:51.624 Df ecosystemanalyticsd[53070:660b6c] [com.apple.xpc:connection] [0xa56c7c640] invalidated after a failed init
2026-05-21 01:45:51.626148,Mac Failed Login,70,Medium,Mac Local System,2026-05-21 01:45:51.625 E  ecosystemanalyticsd[53070:660b6c] (EcosystemAnalytics) EcosystemAnalytics.framework:RosettaCoordinator: getCodeSignatureInfo: SecStaticCodeCreate Failed url: <private>
2026-05-21 01:45:51.636855,Mac Failed Login,70,Medium,Mac Local System,2026-05-21 01:45:51.636 Df ecosystemanalyticsd[53070:660b6c] [com.apple.xpc:connection] [0xa56c7c640] failed to do a bootstrap look-up: xpc_error=[159: Unknown error: 159]
2026-05-21 01:45:51.636960,Mac Failed Login,70,Medium,Mac Local System,2026-05-21 01:45:51.636 Df ecosystemanalyticsd[53070:660b6c] [com.apple.xpc:connection] [0xa56c7c640] invalidated after a failed init
2026-05-21 01:45:51.638178,Mac Failed Login,70,Medium,Mac Local System,2026-05-21 01:45:51.637 E  ecosystemanalyticsd[53070:660b6c] (EcosystemAnalytics) EcosystemAnalytics.framework:RosettaCoordinator: getCodeSignatureInfo: SecStaticCodeCreate Failed url: <private>
2026-05-21 01:45:51.643499,Mac Failed Login,70,Medium,Mac Local System,2026-05-21 01:45:51.643 Df ecosystemd[6857:6612de] [com.apple.xpc:connection] [0x906c89400] failed to do a bootstrap look-up: xpc_error=[159: Unknown error: 159]
2026-05-21 01:45:51.643663,Mac Failed Login,70,Medium,Mac Local System,2026-05-21 01:45:51.643 Df ecosystemd[6857:6612de] [com.apple.xpc:connection] [0x906c89400] invalidated after a failed init
2026-05-21 01:45:51.648891,Mac Failed Login,70,Medium,Mac Local System,2026-05-21 01:45:51.648 Df ecosystemanalyticsd[53070:660b6c] [com.apple.xpc:connection] [0xa56c7c640] failed to do a bootstrap look-up: xpc_error=[159: Unknown error: 159]
2026-05-21 01:45:51.649025,Mac Failed Login,70,Medium,Mac Local System,2026-05-21 01:45:51.648 Df ecosystemanalyticsd[53070:660b6c] [com.apple.xpc:connection] [0xa56c7c640] invalidated after a failed init
2026-05-21 01:45:51.650510,Mac Failed Login,70,Medium,Mac Local System,2026-05-21 01:45:51.650 E  ecosystemanalyticsd[53070:660b6c] (EcosystemAnalytics) EcosystemAnalytics.framework:RosettaCoordinator: getCodeSignatureInfo: SecStaticCodeCreate Failed url: <private>
2026-05-21 01:45:51.667789,Mac Failed Login,70,Medium,Mac Local System,2026-05-21 01:45:51.667 Df ecosystemd[6857:6612de] [com.apple.xpc:connection] [0x906c89400] failed to do a bootstrap look-up: xpc_error=[159: Unknown error: 159]
2026-05-21 01:45:51.667910,Mac Failed Login,70,Medium,Mac Local System,2026-05-21 01:45:51.667 Df ecosystemd[6857:6612de] [com.apple.xpc:connection] [0x906c89400] invalidated after a failed init
2026-05-21 01:45:51.694456,Mac Failed Login,70,Medium,Mac Local System,2026-05-21 01:45:51.694 Df ecosystemd[6857:6612de] [com.apple.xpc:connection] [0x906c89400] failed to do a bootstrap look-up: xpc_error=[159: Unknown error: 159]
2026-05-21 01:45:51.694639,Mac Failed Login,70,Medium,Mac Local System,2026-05-21 01:45:51.694 Df ecosystemd[6857:6612de] [com.apple.xpc:connection] [0x906c89400] invalidated after a failed init
2026-05-21 01:45:51.716366,Mac Failed Login,70,Medium,Mac Local System,2026-05-21 01:45:51.716 Df ecosystemd[6857:6612de] [com.apple.xpc:connection] [0x906c89400] failed to do a bootstrap look-up: xpc_error=[159: Unknown error: 159]
2026-05-21 01:45:51.716556,Mac Failed Login,70,Medium,Mac Local System,2026-05-21 01:45:51.716 Df ecosystemd[6857:6612de] [com.apple.xpc:connection] [0x906c89400] invalidated after a failed init
2026-05-21 01:45:59.536837,Mac Failed Login,70,Medium,Mac Local System,2026-05-21 01:45:59.536 Df ecosystemanalyticsd[53070:660b6c] [com.apple.xpc:connection] [0xa56c7c640] failed to do a bootstrap look-up: xpc_error=[159: Unknown error: 159]
2026-05-21 01:45:59.537366,Mac Failed Login,70,Medium,Mac Local System,2026-05-21 01:45:59.536 Df ecosystemanalyticsd[53070:660b6c] [com.apple.xpc:connection] [0xa56c7c640] invalidated after a failed init
2026-05-21 01:45:59.567304,Mac Failed Login,70,Medium,Mac Local System,2026-05-21 01:45:59.567 Df ecosystemanalyticsd[53070:660b6c] [com.apple.xpc:connection] [0xa56c7c640] failed to do a bootstrap look-up: xpc_error=[159: Unknown error: 159]
2026-05-21 01:45:59.567473,Mac Failed Login,70,Medium,Mac Local System,2026-05-21 01:45:59.567 Df ecosystemanalyticsd[53070:660b6c] [com.apple.xpc:connection] [0xa56c7c640] invalidated after a failed init
2026-05-21 01:45:59.567947,Mac Failed Login,70,Medium,Mac Local System,2026-05-21 01:45:59.567 Df ecosystemd[6857:6612de] [com.apple.xpc:connection] [0x906c89400] failed to do a bootstrap look-up: xpc_error=[159: Unknown error: 159]
2026-05-21 01:45:59.568036,Mac Failed Login,70,Medium,Mac Local System,2026-05-21 01:45:59.567 Df ecosystemd[6857:6612de] [com.apple.xpc:connection] [0x906c89400] invalidated after a failed init
2026-05-21 01:45:59.570191,Mac Failed Login,70,Medium,Mac Local System,2026-05-21 01:45:59.570 E  ecosystemd[6857:6612de] (EcosystemAnalytics) EcosystemAnalytics.framework:RosettaCoordinator: getCodeSignatureInfo: SecStaticCodeCreate Failed url: <private>
2026-05-21 01:45:59.598670,Mac Failed Login,70,Medium,Mac Local System,2026-05-21 01:45:59.598 Df ecosystemd[6857:6613a7] [com.apple.xpc:connection] [0x906c89400] failed to do a bootstrap look-up: xpc_error=[159: Unknown error: 159]
2026-05-21 01:45:59.598946,Mac Failed Login,70,Medium,Mac Local System,2026-05-21 01:45:59.598 Df ecosystemd[6857:6613a7] [com.apple.xpc:connection] [0x906c89400] invalidated after a failed init
2026-05-21 01:45:59.600779,Mac Failed Login,70,Medium,Mac Local System,2026-05-21 01:45:59.600 E  ecosystemd[6857:6613a7] (EcosystemAnalytics) EcosystemAnalytics.framework:RosettaCoordinator: getCodeSignatureInfo: SecStaticCodeCreate Failed url: <private>
2026-05-21 01:46:00.022124,Mac Failed Login,70,Medium,Mac Local System,2026-05-21 01:46:00.021 Df ecosystemanalyticsd[53070:660b6c] [com.apple.xpc:connection] [0xa56c7c640] failed to do a bootstrap look-up: xpc_error=[159: Unknown error: 159]
2026-05-21 01:46:00.022229,Mac Failed Login,70,Medium,Mac Local System,2026-05-21 01:46:00.022 Df ecosystemanalyticsd[53070:660b6c] [com.apple.xpc:connection] [0xa56c7c640] invalidated after a failed init
2026-05-21 01:46:00.023999,Mac Failed Login,70,Medium,Mac Local System,2026-05-21 01:46:00.023 E  ecosystemanalyticsd[53070:660b6c] (EcosystemAnalytics) EcosystemAnalytics.framework:RosettaCoordinator: getCodeSignatureInfo: SecStaticCodeCreate Failed url: <private>
2026-05-21 01:46:00.033223,Mac Failed Login,70,Medium,Mac Local System,2026-05-21 01:46:00.033 Df ecosystemd[6857:6613a7] [com.apple.xpc:connection] [0x906c89400] failed to do a bootstrap look-up: xpc_error=[159: Unknown error: 159]
2026-05-21 01:46:00.033321,Mac Failed Login,70,Medium,Mac Local System,2026-05-21 01:46:00.033 Df ecosystemd[6857:6613a7] [com.apple.xpc:connection] [0x906c89400] invalidated after a failed init
2026-05-21 01:46:00.033728,Mac Failed Login,70,Medium,Mac Local System,2026-05-21 01:46:00.033 Df ecosystemanalyticsd[53070:660b6c] [com.apple.xpc:connection] [0xa56c7c640] failed to do a bootstrap look-up: xpc_error=[159: Unknown error: 159]
2026-05-21 01:46:00.033797,Mac Failed Login,70,Medium,Mac Local System,2026-05-21 01:46:00.033 Df ecosystemanalyticsd[53070:660b6c] [com.apple.xpc:connection] [0xa56c7c640] invalidated after a failed init
2026-05-21 01:46:00.034702,Mac Failed Login,70,Medium,Mac Local System,2026-05-21 01:46:00.034 E  ecosystemanalyticsd[53070:660b6c] (EcosystemAnalytics) EcosystemAnalytics.framework:RosettaCoordinator: getCodeSignatureInfo: SecStaticCodeCreate Failed url: <private>
2026-05-21 01:46:00.058252,Mac Failed Login,70,Medium,Mac Local System,2026-05-21 01:46:00.058 Df ecosystemanalyticsd[53070:660b6c] [com.apple.xpc:connection] [0xa56c7c640] failed to do a bootstrap look-up: xpc_error=[159: Unknown error: 159]
2026-05-21 01:46:00.058387,Mac Failed Login,70,Medium,Mac Local System,2026-05-21 01:46:00.058 Df ecosystemanalyticsd[53070:660b6c] [com.apple.xpc:connection] [0xa56c7c640] invalidated after a failed init
2026-05-21 01:46:00.058528,Mac Failed Login,70,Medium,Mac Local System,2026-05-21 01:46:00.058 Df ecosystemd[6857:6613a7] [com.apple.xpc:connection] [0x906c89400] failed to do a bootstrap look-up: xpc_error=[159: Unknown error: 159]
2026-05-21 01:46:00.058582,Mac Failed Login,70,Medium,Mac Local System,2026-05-21 01:46:00.058 Df ecosystemd[6857:6613a7] [com.apple.xpc:connection] [0x906c89400] invalidated after a failed init
2026-05-21 01:46:00.059394,Mac Failed Login,70,Medium,Mac Local System,2026-05-21 01:46:00.059 E  ecosystemanalyticsd[53070:660b6c] (EcosystemAnalytics) EcosystemAnalytics.framework:RosettaCoordinator: getCodeSignatureInfo: SecStaticCodeCreate Failed url: <private>
2026-05-21 01:46:00.066837,Mac Failed Login,70,Medium,Mac Local System,2026-05-21 01:46:00.066 Df ecosystemanalyticsd[53070:660b6c] [com.apple.xpc:connection] [0xa56c7c640] failed to do a bootstrap look-up: xpc_error=[159: Unknown error: 159]
2026-05-21 01:46:00.067056,Mac Failed Login,70,Medium,Mac Local System,2026-05-21 01:46:00.066 Df ecosystemanalyticsd[53070:660b6c] [com.apple.xpc:connection] [0xa56c7c640] invalidated after a failed init
2026-05-21 01:46:00.068410,Mac Failed Login,70,Medium,Mac Local System,2026-05-21 01:46:00.068 E  ecosystemanalyticsd[53070:660b6c] (EcosystemAnalytics) EcosystemAnalytics.framework:RosettaCoordinator: getCodeSignatureInfo: SecStaticCodeCreate Failed url: <private>
2026-05-21 01:46:00.086515,Mac Failed Login,70,Medium,Mac Local System,2026-05-21 01:46:00.086 Df ecosystemd[6857:6613a7] [com.apple.xpc:connection] [0x906c89400] failed to do a bootstrap look-up: xpc_error=[159: Unknown error: 159]
2026-05-21 01:46:00.086757,Mac Failed Login,70,Medium,Mac Local System,2026-05-21 01:46:00.086 Df ecosystemd[6857:6613a7] [com.apple.xpc:connection] [0x906c89400] invalidated after a failed init
2026-05-21 01:46:00.088078,Mac Failed Login,70,Medium,Mac Local System,2026-05-21 01:46:00.087 Df ecosystemanalyticsd[53070:660b6c] [com.apple.xpc:connection] [0xa56c7c640] failed to do a bootstrap look-up: xpc_error=[159: Unknown error: 159]
2026-05-21 01:46:00.088163,Mac Failed Login,70,Medium,Mac Local System,2026-05-21 01:46:00.087 Df ecosystemanalyticsd[53070:660b6c] [com.apple.xpc:connection] [0xa56c7c640] invalidated after a failed init
2026-05-21 01:46:00.105323,Mac Failed Login,70,Medium,Mac Local System,2026-05-21 01:46:00.105 Df ecosystemd[6857:6613a7] [com.apple.xpc:connection] [0x906c89400] failed to do a bootstrap look-up: xpc_error=[159: Unknown error: 159]
2026-05-21 01:46:00.105384,Mac Failed Login,70,Medium,Mac Local System,2026-05-21 01:46:00.105 Df ecosystemd[6857:6613a7] [com.apple.xpc:connection] [0x906c89400] invalidated after a failed init
2026-05-21 01:46:00.116874,Mac Failed Login,70,Medium,Mac Local System,2026-05-21 01:46:00.116 Df ecosystemanalyticsd[53070:660b6c] [com.apple.xpc:connection] [0xa56c7c640] failed to do a bootstrap look-up: xpc_error=[159: Unknown error: 159]
2026-05-21 01:46:00.117018,Mac Failed Login,70,Medium,Mac Local System,2026-05-21 01:46:00.116 Df ecosystemanalyticsd[53070:660b6c] [com.apple.xpc:connection] [0xa56c7c640] invalidated after a failed init
2026-05-21 01:46:00.167023,Mac Failed Login,70,Medium,Mac Local System,2026-05-21 01:46:00.166 Df ecosystemd[6857:6613a7] [com.apple.xpc:connection] [0x906c89400] failed to do a bootstrap look-up: xpc_error=[159: Unknown error: 159]
2026-05-21 01:46:00.167142,Mac Failed Login,70,Medium,Mac Local System,2026-05-21 01:46:00.166 Df ecosystemd[6857:6613a7] [com.apple.xpc:connection] [0x906c89400] invalidated after a failed init
2026-05-21 01:46:00.169028,Mac Failed Login,70,Medium,Mac Local System,2026-05-21 01:46:00.168 E  ecosystemd[6857:6613a7] (EcosystemAnalytics) EcosystemAnalytics.framework:RosettaCoordinator: getCodeSignatureInfo: SecStaticCodeCreate Failed url: <private>
2026-05-21 01:46:00.173338,Mac Failed Login,70,Medium,Mac Local System,2026-05-21 01:46:00.173 Df ecosystemanalyticsd[53070:660b6c] [com.apple.xpc:connection] [0xa56c7c640] failed to do a bootstrap look-up: xpc_error=[159: Unknown error: 159]
2026-05-21 01:46:00.173421,Mac Failed Login,70,Medium,Mac Local System,2026-05-21 01:46:00.173 Df ecosystemanalyticsd[53070:660b6c] [com.apple.xpc:connection] [0xa56c7c640] invalidated after a failed init
2026-05-21 01:46:00.178947,Mac Failed Login,70,Medium,Mac Local System,2026-05-21 01:46:00.178 Df ecosystemd[6857:6613a7] [com.apple.xpc:connection] [0x906c89400] failed to do a bootstrap look-up: xpc_error=[159: Unknown error: 159]
2026-05-21 01:46:00.179060,Mac Failed Login,70,Medium,Mac Local System,2026-05-21 01:46:00.178 Df ecosystemd[6857:6613a7] [com.apple.xpc:connection] [0x906c89400] invalidated after a failed init
2026-05-21 01:46:00.179954,Mac Failed Login,70,Medium,Mac Local System,2026-05-21 01:46:00.179 E  ecosystemd[6857:6613a7] (EcosystemAnalytics) EcosystemAnalytics.framework:RosettaCoordinator: getCodeSignatureInfo: SecStaticCodeCreate Failed url: <private>
2026-05-21 01:46:00.184128,Mac Failed Login,70,Medium,Mac Local System,2026-05-21 01:46:00.184 Df ecosystemanalyticsd[53070:660b6c] [com.apple.xpc:connection] [0xa56c7c640] failed to do a bootstrap look-up: xpc_error=[159: Unknown error: 159]
2026-05-21 01:46:00.184168,Mac Failed Login,70,Medium,Mac Local System,2026-05-21 01:46:00.184 Df ecosystemanalyticsd[53070:660b6c] [com.apple.xpc:connection] [0xa56c7c640] invalidated after a failed init
2026-05-21 01:46:00.203200,Mac Failed Login,70,Medium,Mac Local System,2026-05-21 01:46:00.202 Df ecosystemd[6857:6613a7] [com.apple.xpc:connection] [0x906c89400] failed to do a bootstrap look-up: xpc_error=[159: Unknown error: 159]
2026-05-21 01:46:00.203324,Mac Failed Login,70,Medium,Mac Local System,2026-05-21 01:46:00.203 Df ecosystemd[6857:6613a7] [com.apple.xpc:connection] [0x906c89400] invalidated after a failed init
2026-05-21 01:46:00.203401,Mac Failed Login,70,Medium,Mac Local System,2026-05-21 01:46:00.203 Df ecosystemanalyticsd[53070:660b6c] [com.apple.xpc:connection] [0xa56c7c640] failed to do a bootstrap look-up: xpc_error=[159: Unknown error: 159]
2026-05-21 01:46:00.203485,Mac Failed Login,70,Medium,Mac Local System,2026-05-21 01:46:00.203 Df ecosystemanalyticsd[53070:660b6c] [com.apple.xpc:connection] [0xa56c7c640] invalidated after a failed init
2026-05-21 01:46:00.205182,Mac Failed Login,70,Medium,Mac Local System,2026-05-21 01:46:00.205 E  ecosystemd[6857:6613a7] (EcosystemAnalytics) EcosystemAnalytics.framework:RosettaCoordinator: getCodeSignatureInfo: SecStaticCodeCreate Failed url: <private>
2026-05-21 01:46:00.205488,Mac Failed Login,70,Medium,Mac Local System,2026-05-21 01:46:00.205 Df ecosystemd[6857:6613a7] [com.apple.xpc:connection] [0x906c89400] failed to do a bootstrap look-up: xpc_error=[159: Unknown error: 159]
2026-05-21 01:46:00.205544,Mac Failed Login,70,Medium,Mac Local System,2026-05-21 01:46:00.205 Df ecosystemd[6857:6613a7] [com.apple.xpc:connection] [0x906c89400] invalidated after a failed init
2026-05-21 01:46:00.206362,Mac Failed Login,70,Medium,Mac Local System,2026-05-21 01:46:00.206 E  ecosystemd[6857:6613a7] (EcosystemAnalytics) EcosystemAnalytics.framework:RosettaCoordinator: getCodeSignatureInfo: SecStaticCodeCreate Failed url: <private>
2026-05-21 01:46:00.213867,Mac Failed Login,70,Medium,Mac Local System,2026-05-21 01:46:00.213 Df ecosystemanalyticsd[53070:660b6c] [com.apple.xpc:connection] [0xa56c7c640] failed to do a bootstrap look-up: xpc_error=[159: Unknown error: 159]
2026-05-21 01:46:00.213954,Mac Failed Login,70,Medium,Mac Local System,2026-05-21 01:46:00.213 Df ecosystemanalyticsd[53070:660b6c] [com.apple.xpc:connection] [0xa56c7c640] invalidated after a failed init
2026-05-21 01:46:00.241630,Mac Failed Login,70,Medium,Mac Local System,2026-05-21 01:46:00.241 Df ecosystemd[6857:6613a7] [com.apple.xpc:connection] [0x906c89400] failed to do a bootstrap look-up: xpc_error=[159: Unknown error: 159]
2026-05-21 01:46:00.241772,Mac Failed Login,70,Medium,Mac Local System,2026-05-21 01:46:00.241 Df ecosystemanalyticsd[53070:660b6c] [com.apple.xpc:connection] [0xa56c7c640] failed to do a bootstrap look-up: xpc_error=[159: Unknown error: 159]
2026-05-21 01:46:00.241838,Mac Failed Login,70,Medium,Mac Local System,2026-05-21 01:46:00.241 Df ecosystemd[6857:6613a7] [com.apple.xpc:connection] [0x906c89400] invalidated after a failed init
2026-05-21 01:46:00.241917,Mac Failed Login,70,Medium,Mac Local System,2026-05-21 01:46:00.241 Df ecosystemanalyticsd[53070:660b6c] [com.apple.xpc:connection] [0xa56c7c640] invalidated after a failed init
2026-05-21 01:46:00.244054,Mac Failed Login,70,Medium,Mac Local System,2026-05-21 01:46:00.243 E  ecosystemd[6857:6613a7] (EcosystemAnalytics) EcosystemAnalytics.framework:RosettaCoordinator: getCodeSignatureInfo: SecStaticCodeCreate Failed url: <private>
2026-05-21 01:46:00.244388,Mac Failed Login,70,Medium,Mac Local System,2026-05-21 01:46:00.244 Df ecosystemd[6857:6613a7] [com.apple.xpc:connection] [0x906c89400] failed to do a bootstrap look-up: xpc_error=[159: Unknown error: 159]
2026-05-21 01:46:00.244465,Mac Failed Login,70,Medium,Mac Local System,2026-05-21 01:46:00.244 Df ecosystemd[6857:6613a7] [com.apple.xpc:connection] [0x906c89400] invalidated after a failed init
2026-05-21 01:46:00.245642,Mac Failed Login,70,Medium,Mac Local System,2026-05-21 01:46:00.245 E  ecosystemd[6857:6613a7] (EcosystemAnalytics) EcosystemAnalytics.framework:RosettaCoordinator: getCodeSignatureInfo: SecStaticCodeCreate Failed url: <private>
2026-05-21 01:46:00.255103,Mac Failed Login,70,Medium,Mac Local System,2026-05-21 01:46:00.255 Df ecosystemanalyticsd[53070:660b6c] [com.apple.xpc:connection] [0xa56c7c640] failed to do a bootstrap look-up: xpc_error=[159: Unknown error: 159]
2026-05-21 01:46:00.255147,Mac Failed Login,70,Medium,Mac Local System,2026-05-21 01:46:00.255 Df ecosystemanalyticsd[53070:660b6c] [com.apple.xpc:connection] [0xa56c7c640] invalidated after a failed init
2026-05-21 01:46:00.283047,Mac Failed Login,70,Medium,Mac Local System,2026-05-21 01:46:00.282 Df ecosystemd[6857:6613a7] [com.apple.xpc:connection] [0x906c89400] failed to do a bootstrap look-up: xpc_error=[159: Unknown error: 159]
2026-05-21 01:46:00.283100,Mac Failed Login,70,Medium,Mac Local System,2026-05-21 01:46:00.282 Df ecosystemanalyticsd[53070:660b6c] [com.apple.xpc:connection] [0xa56c7c640] failed to do a bootstrap look-up: xpc_error=[159: Unknown error: 159]
2026-05-21 01:46:00.283159,Mac Failed Login,70,Medium,Mac Local System,2026-05-21 01:46:00.282 Df ecosystemd[6857:6613a7] [com.apple.xpc:connection] [0x906c89400] invalidated after a failed init
2026-05-21 01:46:00.283207,Mac Failed Login,70,Medium,Mac Local System,2026-05-21 01:46:00.282 Df ecosystemanalyticsd[53070:660b6c] [com.apple.xpc:connection] [0xa56c7c640] invalidated after a failed init
2026-05-21 01:46:00.283943,Mac Failed Login,70,Medium,Mac Local System,2026-05-21 01:46:00.283 E  ecosystemd[6857:6613a7] (EcosystemAnalytics) EcosystemAnalytics.framework:RosettaCoordinator: getCodeSignatureInfo: SecStaticCodeCreate Failed url: <private>
2026-05-21 01:46:00.284129,Mac Failed Login,70,Medium,Mac Local System,2026-05-21 01:46:00.284 Df ecosystemd[6857:6613a7] [com.apple.xpc:connection] [0x906c89400] failed to do a bootstrap look-up: xpc_error=[159: Unknown error: 159]
2026-05-21 01:46:00.284179,Mac Failed Login,70,Medium,Mac Local System,2026-05-21 01:46:00.284 Df ecosystemd[6857:6613a7] [com.apple.xpc:connection] [0x906c89400] invalidated after a failed init
2026-05-21 01:46:00.284848,Mac Failed Login,70,Medium,Mac Local System,2026-05-21 01:46:00.284 E  ecosystemd[6857:6613a7] (EcosystemAnalytics) EcosystemAnalytics.framework:RosettaCoordinator: getCodeSignatureInfo: SecStaticCodeCreate Failed url: <private>
2026-05-21 01:46:00.293564,Mac Failed Login,70,Medium,Mac Local System,2026-05-21 01:46:00.293 Df ecosystemanalyticsd[53070:660b6c] [com.apple.xpc:connection] [0xa56c7c640] failed to do a bootstrap look-up: xpc_error=[159: Unknown error: 159]
2026-05-21 01:46:00.293646,Mac Failed Login,70,Medium,Mac Local System,2026-05-21 01:46:00.293 Df ecosystemanalyticsd[53070:660b6c] [com.apple.xpc:connection] [0xa56c7c640] invalidated after a failed init
2026-05-21 01:46:00.308213,Mac Failed Login,70,Medium,Mac Local System,2026-05-21 01:46:00.308 Df ecosystemd[6857:6613a7] [com.apple.xpc:connection] [0x906c89400] failed to do a bootstrap look-up: xpc_error=[159: Unknown error: 159]
2026-05-21 01:46:00.308344,Mac Failed Login,70,Medium,Mac Local System,2026-05-21 01:46:00.308 Df ecosystemd[6857:6613a7] [com.apple.xpc:connection] [0x906c89400] invalidated after a failed init
2026-05-21 01:46:00.308408,Mac Failed Login,70,Medium,Mac Local System,2026-05-21 01:46:00.308 Df ecosystemanalyticsd[53070:660b6c] [com.apple.xpc:connection] [0xa56c7c640] failed to do a bootstrap look-up: xpc_error=[159: Unknown error: 159]
2026-05-21 01:46:00.308495,Mac Failed Login,70,Medium,Mac Local System,2026-05-21 01:46:00.308 Df ecosystemanalyticsd[53070:660b6c] [com.apple.xpc:connection] [0xa56c7c640] invalidated after a failed init
2026-05-21 01:46:00.309834,Mac Failed Login,70,Medium,Mac Local System,2026-05-21 01:46:00.309 E  ecosystemd[6857:6613a7] (EcosystemAnalytics) EcosystemAnalytics.framework:RosettaCoordinator: getCodeSignatureInfo: SecStaticCodeCreate Failed url: <private>
2026-05-21 01:46:00.310181,Mac Failed Login,70,Medium,Mac Local System,2026-05-21 01:46:00.310 Df ecosystemd[6857:6613a7] [com.apple.xpc:connection] [0x906c89400] failed to do a bootstrap look-up: xpc_error=[159: Unknown error: 159]
2026-05-21 01:46:00.310240,Mac Failed Login,70,Medium,Mac Local System,2026-05-21 01:46:00.310 Df ecosystemd[6857:6613a7] [com.apple.xpc:connection] [0x906c89400] invalidated after a failed init
2026-05-21 01:46:00.311472,Mac Failed Login,70,Medium,Mac Local System,2026-05-21 01:46:00.311 E  ecosystemd[6857:6613a7] (EcosystemAnalytics) EcosystemAnalytics.framework:RosettaCoordinator: getCodeSignatureInfo: SecStaticCodeCreate Failed url: <private>
2026-05-21 01:46:00.318812,Mac Failed Login,70,Medium,Mac Local System,2026-05-21 01:46:00.318 Df ecosystemanalyticsd[53070:660b6c] [com.apple.xpc:connection] [0xa56c7c640] failed to do a bootstrap look-up: xpc_error=[159: Unknown error: 159]
2026-05-21 01:46:00.318850,Mac Failed Login,70,Medium,Mac Local System,2026-05-21 01:46:00.318 Df ecosystemanalyticsd[53070:660b6c] [com.apple.xpc:connection] [0xa56c7c640] invalidated after a failed init
2026-05-21 01:46:00.343702,Mac Failed Login,70,Medium,Mac Local System,2026-05-21 01:46:00.343 Df ecosystemanalyticsd[53070:660b6c] [com.apple.xpc:connection] [0xa56c7c640] failed to do a bootstrap look-up: xpc_error=[159: Unknown error: 159]
2026-05-21 01:46:00.343890,Mac Failed Login,70,Medium,Mac Local System,2026-05-21 01:46:00.343 Df ecosystemanalyticsd[53070:660b6c] [com.apple.xpc:connection] [0xa56c7c640] invalidated after a failed init
2026-05-21 01:46:00.343928,Mac Failed Login,70,Medium,Mac Local System,2026-05-21 01:46:00.343 Df ecosystemd[6857:6613a7] [com.apple.xpc:connection] [0x906c89400] failed to do a bootstrap look-up: xpc_error=[159: Unknown error: 159]
2026-05-21 01:46:00.343968,Mac Failed Login,70,Medium,Mac Local System,2026-05-21 01:46:00.343 Df ecosystemd[6857:6613a7] [com.apple.xpc:connection] [0x906c89400] invalidated after a failed init
2026-05-21 01:46:00.345055,Mac Failed Login,70,Medium,Mac Local System,2026-05-21 01:46:00.344 E  ecosystemd[6857:6613a7] (EcosystemAnalytics) EcosystemAnalytics.framework:RosettaCoordinator: getCodeSignatureInfo: SecStaticCodeCreate Failed url: <private>
2026-05-21 01:46:00.345269,Mac Failed Login,70,Medium,Mac Local System,2026-05-21 01:46:00.345 Df ecosystemd[6857:6613a7] [com.apple.xpc:connection] [0x906c89400] failed to do a bootstrap look-up: xpc_error=[159: Unknown error: 159]
2026-05-21 01:46:00.345315,Mac Failed Login,70,Medium,Mac Local System,2026-05-21 01:46:00.345 Df ecosystemd[6857:6613a7] [com.apple.xpc:connection] [0x906c89400] invalidated after a failed init
2026-05-21 01:46:00.346164,Mac Failed Login,70,Medium,Mac Local System,2026-05-21 01:46:00.346 E  ecosystemd[6857:6613a7] (EcosystemAnalytics) EcosystemAnalytics.framework:RosettaCoordinator: getCodeSignatureInfo: SecStaticCodeCreate Failed url: <private>
2026-05-21 01:46:00.354235,Mac Failed Login,70,Medium,Mac Local System,2026-05-21 01:46:00.354 Df ecosystemanalyticsd[53070:660b6c] [com.apple.xpc:connection] [0xa56c7c640] failed to do a bootstrap look-up: xpc_error=[159: Unknown error: 159]
2026-05-21 01:46:00.354332,Mac Failed Login,70,Medium,Mac Local System,2026-05-21 01:46:00.354 Df ecosystemanalyticsd[53070:660b6c] [com.apple.xpc:connection] [0xa56c7c640] invalidated after a failed init
2026-05-21 01:46:00.372955,Mac Failed Login,70,Medium,Mac Local System,2026-05-21 01:46:00.372 Df ecosystemd[6857:6613a7] [com.apple.xpc:connection] [0x906c89400] failed to do a bootstrap look-up: xpc_error=[159: Unknown error: 159]
2026-05-21 01:46:00.373025,Mac Failed Login,70,Medium,Mac Local System,2026-05-21 01:46:00.372 Df ecosystemd[6857:6613a7] [com.apple.xpc:connection] [0x906c89400] invalidated after a failed init
2026-05-21 01:46:00.373098,Mac Failed Login,70,Medium,Mac Local System,2026-05-21 01:46:00.373 Df ecosystemanalyticsd[53070:660b6c] [com.apple.xpc:connection] [0xa56c7c640] failed to do a bootstrap look-up: xpc_error=[159: Unknown error: 159]
2026-05-21 01:46:00.373150,Mac Failed Login,70,Medium,Mac Local System,2026-05-21 01:46:00.373 Df ecosystemanalyticsd[53070:660b6c] [com.apple.xpc:connection] [0xa56c7c640] invalidated after a failed init
2026-05-21 01:46:00.374103,Mac Failed Login,70,Medium,Mac Local System,2026-05-21 01:46:00.373 E  ecosystemd[6857:6613a7] (EcosystemAnalytics) EcosystemAnalytics.framework:RosettaCoordinator: getCodeSignatureInfo: SecStaticCodeCreate Failed url: <private>
2026-05-21 01:46:00.374418,Mac Failed Login,70,Medium,Mac Local System,2026-05-21 01:46:00.374 Df ecosystemd[6857:6613a7] [com.apple.xpc:connection] [0x906c89400] failed to do a bootstrap look-up: xpc_error=[159: Unknown error: 159]
2026-05-21 01:46:00.374478,Mac Failed Login,70,Medium,Mac Local System,2026-05-21 01:46:00.374 Df ecosystemd[6857:6613a7] [com.apple.xpc:connection] [0x906c89400] invalidated after a failed init
2026-05-21 01:46:00.375353,Mac Failed Login,70,Medium,Mac Local System,2026-05-21 01:46:00.375 E  ecosystemd[6857:6613a7] (EcosystemAnalytics) EcosystemAnalytics.framework:RosettaCoordinator: getCodeSignatureInfo: SecStaticCodeCreate Failed url: <private>
2026-05-21 01:46:00.384237,Mac Failed Login,70,Medium,Mac Local System,2026-05-21 01:46:00.384 Df ecosystemanalyticsd[53070:660b6c] [com.apple.xpc:connection] [0xa56c7c640] failed to do a bootstrap look-up: xpc_error=[159: Unknown error: 159]
2026-05-21 01:46:00.384328,Mac Failed Login,70,Medium,Mac Local System,2026-05-21 01:46:00.384 Df ecosystemanalyticsd[53070:660b6c] [com.apple.xpc:connection] [0xa56c7c640] invalidated after a failed init
2026-05-21 01:46:00.403658,Mac Failed Login,70,Medium,Mac Local System,2026-05-21 01:46:00.403 Df ecosystemd[6857:6613a7] [com.apple.xpc:connection] [0x906c89400] failed to do a bootstrap look-up: xpc_error=[159: Unknown error: 159]
2026-05-21 01:46:00.403784,Mac Failed Login,70,Medium,Mac Local System,2026-05-21 01:46:00.403 Df ecosystemd[6857:6613a7] [com.apple.xpc:connection] [0x906c89400] invalidated after a failed init
2026-05-21 01:46:00.403836,Mac Failed Login,70,Medium,Mac Local System,2026-05-21 01:46:00.403 Df ecosystemanalyticsd[53070:660b6c] [com.apple.xpc:connection] [0xa56c7c640] failed to do a bootstrap look-up: xpc_error=[159: Unknown error: 159]
2026-05-21 01:46:00.403876,Mac Failed Login,70,Medium,Mac Local System,2026-05-21 01:46:00.403 Df ecosystemanalyticsd[53070:660b6c] [com.apple.xpc:connection] [0xa56c7c640] invalidated after a failed init
2026-05-21 01:46:00.405007,Mac Failed Login,70,Medium,Mac Local System,2026-05-21 01:46:00.404 E  ecosystemd[6857:6613a7] (EcosystemAnalytics) EcosystemAnalytics.framework:RosettaCoordinator: getCodeSignatureInfo: SecStaticCodeCreate Failed url: <private>
2026-05-21 01:46:00.405356,Mac Failed Login,70,Medium,Mac Local System,2026-05-21 01:46:00.405 Df ecosystemd[6857:6613a7] [com.apple.xpc:connection] [0x906c89400] failed to do a bootstrap look-up: xpc_error=[159: Unknown error: 159]
2026-05-21 01:46:00.405420,Mac Failed Login,70,Medium,Mac Local System,2026-05-21 01:46:00.405 Df ecosystemd[6857:6613a7] [com.apple.xpc:connection] [0x906c89400] invalidated after a failed init
2026-05-21 01:46:00.406339,Mac Failed Login,70,Medium,Mac Local System,2026-05-21 01:46:00.406 E  ecosystemd[6857:6613a7] (EcosystemAnalytics) EcosystemAnalytics.framework:RosettaCoordinator: getCodeSignatureInfo: SecStaticCodeCreate Failed url: <private>
2026-05-21 01:46:00.417297,Mac Failed Login,70,Medium,Mac Local System,2026-05-21 01:46:00.417 Df ecosystemanalyticsd[53070:660b6c] [com.apple.xpc:connection] [0xa56c7c640] failed to do a bootstrap look-up: xpc_error=[159: Unknown error: 159]
2026-05-21 01:46:00.417353,Mac Failed Login,70,Medium,Mac Local System,2026-05-21 01:46:00.417 Df ecosystemanalyticsd[53070:660b6c] [com.apple.xpc:connection] [0xa56c7c640] invalidated after a failed init
2026-05-21 01:46:00.433496,Mac Failed Login,70,Medium,Mac Local System,2026-05-21 01:46:00.433 Df ecosystemd[6857:6613a7] [com.apple.xpc:connection] [0x906c89400] failed to do a bootstrap look-up: xpc_error=[159: Unknown error: 159]
2026-05-21 01:46:00.433543,Mac Failed Login,70,Medium,Mac Local System,2026-05-21 01:46:00.433 Df ecosystemd[6857:6613a7] [com.apple.xpc:connection] [0x906c89400] invalidated after a failed init
2026-05-21 01:46:00.433688,Mac Failed Login,70,Medium,Mac Local System,2026-05-21 01:46:00.433 Df ecosystemanalyticsd[53070:660b6c] [com.apple.xpc:connection] [0xa56c7c640] failed to do a bootstrap look-up: xpc_error=[159: Unknown error: 159]
2026-05-21 01:46:00.433713,Mac Failed Login,70,Medium,Mac Local System,2026-05-21 01:46:00.433 Df ecosystemanalyticsd[53070:660b6c] [com.apple.xpc:connection] [0xa56c7c640] invalidated after a failed init
2026-05-21 01:46:00.439630,Mac Failed Login,70,Medium,Mac Local System,2026-05-21 01:46:00.439 E  ecosystemd[6857:6613a7] (EcosystemAnalytics) EcosystemAnalytics.framework:RosettaCoordinator: getCodeSignatureInfo: SecStaticCodeCreate Failed url: <private>
2026-05-21 01:46:00.440200,Mac Failed Login,70,Medium,Mac Local System,2026-05-21 01:46:00.440 Df ecosystemd[6857:6613a7] [com.apple.xpc:connection] [0x906c89400] failed to do a bootstrap look-up: xpc_error=[159: Unknown error: 159]
2026-05-21 01:46:00.440740,Mac Failed Login,70,Medium,Mac Local System,2026-05-21 01:46:00.440 Df ecosystemd[6857:6613a7] [com.apple.xpc:connection] [0x906c89400] invalidated after a failed init
2026-05-21 01:46:00.447179,Mac Failed Login,70,Medium,Mac Local System,2026-05-21 01:46:00.446 E  ecosystemd[6857:6613a7] (EcosystemAnalytics) EcosystemAnalytics.framework:RosettaCoordinator: getCodeSignatureInfo: SecStaticCodeCreate Failed url: <private>
2026-05-21 01:46:00.455126,Mac Failed Login,70,Medium,Mac Local System,2026-05-21 01:46:00.455 Df ecosystemanalyticsd[53070:660b6c] [com.apple.xpc:connection] [0xa56c7c640] failed to do a bootstrap look-up: xpc_error=[159: Unknown error: 159]
2026-05-21 01:46:00.455167,Mac Failed Login,70,Medium,Mac Local System,2026-05-21 01:46:00.455 Df ecosystemanalyticsd[53070:660b6c] [com.apple.xpc:connection] [0xa56c7c640] invalidated after a failed init
2026-05-21 01:46:00.470705,Mac Failed Login,70,Medium,Mac Local System,2026-05-21 01:46:00.470 Df ecosystemanalyticsd[53070:660b6c] [com.apple.xpc:connection] [0xa56c7c640] failed to do a bootstrap look-up: xpc_error=[159: Unknown error: 159]
2026-05-21 01:46:00.470758,Mac Failed Login,70,Medium,Mac Local System,2026-05-21 01:46:00.470 Df ecosystemanalyticsd[53070:660b6c] [com.apple.xpc:connection] [0xa56c7c640] invalidated after a failed init
2026-05-21 01:46:00.470804,Mac Failed Login,70,Medium,Mac Local System,2026-05-21 01:46:00.470 Df ecosystemd[6857:6613a7] [com.apple.xpc:connection] [0x906c89400] failed to do a bootstrap look-up: xpc_error=[159: Unknown error: 159]
2026-05-21 01:46:00.470833,Mac Failed Login,70,Medium,Mac Local System,2026-05-21 01:46:00.470 Df ecosystemd[6857:6613a7] [com.apple.xpc:connection] [0x906c89400] invalidated after a failed init
2026-05-21 01:46:00.472195,Mac Failed Login,70,Medium,Mac Local System,2026-05-21 01:46:00.472 E  ecosystemd[6857:6613a7] (EcosystemAnalytics) EcosystemAnalytics.framework:RosettaCoordinator: getCodeSignatureInfo: SecStaticCodeCreate Failed url: <private>
2026-05-21 01:46:00.472412,Mac Failed Login,70,Medium,Mac Local System,2026-05-21 01:46:00.472 Df ecosystemd[6857:6613a7] [com.apple.xpc:connection] [0x906c89400] failed to do a bootstrap look-up: xpc_error=[159: Unknown error: 159]
2026-05-21 01:46:00.472449,Mac Failed Login,70,Medium,Mac Local System,2026-05-21 01:46:00.472 Df ecosystemd[6857:6613a7] [com.apple.xpc:connection] [0x906c89400] invalidated after a failed init
2026-05-21 01:46:00.473420,Mac Failed Login,70,Medium,Mac Local System,2026-05-21 01:46:00.473 E  ecosystemd[6857:6613a7] (EcosystemAnalytics) EcosystemAnalytics.framework:RosettaCoordinator: getCodeSignatureInfo: SecStaticCodeCreate Failed url: <private>
2026-05-21 01:46:00.481370,Mac Failed Login,70,Medium,Mac Local System,2026-05-21 01:46:00.481 Df ecosystemanalyticsd[53070:660b6c] [com.apple.xpc:connection] [0xa56c7c640] failed to do a bootstrap look-up: xpc_error=[159: Unknown error: 159]
2026-05-21 01:46:00.481498,Mac Failed Login,70,Medium,Mac Local System,2026-05-21 01:46:00.481 Df ecosystemanalyticsd[53070:660b6c] [com.apple.xpc:connection] [0xa56c7c640] invalidated after a failed init
2026-05-21 01:46:00.497414,Mac Failed Login,70,Medium,Mac Local System,2026-05-21 01:46:00.497 Df ecosystemanalyticsd[53070:660b6c] [com.apple.xpc:connection] [0xa56c7c640] failed to do a bootstrap look-up: xpc_error=[159: Unknown error: 159]
2026-05-21 01:46:00.497730,Mac Failed Login,70,Medium,Mac Local System,2026-05-21 01:46:00.497 Df ecosystemanalyticsd[53070:660b6c] [com.apple.xpc:connection] [0xa56c7c640] invalidated after a failed init
2026-05-21 01:46:00.498073,Mac Failed Login,70,Medium,Mac Local System,2026-05-21 01:46:00.497 Df ecosystemd[6857:6613a7] [com.apple.xpc:connection] [0x906c89400] failed to do a bootstrap look-up: xpc_error=[159: Unknown error: 159]
2026-05-21 01:46:00.498215,Mac Failed Login,70,Medium,Mac Local System,2026-05-21 01:46:00.497 Df ecosystemd[6857:6613a7] [com.apple.xpc:connection] [0x906c89400] invalidated after a failed init
2026-05-21 01:46:00.499477,Mac Failed Login,70,Medium,Mac Local System,2026-05-21 01:46:00.499 E  ecosystemd[6857:6613a7] (EcosystemAnalytics) EcosystemAnalytics.framework:RosettaCoordinator: getCodeSignatureInfo: SecStaticCodeCreate Failed url: <private>
2026-05-21 01:46:00.499729,Mac Failed Login,70,Medium,Mac Local System,2026-05-21 01:46:00.499 Df ecosystemd[6857:6613a7] [com.apple.xpc:connection] [0x906c89400] failed to do a bootstrap look-up: xpc_error=[159: Unknown error: 159]
2026-05-21 01:46:00.499755,Mac Failed Login,70,Medium,Mac Local System,2026-05-21 01:46:00.499 Df ecosystemd[6857:6613a7] [com.apple.xpc:connection] [0x906c89400] invalidated after a failed init
2026-05-21 01:46:00.500451,Mac Failed Login,70,Medium,Mac Local System,2026-05-21 01:46:00.500 E  ecosystemd[6857:6613a7] (EcosystemAnalytics) EcosystemAnalytics.framework:RosettaCoordinator: getCodeSignatureInfo: SecStaticCodeCreate Failed url: <private>
2026-05-21 01:46:00.507523,Mac Failed Login,70,Medium,Mac Local System,2026-05-21 01:46:00.507 Df ecosystemanalyticsd[53070:660b6c] [com.apple.xpc:connection] [0xa56c7c640] failed to do a bootstrap look-up: xpc_error=[159: Unknown error: 159]
2026-05-21 01:46:00.507580,Mac Failed Login,70,Medium,Mac Local System,2026-05-21 01:46:00.507 Df ecosystemanalyticsd[53070:660b6c] [com.apple.xpc:connection] [0xa56c7c640] invalidated after a failed init
2026-05-21 01:46:00.527033,Mac Failed Login,70,Medium,Mac Local System,2026-05-21 01:46:00.526 Df ecosystemd[6857:6613a7] [com.apple.xpc:connection] [0x906c89400] failed to do a bootstrap look-up: xpc_error=[159: Unknown error: 159]
2026-05-21 01:46:00.527172,Mac Failed Login,70,Medium,Mac Local System,2026-05-21 01:46:00.526 Df ecosystemanalyticsd[53070:660b6c] [com.apple.xpc:connection] [0xa56c7c640] failed to do a bootstrap look-up: xpc_error=[159: Unknown error: 159]
2026-05-21 01:46:00.527209,Mac Failed Login,70,Medium,Mac Local System,2026-05-21 01:46:00.526 Df ecosystemd[6857:6613a7] [com.apple.xpc:connection] [0x906c89400] invalidated after a failed init
2026-05-21 01:46:00.527245,Mac Failed Login,70,Medium,Mac Local System,2026-05-21 01:46:00.527 Df ecosystemanalyticsd[53070:660b6c] [com.apple.xpc:connection] [0xa56c7c640] invalidated after a failed init
2026-05-21 01:46:00.528380,Mac Failed Login,70,Medium,Mac Local System,2026-05-21 01:46:00.528 E  ecosystemd[6857:6613a7] (EcosystemAnalytics) EcosystemAnalytics.framework:RosettaCoordinator: getCodeSignatureInfo: SecStaticCodeCreate Failed url: <private>
2026-05-21 01:46:00.528761,Mac Failed Login,70,Medium,Mac Local System,2026-05-21 01:46:00.528 Df ecosystemd[6857:6613a7] [com.apple.xpc:connection] [0x906c89400] failed to do a bootstrap look-up: xpc_error=[159: Unknown error: 159]
2026-05-21 01:46:00.528861,Mac Failed Login,70,Medium,Mac Local System,2026-05-21 01:46:00.528 Df ecosystemd[6857:6613a7] [com.apple.xpc:connection] [0x906c89400] invalidated after a failed init
2026-05-21 01:46:00.529927,Mac Failed Login,70,Medium,Mac Local System,2026-05-21 01:46:00.529 E  ecosystemd[6857:6613a7] (EcosystemAnalytics) EcosystemAnalytics.framework:RosettaCoordinator: getCodeSignatureInfo: SecStaticCodeCreate Failed url: <private>
2026-05-21 01:46:00.536563,Mac Failed Login,70,Medium,Mac Local System,2026-05-21 01:46:00.536 Df ecosystemanalyticsd[53070:660b6c] [com.apple.xpc:connection] [0xa56c7c640] failed to do a bootstrap look-up: xpc_error=[159: Unknown error: 159]
2026-05-21 01:46:00.536607,Mac Failed Login,70,Medium,Mac Local System,2026-05-21 01:46:00.536 Df ecosystemanalyticsd[53070:660b6c] [com.apple.xpc:connection] [0xa56c7c640] invalidated after a failed init
2026-05-21 01:46:00.554367,Mac Failed Login,70,Medium,Mac Local System,2026-05-21 01:46:00.554 Df ecosystemanalyticsd[53070:660b6c] [com.apple.xpc:connection] [0xa56c7c640] failed to do a bootstrap look-up: xpc_error=[159: Unknown error: 159]
2026-05-21 01:46:00.554435,Mac Failed Login,70,Medium,Mac Local System,2026-05-21 01:46:00.554 Df ecosystemanalyticsd[53070:660b6c] [com.apple.xpc:connection] [0xa56c7c640] invalidated after a failed init
2026-05-21 01:46:00.554554,Mac Failed Login,70,Medium,Mac Local System,2026-05-21 01:46:00.554 Df ecosystemd[6857:6613a7] [com.apple.xpc:connection] [0x906c89400] failed to do a bootstrap look-up: xpc_error=[159: Unknown error: 159]
2026-05-21 01:46:00.554586,Mac Failed Login,70,Medium,Mac Local System,2026-05-21 01:46:00.554 Df ecosystemd[6857:6613a7] [com.apple.xpc:connection] [0x906c89400] invalidated after a failed init
2026-05-21 01:46:00.555490,Mac Failed Login,70,Medium,Mac Local System,2026-05-21 01:46:00.555 E  ecosystemd[6857:6613a7] (EcosystemAnalytics) EcosystemAnalytics.framework:RosettaCoordinator: getCodeSignatureInfo: SecStaticCodeCreate Failed url: <private>
2026-05-21 01:46:00.555741,Mac Failed Login,70,Medium,Mac Local System,2026-05-21 01:46:00.555 Df ecosystemd[6857:6613a7] [com.apple.xpc:connection] [0x906c89400] failed to do a bootstrap look-up: xpc_error=[159: Unknown error: 159]
2026-05-21 01:46:00.555789,Mac Failed Login,70,Medium,Mac Local System,2026-05-21 01:46:00.555 Df ecosystemd[6857:6613a7] [com.apple.xpc:connection] [0x906c89400] invalidated after a failed init
2026-05-21 01:46:00.556737,Mac Failed Login,70,Medium,Mac Local System,2026-05-21 01:46:00.556 E  ecosystemd[6857:6613a7] (EcosystemAnalytics) EcosystemAnalytics.framework:RosettaCoordinator: getCodeSignatureInfo: SecStaticCodeCreate Failed url: <private>
2026-05-21 01:46:00.565542,Mac Failed Login,70,Medium,Mac Local System,2026-05-21 01:46:00.565 Df ecosystemanalyticsd[53070:660b6c] [com.apple.xpc:connection] [0xa56c7c640] failed to do a bootstrap look-up: xpc_error=[159: Unknown error: 159]
2026-05-21 01:46:00.565596,Mac Failed Login,70,Medium,Mac Local System,2026-05-21 01:46:00.565 Df ecosystemanalyticsd[53070:660b6c] [com.apple.xpc:connection] [0xa56c7c640] invalidated after a failed init
2026-05-21 01:46:00.581319,Mac Failed Login,70,Medium,Mac Local System,2026-05-21 01:46:00.581 Df ecosystemd[6857:6613a7] [com.apple.xpc:connection] [0x906c89400] failed to do a bootstrap look-up: xpc_error=[159: Unknown error: 159]
2026-05-21 01:46:00.581420,Mac Failed Login,70,Medium,Mac Local System,2026-05-21 01:46:00.581 Df ecosystemd[6857:6613a7] [com.apple.xpc:connection] [0x906c89400] invalidated after a failed init
2026-05-21 01:46:00.581496,Mac Failed Login,70,Medium,Mac Local System,2026-05-21 01:46:00.581 Df ecosystemanalyticsd[53070:660b6c] [com.apple.xpc:connection] [0xa56c7c640] failed to do a bootstrap look-up: xpc_error=[159: Unknown error: 159]
2026-05-21 01:46:00.581568,Mac Failed Login,70,Medium,Mac Local System,2026-05-21 01:46:00.581 Df ecosystemanalyticsd[53070:660b6c] [com.apple.xpc:connection] [0xa56c7c640] invalidated after a failed init
2026-05-21 01:46:00.582472,Mac Failed Login,70,Medium,Mac Local System,2026-05-21 01:46:00.582 E  ecosystemd[6857:6613a7] (EcosystemAnalytics) EcosystemAnalytics.framework:RosettaCoordinator: getCodeSignatureInfo: SecStaticCodeCreate Failed url: <private>
2026-05-21 01:46:00.582722,Mac Failed Login,70,Medium,Mac Local System,2026-05-21 01:46:00.582 Df ecosystemd[6857:6613a7] [com.apple.xpc:connection] [0x906c89400] failed to do a bootstrap look-up: xpc_error=[159: Unknown error: 159]
2026-05-21 01:46:00.582751,Mac Failed Login,70,Medium,Mac Local System,2026-05-21 01:46:00.582 Df ecosystemd[6857:6613a7] [com.apple.xpc:connection] [0x906c89400] invalidated after a failed init
2026-05-21 01:46:00.583376,Mac Failed Login,70,Medium,Mac Local System,2026-05-21 01:46:00.583 E  ecosystemd[6857:6613a7] (EcosystemAnalytics) EcosystemAnalytics.framework:RosettaCoordinator: getCodeSignatureInfo: SecStaticCodeCreate Failed url: <private>
2026-05-21 01:46:00.589812,Mac Failed Login,70,Medium,Mac Local System,2026-05-21 01:46:00.589 Df ecosystemanalyticsd[53070:660b6c] [com.apple.xpc:connection] [0xa56c7c640] failed to do a bootstrap look-up: xpc_error=[159: Unknown error: 159]
2026-05-21 01:46:00.589871,Mac Failed Login,70,Medium,Mac Local System,2026-05-21 01:46:00.589 Df ecosystemanalyticsd[53070:660b6c] [com.apple.xpc:connection] [0xa56c7c640] invalidated after a failed init
2026-05-21 01:46:00.604421,Mac Failed Login,70,Medium,Mac Local System,2026-05-21 01:46:00.604 Df WindowServer[603:1050] [com.apple.SkyLight:default] pid 944 failed to act on a ping it dequeued before timing out.
2026-05-21 01:46:00.604591,Mac Failed Login,70,Medium,Mac Local System,2026-05-21 01:46:00.604 Df ecosystemd[6857:6613a7] [com.apple.xpc:connection] [0x906c89400] failed to do a bootstrap look-up: xpc_error=[159: Unknown error: 159]
2026-05-21 01:46:00.604709,Mac Failed Login,70,Medium,Mac Local System,2026-05-21 01:46:00.604 Df ecosystemanalyticsd[53070:660b6c] [com.apple.xpc:connection] [0xa56c7c640] failed to do a bootstrap look-up: xpc_error=[159: Unknown error: 159]
2026-05-21 01:46:00.604738,Mac Failed Login,70,Medium,Mac Local System,2026-05-21 01:46:00.604 Df ecosystemd[6857:6613a7] [com.apple.xpc:connection] [0x906c89400] invalidated after a failed init
2026-05-21 01:46:00.604774,Mac Failed Login,70,Medium,Mac Local System,2026-05-21 01:46:00.604 Df ecosystemanalyticsd[53070:660b6c] [com.apple.xpc:connection] [0xa56c7c640] invalidated after a failed init
2026-05-21 01:46:00.605868,Mac Failed Login,70,Medium,Mac Local System,2026-05-21 01:46:00.605 E  ecosystemd[6857:6613a7] (EcosystemAnalytics) EcosystemAnalytics.framework:RosettaCoordinator: getCodeSignatureInfo: SecStaticCodeCreate Failed url: <private>
2026-05-21 01:46:00.606188,Mac Failed Login,70,Medium,Mac Local System,2026-05-21 01:46:00.606 Df ecosystemd[6857:6613a7] [com.apple.xpc:connection] [0x906c89400] failed to do a bootstrap look-up: xpc_error=[159: Unknown error: 159]
2026-05-21 01:46:00.606233,Mac Failed Login,70,Medium,Mac Local System,2026-05-21 01:46:00.606 Df ecosystemd[6857:6613a7] [com.apple.xpc:connection] [0x906c89400] invalidated after a failed init
2026-05-21 01:46:00.669392,Mac Failed Login,70,Medium,Mac Local System,2026-05-21 01:46:00.669 E  ecosystemd[6857:6613a7] (EcosystemAnalytics) EcosystemAnalytics.framework:RosettaCoordinator: getCodeSignatureInfo: SecStaticCodeCreate Failed url: <private>
2026-05-21 01:46:00.871089,Mac Failed Login,70,Medium,Mac Local System,2026-05-21 01:46:00.870 Df ecosystemanalyticsd[53070:660b6c] [com.apple.xpc:connection] [0xa56c7c640] failed to do a bootstrap look-up: xpc_error=[159: Unknown error: 159]
2026-05-21 01:46:00.871217,Mac Failed Login,70,Medium,Mac Local System,2026-05-21 01:46:00.870 Df ecosystemanalyticsd[53070:660b6c] [com.apple.xpc:connection] [0xa56c7c640] invalidated after a failed init
2026-05-21 01:46:00.894335,Mac Failed Login,70,Medium,Mac Local System,"2026-05-21 01:46:00.894 E  runningboardd[601:6613b3] [com.apple.runningboard:process] Kernel call to get coalition roles for PID 14363, resource coalition id: 1077, jetsam coalition id: 1078, failed: ret -1, errno 2."
2026-05-21 01:46:00.935696,Mac Failed Login,70,Medium,Mac Local System,2026-05-21 01:46:00.935 Df ecosystemd[6857:6613a7] [com.apple.xpc:connection] [0x906c89400] failed to do a bootstrap look-up: xpc_error=[159: Unknown error: 159]
2026-05-21 01:46:00.935792,Mac Failed Login,70,Medium,Mac Local System,2026-05-21 01:46:00.935 Df ecosystemd[6857:6613a7] [com.apple.xpc:connection] [0x906c89400] invalidated after a failed init
2026-05-21 01:46:00.935818,Mac Failed Login,70,Medium,Mac Local System,2026-05-21 01:46:00.935 Df ecosystemanalyticsd[53070:660b6c] [com.apple.xpc:connection] [0xa56c7c640] failed to do a bootstrap look-up: xpc_error=[159: Unknown error: 159]
2026-05-21 01:46:00.935865,Mac Failed Login,70,Medium,Mac Local System,2026-05-21 01:46:00.935 Df ecosystemanalyticsd[53070:660b6c] [com.apple.xpc:connection] [0xa56c7c640] invalidated after a failed init
2026-05-21 01:46:00.936883,Mac Failed Login,70,Medium,Mac Local System,2026-05-21 01:46:00.936 E  ecosystemd[6857:6613a7] (EcosystemAnalytics) EcosystemAnalytics.framework:RosettaCoordinator: getCodeSignatureInfo: SecStaticCodeCreate Failed url: <private>
2026-05-21 01:46:00.937167,Mac Failed Login,70,Medium,Mac Local System,2026-05-21 01:46:00.937 Df ecosystemd[6857:6613a7] [com.apple.xpc:connection] [0x906c89400] failed to do a bootstrap look-up: xpc_error=[159: Unknown error: 159]
2026-05-21 01:46:00.937225,Mac Failed Login,70,Medium,Mac Local System,2026-05-21 01:46:00.937 Df ecosystemd[6857:6613a7] [com.apple.xpc:connection] [0x906c89400] invalidated after a failed init
2026-05-21 01:46:00.938369,Mac Failed Login,70,Medium,Mac Local System,2026-05-21 01:46:00.938 E  ecosystemd[6857:6613a7] (EcosystemAnalytics) EcosystemAnalytics.framework:RosettaCoordinator: getCodeSignatureInfo: SecStaticCodeCreate Failed url: <private>
2026-05-21 01:46:00.953278,Mac Failed Login,70,Medium,Mac Local System,2026-05-21 01:46:00.953 Df ecosystemanalyticsd[53070:660b6c] [com.apple.xpc:connection] [0xa56c7c640] failed to do a bootstrap look-up: xpc_error=[159: Unknown error: 159]
2026-05-21 01:46:00.953335,Mac Failed Login,70,Medium,Mac Local System,2026-05-21 01:46:00.953 Df ecosystemanalyticsd[53070:660b6c] [com.apple.xpc:connection] [0xa56c7c640] invalidated after a failed init
2026-05-21 01:46:01.067187,Mac Failed Login,70,Medium,Mac Local System,2026-05-21 01:46:01.066 Df ecosystemd[6857:6613a7] [com.apple.xpc:connection] [0x906c89400] failed to do a bootstrap look-up: xpc_error=[159: Unknown error: 159]
2026-05-21 01:46:01.067289,Mac Failed Login,70,Medium,Mac Local System,2026-05-21 01:46:01.067 Df ecosystemd[6857:6613a7] [com.apple.xpc:connection] [0x906c89400] invalidated after a failed init
2026-05-21 01:46:01.067331,Mac Failed Login,70,Medium,Mac Local System,2026-05-21 01:46:01.067 Df ecosystemanalyticsd[53070:660b6c] [com.apple.xpc:connection] [0xa56c7c640] failed to do a bootstrap look-up: xpc_error=[159: Unknown error: 159]
2026-05-21 01:46:01.067376,Mac Failed Login,70,Medium,Mac Local System,2026-05-21 01:46:01.067 Df ecosystemanalyticsd[53070:660b6c] [com.apple.xpc:connection] [0xa56c7c640] invalidated after a failed init
2026-05-21 01:46:01.068663,Mac Failed Login,70,Medium,Mac Local System,2026-05-21 01:46:01.068 E  ecosystemd[6857:6613a7] (EcosystemAnalytics) EcosystemAnalytics.framework:RosettaCoordinator: getCodeSignatureInfo: SecStaticCodeCreate Failed url: <private>
2026-05-21 01:46:01.068879,Mac Failed Login,70,Medium,Mac Local System,2026-05-21 01:46:01.068 Df ecosystemd[6857:6613a7] [com.apple.xpc:connection] [0x906c89400] failed to do a bootstrap look-up: xpc_error=[159: Unknown error: 159]
2026-05-21 01:46:01.068937,Mac Failed Login,70,Medium,Mac Local System,2026-05-21 01:46:01.068 Df ecosystemd[6857:6613a7] [com.apple.xpc:connection] [0x906c89400] invalidated after a failed init
2026-05-21 01:46:01.069837,Mac Failed Login,70,Medium,Mac Local System,2026-05-21 01:46:01.069 E  ecosystemd[6857:6613a7] (EcosystemAnalytics) EcosystemAnalytics.framework:RosettaCoordinator: getCodeSignatureInfo: SecStaticCodeCreate Failed url: <private>
2026-05-21 01:46:01.081562,Mac Failed Login,70,Medium,Mac Local System,2026-05-21 01:46:01.081 Df ecosystemanalyticsd[53070:660b6c] [com.apple.xpc:connection] [0xa56c7c640] failed to do a bootstrap look-up: xpc_error=[159: Unknown error: 159]
2026-05-21 01:46:01.081608,Mac Failed Login,70,Medium,Mac Local System,2026-05-21 01:46:01.081 Df ecosystemanalyticsd[53070:660b6c] [com.apple.xpc:connection] [0xa56c7c640] invalidated after a failed init
2026-05-21 01:46:01.116523,Mac Failed Login,70,Medium,Mac Local System,2026-05-21 01:46:01.116 Df ecosystemd[6857:6613a7] [com.apple.xpc:connection] [0x906c89400] failed to do a bootstrap look-up: xpc_error=[159: Unknown error: 159]
2026-05-21 01:46:01.116607,Mac Failed Login,70,Medium,Mac Local System,2026-05-21 01:46:01.116 Df ecosystemd[6857:6613a7] [com.apple.xpc:connection] [0x906c89400] invalidated after a failed init
2026-05-21 01:46:01.116646,Mac Failed Login,70,Medium,Mac Local System,2026-05-21 01:46:01.116 Df ecosystemanalyticsd[53070:660b6c] [com.apple.xpc:connection] [0xa56c7c640] failed to do a bootstrap look-up: xpc_error=[159: Unknown error: 159]
2026-05-21 01:46:01.116683,Mac Failed Login,70,Medium,Mac Local System,2026-05-21 01:46:01.116 Df ecosystemanalyticsd[53070:660b6c] [com.apple.xpc:connection] [0xa56c7c640] invalidated after a failed init
2026-05-21 01:46:01.117951,Mac Failed Login,70,Medium,Mac Local System,2026-05-21 01:46:01.117 E  ecosystemd[6857:6613a7] (EcosystemAnalytics) EcosystemAnalytics.framework:RosettaCoordinator: getCodeSignatureInfo: SecStaticCodeCreate Failed url: <private>
2026-05-21 01:46:01.118302,Mac Failed Login,70,Medium,Mac Local System,2026-05-21 01:46:01.118 Df ecosystemd[6857:6613a7] [com.apple.xpc:connection] [0x906c89400] failed to do a bootstrap look-up: xpc_error=[159: Unknown error: 159]
2026-05-21 01:46:01.118375,Mac Failed Login,70,Medium,Mac Local System,2026-05-21 01:46:01.118 Df ecosystemd[6857:6613a7] [com.apple.xpc:connection] [0x906c89400] invalidated after a failed init
2026-05-21 01:46:01.119357,Mac Failed Login,70,Medium,Mac Local System,2026-05-21 01:46:01.119 E  ecosystemd[6857:6613a7] (EcosystemAnalytics) EcosystemAnalytics.framework:RosettaCoordinator: getCodeSignatureInfo: SecStaticCodeCreate Failed url: <private>
2026-05-21 01:46:01.132837,Mac Failed Login,70,Medium,Mac Local System,2026-05-21 01:46:01.131 Df ecosystemanalyticsd[53070:660b6c] [com.apple.xpc:connection] [0xa56c7c640] failed to do a bootstrap look-up: xpc_error=[159: Unknown error: 159]
2026-05-21 01:46:01.133627,Mac Failed Login,70,Medium,Mac Local System,2026-05-21 01:46:01.132 Df ecosystemanalyticsd[53070:660b6c] [com.apple.xpc:connection] [0xa56c7c640] invalidated after a failed init
2026-05-21 01:46:01.166812,Mac Failed Login,70,Medium,Mac Local System,2026-05-21 01:46:01.166 Df ecosystemanalyticsd[53070:660b6c] [com.apple.xpc:connection] [0xa56c7c640] failed to do a bootstrap look-up: xpc_error=[159: Unknown error: 159]
2026-05-21 01:46:01.167032,Mac Failed Login,70,Medium,Mac Local System,2026-05-21 01:46:01.166 Df ecosystemanalyticsd[53070:660b6c] [com.apple.xpc:connection] [0xa56c7c640] invalidated after a failed init
2026-05-21 01:46:01.167095,Mac Failed Login,70,Medium,Mac Local System,2026-05-21 01:46:01.166 Df ecosystemd[6857:6613a7] [com.apple.xpc:connection] [0x906c89400] failed to do a bootstrap look-up: xpc_error=[159: Unknown error: 159]
2026-05-21 01:46:01.167229,Mac Failed Login,70,Medium,Mac Local System,2026-05-21 01:46:01.167 Df ecosystemd[6857:6613a7] [com.apple.xpc:connection] [0x906c89400] invalidated after a failed init
2026-05-21 01:46:01.168674,Mac Failed Login,70,Medium,Mac Local System,2026-05-21 01:46:01.168 E  ecosystemd[6857:6613a7] (EcosystemAnalytics) EcosystemAnalytics.framework:RosettaCoordinator: getCodeSignatureInfo: SecStaticCodeCreate Failed url: <private>
2026-05-21 01:46:01.169101,Mac Failed Login,70,Medium,Mac Local System,2026-05-21 01:46:01.168 Df ecosystemd[6857:6613a7] [com.apple.xpc:connection] [0x906c89400] failed to do a bootstrap look-up: xpc_error=[159: Unknown error: 159]
2026-05-21 01:46:01.169187,Mac Failed Login,70,Medium,Mac Local System,2026-05-21 01:46:01.168 Df ecosystemd[6857:6613a7] [com.apple.xpc:connection] [0x906c89400] invalidated after a failed init
2026-05-21 01:46:01.170570,Mac Failed Login,70,Medium,Mac Local System,2026-05-21 01:46:01.170 E  ecosystemd[6857:6613a7] (EcosystemAnalytics) EcosystemAnalytics.framework:RosettaCoordinator: getCodeSignatureInfo: SecStaticCodeCreate Failed url: <private>
2026-05-21 01:46:01.181969,Mac Failed Login,70,Medium,Mac Local System,2026-05-21 01:46:01.181 Df ecosystemanalyticsd[53070:660b6c] [com.apple.xpc:connection] [0xa56c7c640] failed to do a bootstrap look-up: xpc_error=[159: Unknown error: 159]
2026-05-21 01:46:01.182027,Mac Failed Login,70,Medium,Mac Local System,2026-05-21 01:46:01.181 Df ecosystemanalyticsd[53070:660b6c] [com.apple.xpc:connection] [0xa56c7c640] invalidated after a failed init
2026-05-21 01:46:01.204410,Mac Failed Login,70,Medium,Mac Local System,2026-05-21 01:46:01.204 Df ecosystemanalyticsd[53070:660b6c] [com.apple.xpc:connection] [0xa56c7c640] failed to do a bootstrap look-up: xpc_error=[159: Unknown error: 159]
2026-05-21 01:46:01.204531,Mac Failed Login,70,Medium,Mac Local System,2026-05-21 01:46:01.204 Df ecosystemanalyticsd[53070:660b6c] [com.apple.xpc:connection] [0xa56c7c640] invalidated after a failed init
2026-05-21 01:46:01.204759,Mac Failed Login,70,Medium,Mac Local System,2026-05-21 01:46:01.204 Df ecosystemd[6857:6613a7] [com.apple.xpc:connection] [0x906c89400] failed to do a bootstrap look-up: xpc_error=[159: Unknown error: 159]
2026-05-21 01:46:01.204800,Mac Failed Login,70,Medium,Mac Local System,2026-05-21 01:46:01.204 Df ecosystemd[6857:6613a7] [com.apple.xpc:connection] [0x906c89400] invalidated after a failed init
2026-05-21 01:46:01.205857,Mac Failed Login,70,Medium,Mac Local System,2026-05-21 01:46:01.205 E  ecosystemd[6857:6613a7] (EcosystemAnalytics) EcosystemAnalytics.framework:RosettaCoordinator: getCodeSignatureInfo: SecStaticCodeCreate Failed url: <private>
2026-05-21 01:46:01.206481,Mac Failed Login,70,Medium,Mac Local System,2026-05-21 01:46:01.206 Df ecosystemd[6857:6613a7] [com.apple.xpc:connection] [0x906c89400] failed to do a bootstrap look-up: xpc_error=[159: Unknown error: 159]
2026-05-21 01:46:01.206628,Mac Failed Login,70,Medium,Mac Local System,2026-05-21 01:46:01.206 Df ecosystemd[6857:6613a7] [com.apple.xpc:connection] [0x906c89400] invalidated after a failed init
2026-05-21 01:46:01.209418,Mac Failed Login,70,Medium,Mac Local System,2026-05-21 01:46:01.209 E  ecosystemd[6857:6613a7] (EcosystemAnalytics) EcosystemAnalytics.framework:RosettaCoordinator: getCodeSignatureInfo: SecStaticCodeCreate Failed url: <private>
2026-05-21 01:46:01.219602,Mac Failed Login,70,Medium,Mac Local System,2026-05-21 01:46:01.219 Df ecosystemanalyticsd[53070:660b6c] [com.apple.xpc:connection] [0xa56c7c640] failed to do a bootstrap look-up: xpc_error=[159: Unknown error: 159]
2026-05-21 01:46:01.219668,Mac Failed Login,70,Medium,Mac Local System,2026-05-21 01:46:01.219 Df ecosystemanalyticsd[53070:660b6c] [com.apple.xpc:connection] [0xa56c7c640] invalidated after a failed init
2026-05-21 01:46:01.239863,Mac Failed Login,70,Medium,Mac Local System,2026-05-21 01:46:01.239 Df ecosystemanalyticsd[53070:660b6c] [com.apple.xpc:connection] [0xa56c7c640] failed to do a bootstrap look-up: xpc_error=[159: Unknown error: 159]
2026-05-21 01:46:01.239942,Mac Failed Login,70,Medium,Mac Local System,2026-05-21 01:46:01.239 Df ecosystemanalyticsd[53070:660b6c] [com.apple.xpc:connection] [0xa56c7c640] invalidated after a failed init
2026-05-21 01:46:01.240100,Mac Failed Login,70,Medium,Mac Local System,2026-05-21 01:46:01.239 Df ecosystemd[6857:6613a7] [com.apple.xpc:connection] [0x906c89400] failed to do a bootstrap look-up: xpc_error=[159: Unknown error: 159]
2026-05-21 01:46:01.240167,Mac Failed Login,70,Medium,Mac Local System,2026-05-21 01:46:01.239 Df ecosystemd[6857:6613a7] [com.apple.xpc:connection] [0x906c89400] invalidated after a failed init
2026-05-21 01:46:01.241505,Mac Failed Login,70,Medium,Mac Local System,2026-05-21 01:46:01.241 E  ecosystemd[6857:6613a7] (EcosystemAnalytics) EcosystemAnalytics.framework:RosettaCoordinator: getCodeSignatureInfo: SecStaticCodeCreate Failed url: <private>
2026-05-21 01:46:01.242612,Mac Failed Login,70,Medium,Mac Local System,2026-05-21 01:46:01.242 Df ecosystemd[6857:6613a7] [com.apple.xpc:connection] [0x906c89400] failed to do a bootstrap look-up: xpc_error=[159: Unknown error: 159]
2026-05-21 01:46:01.242737,Mac Failed Login,70,Medium,Mac Local System,2026-05-21 01:46:01.242 Df ecosystemd[6857:6613a7] [com.apple.xpc:connection] [0x906c89400] invalidated after a failed init
2026-05-21 01:46:01.245809,Mac Failed Login,70,Medium,Mac Local System,2026-05-21 01:46:01.245 E  ecosystemd[6857:6613a7] (EcosystemAnalytics) EcosystemAnalytics.framework:RosettaCoordinator: getCodeSignatureInfo: SecStaticCodeCreate Failed url: <private>
2026-05-21 01:46:01.253955,Mac Failed Login,70,Medium,Mac Local System,2026-05-21 01:46:01.253 Df ecosystemanalyticsd[53070:660b6c] [com.apple.xpc:connection] [0xa56c7c640] failed to do a bootstrap look-up: xpc_error=[159: Unknown error: 159]
2026-05-21 01:46:01.254058,Mac Failed Login,70,Medium,Mac Local System,2026-05-21 01:46:01.253 Df ecosystemanalyticsd[53070:660b6c] [com.apple.xpc:connection] [0xa56c7c640] invalidated after a failed init
2026-05-21 01:46:01.275154,Mac Failed Login,70,Medium,Mac Local System,2026-05-21 01:46:01.274 Df ecosystemanalyticsd[53070:660b6c] [com.apple.xpc:connection] [0xa56c7c640] failed to do a bootstrap look-up: xpc_error=[159: Unknown error: 159]
2026-05-21 01:46:01.275274,Mac Failed Login,70,Medium,Mac Local System,2026-05-21 01:46:01.274 Df ecosystemd[6857:6613a7] [com.apple.xpc:connection] [0x906c89400] failed to do a bootstrap look-up: xpc_error=[159: Unknown error: 159]
2026-05-21 01:46:01.275319,Mac Failed Login,70,Medium,Mac Local System,2026-05-21 01:46:01.275 Df ecosystemanalyticsd[53070:660b6c] [com.apple.xpc:connection] [0xa56c7c640] invalidated after a failed init
2026-05-21 01:46:01.275467,Mac Failed Login,70,Medium,Mac Local System,2026-05-21 01:46:01.275 Df ecosystemd[6857:6613a7] [com.apple.xpc:connection] [0x906c89400] invalidated after a failed init
2026-05-21 01:46:01.277133,Mac Failed Login,70,Medium,Mac Local System,2026-05-21 01:46:01.276 E  ecosystemd[6857:6613a7] (EcosystemAnalytics) EcosystemAnalytics.framework:RosettaCoordinator: getCodeSignatureInfo: SecStaticCodeCreate Failed url: <private>
2026-05-21 01:46:01.277718,Mac Failed Login,70,Medium,Mac Local System,2026-05-21 01:46:01.277 Df ecosystemd[6857:6613a7] [com.apple.xpc:connection] [0x906c89400] failed to do a bootstrap look-up: xpc_error=[159: Unknown error: 159]
2026-05-21 01:46:01.277773,Mac Failed Login,70,Medium,Mac Local System,2026-05-21 01:46:01.277 Df ecosystemd[6857:6613a7] [com.apple.xpc:connection] [0x906c89400] invalidated after a failed init
2026-05-21 01:46:01.279515,Mac Failed Login,70,Medium,Mac Local System,2026-05-21 01:46:01.279 E  ecosystemd[6857:6613a7] (EcosystemAnalytics) EcosystemAnalytics.framework:RosettaCoordinator: getCodeSignatureInfo: SecStaticCodeCreate Failed url: <private>
2026-05-21 01:46:01.290885,Mac Failed Login,70,Medium,Mac Local System,2026-05-21 01:46:01.290 Df ecosystemanalyticsd[53070:660b6c] [com.apple.xpc:connection] [0xa56c7c640] failed to do a bootstrap look-up: xpc_error=[159: Unknown error: 159]
2026-05-21 01:46:01.290953,Mac Failed Login,70,Medium,Mac Local System,2026-05-21 01:46:01.290 Df ecosystemanalyticsd[53070:660b6c] [com.apple.xpc:connection] [0xa56c7c640] invalidated after a failed init
2026-05-21 01:46:01.312379,Mac Failed Login,70,Medium,Mac Local System,2026-05-21 01:46:01.312 Df ecosystemanalyticsd[53070:660b6c] [com.apple.xpc:connection] [0xa56c7c640] failed to do a bootstrap look-up: xpc_error=[159: Unknown error: 159]
2026-05-21 01:46:01.312491,Mac Failed Login,70,Medium,Mac Local System,2026-05-21 01:46:01.312 Df ecosystemd[6857:6613a7] [com.apple.xpc:connection] [0x906c89400] failed to do a bootstrap look-up: xpc_error=[159: Unknown error: 159]
2026-05-21 01:46:01.312525,Mac Failed Login,70,Medium,Mac Local System,2026-05-21 01:46:01.312 Df ecosystemd[6857:6613a7] [com.apple.xpc:connection] [0x906c89400] invalidated after a failed init
2026-05-21 01:46:01.312560,Mac Failed Login,70,Medium,Mac Local System,2026-05-21 01:46:01.312 Df ecosystemanalyticsd[53070:660b6c] [com.apple.xpc:connection] [0xa56c7c640] invalidated after a failed init
2026-05-21 01:46:01.314197,Mac Failed Login,70,Medium,Mac Local System,2026-05-21 01:46:01.314 E  ecosystemd[6857:6613a7] (EcosystemAnalytics) EcosystemAnalytics.framework:RosettaCoordinator: getCodeSignatureInfo: SecStaticCodeCreate Failed url: <private>
2026-05-21 01:46:01.314716,Mac Failed Login,70,Medium,Mac Local System,2026-05-21 01:46:01.314 Df ecosystemd[6857:6613a7] [com.apple.xpc:connection] [0x906c89400] failed to do a bootstrap look-up: xpc_error=[159: Unknown error: 159]
2026-05-21 01:46:01.314774,Mac Failed Login,70,Medium,Mac Local System,2026-05-21 01:46:01.314 Df ecosystemd[6857:6613a7] [com.apple.xpc:connection] [0x906c89400] invalidated after a failed init
2026-05-21 01:46:01.318012,Mac Failed Login,70,Medium,Mac Local System,2026-05-21 01:46:01.317 E  ecosystemd[6857:6613a7] (EcosystemAnalytics) EcosystemAnalytics.framework:RosettaCoordinator: getCodeSignatureInfo: SecStaticCodeCreate Failed url: <private>
2026-05-21 01:46:01.327204,Mac Failed Login,70,Medium,Mac Local System,2026-05-21 01:46:01.326 Df ecosystemanalyticsd[53070:660b6c] [com.apple.xpc:connection] [0xa56c7c640] failed to do a bootstrap look-up: xpc_error=[159: Unknown error: 159]
2026-05-21 01:46:01.327287,Mac Failed Login,70,Medium,Mac Local System,2026-05-21 01:46:01.327 Df ecosystemanalyticsd[53070:660b6c] [com.apple.xpc:connection] [0xa56c7c640] invalidated after a failed init
2026-05-21 01:46:01.347975,Mac Failed Login,70,Medium,Mac Local System,2026-05-21 01:46:01.347 Df ecosystemanalyticsd[53070:660b6c] [com.apple.xpc:connection] [0xa56c7c640] failed to do a bootstrap look-up: xpc_error=[159: Unknown error: 159]
2026-05-21 01:46:01.348101,Mac Failed Login,70,Medium,Mac Local System,2026-05-21 01:46:01.347 Df ecosystemanalyticsd[53070:660b6c] [com.apple.xpc:connection] [0xa56c7c640] invalidated after a failed init
2026-05-21 01:46:01.348373,Mac Failed Login,70,Medium,Mac Local System,2026-05-21 01:46:01.348 Df ecosystemd[6857:6613a7] [com.apple.xpc:connection] [0x906c89400] failed to do a bootstrap look-up: xpc_error=[159: Unknown error: 159]
2026-05-21 01:46:01.348509,Mac Failed Login,70,Medium,Mac Local System,2026-05-21 01:46:01.348 Df ecosystemd[6857:6613a7] [com.apple.xpc:connection] [0x906c89400] invalidated after a failed init
2026-05-21 01:46:01.350209,Mac Failed Login,70,Medium,Mac Local System,2026-05-21 01:46:01.350 E  ecosystemd[6857:6613a7] (EcosystemAnalytics) EcosystemAnalytics.framework:RosettaCoordinator: getCodeSignatureInfo: SecStaticCodeCreate Failed url: <private>
2026-05-21 01:46:01.350675,Mac Failed Login,70,Medium,Mac Local System,2026-05-21 01:46:01.350 Df ecosystemd[6857:6613a7] [com.apple.xpc:connection] [0x906c89400] failed to do a bootstrap look-up: xpc_error=[159: Unknown error: 159]
2026-05-21 01:46:01.350752,Mac Failed Login,70,Medium,Mac Local System,2026-05-21 01:46:01.350 Df ecosystemd[6857:6613a7] [com.apple.xpc:connection] [0x906c89400] invalidated after a failed init
2026-05-21 01:46:01.352072,Mac Failed Login,70,Medium,Mac Local System,2026-05-21 01:46:01.351 E  ecosystemd[6857:6613a7] (EcosystemAnalytics) EcosystemAnalytics.framework:RosettaCoordinator: getCodeSignatureInfo: SecStaticCodeCreate Failed url: <private>
2026-05-21 01:46:01.362017,Mac Failed Login,70,Medium,Mac Local System,2026-05-21 01:46:01.361 Df ecosystemanalyticsd[53070:660b6c] [com.apple.xpc:connection] [0xa56c7c640] failed to do a bootstrap look-up: xpc_error=[159: Unknown error: 159]
2026-05-21 01:46:01.362136,Mac Failed Login,70,Medium,Mac Local System,2026-05-21 01:46:01.361 Df ecosystemanalyticsd[53070:660b6c] [com.apple.xpc:connection] [0xa56c7c640] invalidated after a failed init
2026-05-21 01:46:01.381428,Mac Failed Login,70,Medium,Mac Local System,2026-05-21 01:46:01.381 Df ecosystemanalyticsd[53070:660b6c] [com.apple.xpc:connection] [0xa56c7c640] failed to do a bootstrap look-up: xpc_error=[159: Unknown error: 159]
2026-05-21 01:46:01.381575,Mac Failed Login,70,Medium,Mac Local System,2026-05-21 01:46:01.381 Df ecosystemanalyticsd[53070:660b6c] [com.apple.xpc:connection] [0xa56c7c640] invalidated after a failed init
2026-05-21 01:46:01.381990,Mac Failed Login,70,Medium,Mac Local System,2026-05-21 01:46:01.381 Df ecosystemd[6857:6613a7] [com.apple.xpc:connection] [0x906c89400] failed to do a bootstrap look-up: xpc_error=[159: Unknown error: 159]
2026-05-21 01:46:01.383079,Mac Failed Login,70,Medium,Mac Local System,2026-05-21 01:46:01.382 Df ecosystemd[6857:6613a7] [com.apple.xpc:connection] [0x906c89400] invalidated after a failed init
2026-05-21 01:46:01.384380,Mac Failed Login,70,Medium,Mac Local System,2026-05-21 01:46:01.384 E  ecosystemd[6857:6613a7] (EcosystemAnalytics) EcosystemAnalytics.framework:RosettaCoordinator: getCodeSignatureInfo: SecStaticCodeCreate Failed url: <private>
2026-05-21 01:46:01.384845,Mac Failed Login,70,Medium,Mac Local System,2026-05-21 01:46:01.384 Df ecosystemd[6857:6613a7] [com.apple.xpc:connection] [0x906c89400] failed to do a bootstrap look-up: xpc_error=[159: Unknown error: 159]
2026-05-21 01:46:01.384915,Mac Failed Login,70,Medium,Mac Local System,2026-05-21 01:46:01.384 Df ecosystemd[6857:6613a7] [com.apple.xpc:connection] [0x906c89400] invalidated after a failed init
2026-05-21 01:46:01.386046,Mac Failed Login,70,Medium,Mac Local System,2026-05-21 01:46:01.385 E  ecosystemd[6857:6613a7] (EcosystemAnalytics) EcosystemAnalytics.framework:RosettaCoordinator: getCodeSignatureInfo: SecStaticCodeCreate Failed url: <private>
2026-05-21 01:46:01.394190,Mac Failed Login,70,Medium,Mac Local System,2026-05-21 01:46:01.394 Df ecosystemanalyticsd[53070:660b6c] [com.apple.xpc:connection] [0xa56c7c640] failed to do a bootstrap look-up: xpc_error=[159: Unknown error: 159]
2026-05-21 01:46:01.394265,Mac Failed Login,70,Medium,Mac Local System,2026-05-21 01:46:01.394 Df ecosystemanalyticsd[53070:660b6c] [com.apple.xpc:connection] [0xa56c7c640] invalidated after a failed init
2026-05-21 01:46:01.416740,Mac Failed Login,70,Medium,Mac Local System,2026-05-21 01:46:01.416 Df ecosystemanalyticsd[53070:660b6c] [com.apple.xpc:connection] [0xa56c7c640] failed to do a bootstrap look-up: xpc_error=[159: Unknown error: 159]
2026-05-21 01:46:01.416861,Mac Failed Login,70,Medium,Mac Local System,2026-05-21 01:46:01.416 Df ecosystemanalyticsd[53070:660b6c] [com.apple.xpc:connection] [0xa56c7c640] invalidated after a failed init
2026-05-21 01:46:01.417015,Mac Failed Login,70,Medium,Mac Local System,2026-05-21 01:46:01.416 Df ecosystemd[6857:6613a7] [com.apple.xpc:connection] [0x906c89400] failed to do a bootstrap look-up: xpc_error=[159: Unknown error: 159]
2026-05-21 01:46:01.417065,Mac Failed Login,70,Medium,Mac Local System,2026-05-21 01:46:01.416 Df ecosystemd[6857:6613a7] [com.apple.xpc:connection] [0x906c89400] invalidated after a failed init
2026-05-21 01:46:01.417962,Mac Failed Login,70,Medium,Mac Local System,2026-05-21 01:46:01.417 E  ecosystemd[6857:6613a7] (EcosystemAnalytics) EcosystemAnalytics.framework:RosettaCoordinator: getCodeSignatureInfo: SecStaticCodeCreate Failed url: <private>
2026-05-21 01:46:01.418236,Mac Failed Login,70,Medium,Mac Local System,2026-05-21 01:46:01.418 Df ecosystemd[6857:6613a7] [com.apple.xpc:connection] [0x906c89400] failed to do a bootstrap look-up: xpc_error=[159: Unknown error: 159]
2026-05-21 01:46:01.418295,Mac Failed Login,70,Medium,Mac Local System,2026-05-21 01:46:01.418 Df ecosystemd[6857:6613a7] [com.apple.xpc:connection] [0x906c89400] invalidated after a failed init
2026-05-21 01:46:01.419188,Mac Failed Login,70,Medium,Mac Local System,2026-05-21 01:46:01.419 E  ecosystemd[6857:6613a7] (EcosystemAnalytics) EcosystemAnalytics.framework:RosettaCoordinator: getCodeSignatureInfo: SecStaticCodeCreate Failed url: <private>
2026-05-21 01:46:01.428806,Mac Failed Login,70,Medium,Mac Local System,2026-05-21 01:46:01.428 Df ecosystemanalyticsd[53070:660b6c] [com.apple.xpc:connection] [0xa56c7c640] failed to do a bootstrap look-up: xpc_error=[159: Unknown error: 159]
2026-05-21 01:46:01.428882,Mac Failed Login,70,Medium,Mac Local System,2026-05-21 01:46:01.428 Df ecosystemanalyticsd[53070:660b6c] [com.apple.xpc:connection] [0xa56c7c640] invalidated after a failed init
2026-05-21 01:46:01.453980,Mac Failed Login,70,Medium,Mac Local System,2026-05-21 01:46:01.453 Df ecosystemanalyticsd[53070:660b6c] [com.apple.xpc:connection] [0xa56c7c640] failed to do a bootstrap look-up: xpc_error=[159: Unknown error: 159]
2026-05-21 01:46:01.454137,Mac Failed Login,70,Medium,Mac Local System,2026-05-21 01:46:01.453 Df ecosystemanalyticsd[53070:660b6c] [com.apple.xpc:connection] [0xa56c7c640] invalidated after a failed init
2026-05-21 01:46:01.454952,Mac Failed Login,70,Medium,Mac Local System,2026-05-21 01:46:01.454 Df ecosystemd[6857:6613a7] [com.apple.xpc:connection] [0x906c89400] failed to do a bootstrap look-up: xpc_error=[159: Unknown error: 159]
2026-05-21 01:46:01.455083,Mac Failed Login,70,Medium,Mac Local System,2026-05-21 01:46:01.454 Df ecosystemd[6857:6613a7] [com.apple.xpc:connection] [0x906c89400] invalidated after a failed init
2026-05-21 01:46:01.458015,Mac Failed Login,70,Medium,Mac Local System,2026-05-21 01:46:01.457 E  ecosystemd[6857:6613a7] (EcosystemAnalytics) EcosystemAnalytics.framework:RosettaCoordinator: getCodeSignatureInfo: SecStaticCodeCreate Failed url: <private>
2026-05-21 01:46:01.459346,Mac Failed Login,70,Medium,Mac Local System,2026-05-21 01:46:01.459 Df ecosystemd[6857:6613a7] [com.apple.xpc:connection] [0x906c89400] failed to do a bootstrap look-up: xpc_error=[159: Unknown error: 159]
2026-05-21 01:46:01.459464,Mac Failed Login,70,Medium,Mac Local System,2026-05-21 01:46:01.459 Df ecosystemd[6857:6613a7] [com.apple.xpc:connection] [0x906c89400] invalidated after a failed init
2026-05-21 01:46:01.462931,Mac Failed Login,70,Medium,Mac Local System,2026-05-21 01:46:01.462 E  ecosystemd[6857:6613a7] (EcosystemAnalytics) EcosystemAnalytics.framework:RosettaCoordinator: getCodeSignatureInfo: SecStaticCodeCreate Failed url: <private>
2026-05-21 01:46:01.476488,Mac Failed Login,70,Medium,Mac Local System,2026-05-21 01:46:01.476 Df ecosystemanalyticsd[53070:660b6c] [com.apple.xpc:connection] [0xa56c7c640] failed to do a bootstrap look-up: xpc_error=[159: Unknown error: 159]
2026-05-21 01:46:01.476565,Mac Failed Login,70,Medium,Mac Local System,2026-05-21 01:46:01.476 Df ecosystemanalyticsd[53070:660b6c] [com.apple.xpc:connection] [0xa56c7c640] invalidated after a failed init
2026-05-21 01:46:01.497856,Mac Failed Login,70,Medium,Mac Local System,2026-05-21 01:46:01.497 Df ecosystemd[6857:6613a7] [com.apple.xpc:connection] [0x906c89400] failed to do a bootstrap look-up: xpc_error=[159: Unknown error: 159]
2026-05-21 01:46:01.497977,Mac Failed Login,70,Medium,Mac Local System,2026-05-21 01:46:01.497 Df ecosystemd[6857:6613a7] [com.apple.xpc:connection] [0x906c89400] invalidated after a failed init
2026-05-21 01:46:01.498017,Mac Failed Login,70,Medium,Mac Local System,2026-05-21 01:46:01.497 Df ecosystemanalyticsd[53070:660b6c] [com.apple.xpc:connection] [0xa56c7c640] failed to do a bootstrap look-up: xpc_error=[159: Unknown error: 159]
2026-05-21 01:46:01.498050,Mac Failed Login,70,Medium,Mac Local System,2026-05-21 01:46:01.497 Df ecosystemanalyticsd[53070:660b6c] [com.apple.xpc:connection] [0xa56c7c640] invalidated after a failed init
2026-05-21 01:46:01.499077,Mac Failed Login,70,Medium,Mac Local System,2026-05-21 01:46:01.498 E  ecosystemd[6857:6613a7] (EcosystemAnalytics) EcosystemAnalytics.framework:RosettaCoordinator: getCodeSignatureInfo: SecStaticCodeCreate Failed url: <private>
2026-05-21 01:46:01.499629,Mac Failed Login,70,Medium,Mac Local System,2026-05-21 01:46:01.499 Df ecosystemd[6857:6613a7] [com.apple.xpc:connection] [0x906c89400] failed to do a bootstrap look-up: xpc_error=[159: Unknown error: 159]
2026-05-21 01:46:01.499693,Mac Failed Login,70,Medium,Mac Local System,2026-05-21 01:46:01.499 Df ecosystemd[6857:6613a7] [com.apple.xpc:connection] [0x906c89400] invalidated after a failed init
2026-05-21 01:46:01.501231,Mac Failed Login,70,Medium,Mac Local System,2026-05-21 01:46:01.501 E  ecosystemd[6857:6613a7] (EcosystemAnalytics) EcosystemAnalytics.framework:RosettaCoordinator: getCodeSignatureInfo: SecStaticCodeCreate Failed url: <private>
2026-05-21 01:46:01.511283,Mac Failed Login,70,Medium,Mac Local System,2026-05-21 01:46:01.511 Df ecosystemanalyticsd[53070:660b6c] [com.apple.xpc:connection] [0xa56c7c640] failed to do a bootstrap look-up: xpc_error=[159: Unknown error: 159]
2026-05-21 01:46:01.511378,Mac Failed Login,70,Medium,Mac Local System,2026-05-21 01:46:01.511 Df ecosystemanalyticsd[53070:660b6c] [com.apple.xpc:connection] [0xa56c7c640] invalidated after a failed init
2026-05-21 01:46:01.553586,Mac Failed Login,70,Medium,Mac Local System,2026-05-21 01:46:01.553 Df ecosystemd[6857:6613a7] [com.apple.xpc:connection] [0x906c89400] failed to do a bootstrap look-up: xpc_error=[159: Unknown error: 159]
2026-05-21 01:46:01.553881,Mac Failed Login,70,Medium,Mac Local System,2026-05-21 01:46:01.553 Df ecosystemd[6857:6613a7] [com.apple.xpc:connection] [0x906c89400] invalidated after a failed init
2026-05-21 01:46:01.554416,Mac Failed Login,70,Medium,Mac Local System,2026-05-21 01:46:01.554 Df ecosystemanalyticsd[53070:660b6c] [com.apple.xpc:connection] [0xa56c7c640] failed to do a bootstrap look-up: xpc_error=[159: Unknown error: 159]
2026-05-21 01:46:01.554498,Mac Failed Login,70,Medium,Mac Local System,2026-05-21 01:46:01.554 Df ecosystemanalyticsd[53070:660b6c] [com.apple.xpc:connection] [0xa56c7c640] invalidated after a failed init
2026-05-21 01:46:01.556090,Mac Failed Login,70,Medium,Mac Local System,2026-05-21 01:46:01.555 E  ecosystemd[6857:6613a7] (EcosystemAnalytics) EcosystemAnalytics.framework:RosettaCoordinator: getCodeSignatureInfo: SecStaticCodeCreate Failed url: <private>
2026-05-21 01:46:01.556676,Mac Failed Login,70,Medium,Mac Local System,2026-05-21 01:46:01.556 Df ecosystemd[6857:6613a7] [com.apple.xpc:connection] [0x906c89400] failed to do a bootstrap look-up: xpc_error=[159: Unknown error: 159]
2026-05-21 01:46:01.556769,Mac Failed Login,70,Medium,Mac Local System,2026-05-21 01:46:01.556 Df ecosystemd[6857:6613a7] [com.apple.xpc:connection] [0x906c89400] invalidated after a failed init
2026-05-21 01:46:01.560854,Mac Failed Login,70,Medium,Mac Local System,2026-05-21 01:46:01.560 E  ecosystemd[6857:6613a7] (EcosystemAnalytics) EcosystemAnalytics.framework:RosettaCoordinator: getCodeSignatureInfo: SecStaticCodeCreate Failed url: <private>
2026-05-21 01:46:01.588334,Mac Failed Login,70,Medium,Mac Local System,2026-05-21 01:46:01.588 Df ecosystemanalyticsd[53070:660b6c] [com.apple.xpc:connection] [0xa56c7c640] failed to do a bootstrap look-up: xpc_error=[159: Unknown error: 159]
2026-05-21 01:46:01.588459,Mac Failed Login,70,Medium,Mac Local System,2026-05-21 01:46:01.588 Df ecosystemanalyticsd[53070:660b6c] [com.apple.xpc:connection] [0xa56c7c640] invalidated after a failed init
2026-05-21 01:46:01.609407,Mac Failed Login,70,Medium,Mac Local System,2026-05-21 01:46:01.609 Df ecosystemanalyticsd[53070:660b6c] [com.apple.xpc:connection] [0xa56c7c640] failed to do a bootstrap look-up: xpc_error=[159: Unknown error: 159]
2026-05-21 01:46:01.609549,Mac Failed Login,70,Medium,Mac Local System,2026-05-21 01:46:01.609 Df ecosystemanalyticsd[53070:660b6c] [com.apple.xpc:connection] [0xa56c7c640] invalidated after a failed init
2026-05-21 01:46:01.609599,Mac Failed Login,70,Medium,Mac Local System,2026-05-21 01:46:01.609 Df ecosystemd[6857:6613a7] [com.apple.xpc:connection] [0x906c89400] failed to do a bootstrap look-up: xpc_error=[159: Unknown error: 159]
2026-05-21 01:46:01.609739,Mac Failed Login,70,Medium,Mac Local System,2026-05-21 01:46:01.609 Df ecosystemd[6857:6613a7] [com.apple.xpc:connection] [0x906c89400] invalidated after a failed init
2026-05-21 01:46:01.611122,Mac Failed Login,70,Medium,Mac Local System,2026-05-21 01:46:01.610 E  ecosystemd[6857:6613a7] (EcosystemAnalytics) EcosystemAnalytics.framework:RosettaCoordinator: getCodeSignatureInfo: SecStaticCodeCreate Failed url: <private>
2026-05-21 01:46:01.611603,Mac Failed Login,70,Medium,Mac Local System,2026-05-21 01:46:01.611 Df ecosystemd[6857:6613a7] [com.apple.xpc:connection] [0x906c89400] failed to do a bootstrap look-up: xpc_error=[159: Unknown error: 159]
2026-05-21 01:46:01.611682,Mac Failed Login,70,Medium,Mac Local System,2026-05-21 01:46:01.611 Df ecosystemd[6857:6613a7] [com.apple.xpc:connection] [0x906c89400] invalidated after a failed init
2026-05-21 01:46:01.613258,Mac Failed Login,70,Medium,Mac Local System,2026-05-21 01:46:01.613 E  ecosystemd[6857:6613a7] (EcosystemAnalytics) EcosystemAnalytics.framework:RosettaCoordinator: getCodeSignatureInfo: SecStaticCodeCreate Failed url: <private>
2026-05-21 01:46:01.625674,Mac Failed Login,70,Medium,Mac Local System,2026-05-21 01:46:01.625 Df ecosystemanalyticsd[53070:660b6c] [com.apple.xpc:connection] [0xa56c7c640] failed to do a bootstrap look-up: xpc_error=[159: Unknown error: 159]
2026-05-21 01:46:01.625750,Mac Failed Login,70,Medium,Mac Local System,2026-05-21 01:46:01.625 Df ecosystemanalyticsd[53070:660b6c] [com.apple.xpc:connection] [0xa56c7c640] invalidated after a failed init
2026-05-21 01:46:01.649026,Mac Failed Login,70,Medium,Mac Local System,2026-05-21 01:46:01.648 Df ecosystemd[6857:6613a7] [com.apple.xpc:connection] [0x906c89400] failed to do a bootstrap look-up: xpc_error=[159: Unknown error: 159]
2026-05-21 01:46:01.649131,Mac Failed Login,70,Medium,Mac Local System,2026-05-21 01:46:01.648 Df ecosystemd[6857:6613a7] [com.apple.xpc:connection] [0x906c89400] invalidated after a failed init
2026-05-21 01:46:01.649235,Mac Failed Login,70,Medium,Mac Local System,2026-05-21 01:46:01.649 Df ecosystemanalyticsd[53070:660b6c] [com.apple.xpc:connection] [0xa56c7c640] failed to do a bootstrap look-up: xpc_error=[159: Unknown error: 159]
2026-05-21 01:46:01.649275,Mac Failed Login,70,Medium,Mac Local System,2026-05-21 01:46:01.649 Df ecosystemanalyticsd[53070:660b6c] [com.apple.xpc:connection] [0xa56c7c640] invalidated after a failed init
2026-05-21 01:46:01.650586,Mac Failed Login,70,Medium,Mac Local System,2026-05-21 01:46:01.650 E  ecosystemd[6857:6613a7] (EcosystemAnalytics) EcosystemAnalytics.framework:RosettaCoordinator: getCodeSignatureInfo: SecStaticCodeCreate Failed url: <private>
2026-05-21 01:46:01.651118,Mac Failed Login,70,Medium,Mac Local System,2026-05-21 01:46:01.650 Df ecosystemd[6857:6613a7] [com.apple.xpc:connection] [0x906c89400] failed to do a bootstrap look-up: xpc_error=[159: Unknown error: 159]
2026-05-21 01:46:01.651185,Mac Failed Login,70,Medium,Mac Local System,2026-05-21 01:46:01.651 Df ecosystemd[6857:6613a7] [com.apple.xpc:connection] [0x906c89400] invalidated after a failed init
2026-05-21 01:46:01.652247,Mac Failed Login,70,Medium,Mac Local System,2026-05-21 01:46:01.652 E  ecosystemd[6857:6613a7] (EcosystemAnalytics) EcosystemAnalytics.framework:RosettaCoordinator: getCodeSignatureInfo: SecStaticCodeCreate Failed url: <private>
2026-05-21 01:46:01.662026,Mac Failed Login,70,Medium,Mac Local System,2026-05-21 01:46:01.661 Df ecosystemanalyticsd[53070:660b6c] [com.apple.xpc:connection] [0xa56c7c640] failed to do a bootstrap look-up: xpc_error=[159: Unknown error: 159]
2026-05-21 01:46:01.662114,Mac Failed Login,70,Medium,Mac Local System,2026-05-21 01:46:01.661 Df ecosystemanalyticsd[53070:660b6c] [com.apple.xpc:connection] [0xa56c7c640] invalidated after a failed init
2026-05-21 01:46:01.681587,Mac Failed Login,70,Medium,Mac Local System,2026-05-21 01:46:01.681 Df ecosystemd[6857:6613a7] [com.apple.xpc:connection] [0x906c89400] failed to do a bootstrap look-up: xpc_error=[159: Unknown error: 159]
2026-05-21 01:46:01.681699,Mac Failed Login,70,Medium,Mac Local System,2026-05-21 01:46:01.681 Df ecosystemd[6857:6613a7] [com.apple.xpc:connection] [0x906c89400] invalidated after a failed init
2026-05-21 01:46:01.681823,Mac Failed Login,70,Medium,Mac Local System,2026-05-21 01:46:01.681 Df ecosystemanalyticsd[53070:660b6c] [com.apple.xpc:connection] [0xa56c7c640] failed to do a bootstrap look-up: xpc_error=[159: Unknown error: 159]
2026-05-21 01:46:01.681876,Mac Failed Login,70,Medium,Mac Local System,2026-05-21 01:46:01.681 Df ecosystemanalyticsd[53070:660b6c] [com.apple.xpc:connection] [0xa56c7c640] invalidated after a failed init
2026-05-21 01:46:01.683695,Mac Failed Login,70,Medium,Mac Local System,2026-05-21 01:46:01.683 E  ecosystemd[6857:6613a7] (EcosystemAnalytics) EcosystemAnalytics.framework:RosettaCoordinator: getCodeSignatureInfo: SecStaticCodeCreate Failed url: <private>
2026-05-21 01:46:01.684215,Mac Failed Login,70,Medium,Mac Local System,2026-05-21 01:46:01.683 Df ecosystemd[6857:6613a7] [com.apple.xpc:connection] [0x906c89400] failed to do a bootstrap look-up: xpc_error=[159: Unknown error: 159]
2026-05-21 01:46:01.684313,Mac Failed Login,70,Medium,Mac Local System,2026-05-21 01:46:01.684 Df ecosystemd[6857:6613a7] [com.apple.xpc:connection] [0x906c89400] invalidated after a failed init
2026-05-21 01:46:01.685932,Mac Failed Login,70,Medium,Mac Local System,2026-05-21 01:46:01.685 E  ecosystemd[6857:6613a7] (EcosystemAnalytics) EcosystemAnalytics.framework:RosettaCoordinator: getCodeSignatureInfo: SecStaticCodeCreate Failed url: <private>
2026-05-21 01:46:01.702403,Mac Failed Login,70,Medium,Mac Local System,2026-05-21 01:46:01.702 Df ecosystemanalyticsd[53070:660b6c] [com.apple.xpc:connection] [0xa56c7c640] failed to do a bootstrap look-up: xpc_error=[159: Unknown error: 159]
2026-05-21 01:46:01.702472,Mac Failed Login,70,Medium,Mac Local System,2026-05-21 01:46:01.702 Df ecosystemanalyticsd[53070:660b6c] [com.apple.xpc:connection] [0xa56c7c640] invalidated after a failed init
2026-05-21 01:46:01.723748,Mac Failed Login,70,Medium,Mac Local System,2026-05-21 01:46:01.723 Df ecosystemd[6857:6613a7] [com.apple.xpc:connection] [0x906c89400] failed to do a bootstrap look-up: xpc_error=[159: Unknown error: 159]
2026-05-21 01:46:01.723850,Mac Failed Login,70,Medium,Mac Local System,2026-05-21 01:46:01.723 Df ecosystemd[6857:6613a7] [com.apple.xpc:connection] [0x906c89400] invalidated after a failed init
2026-05-21 01:46:01.724875,Mac Failed Login,70,Medium,Mac Local System,2026-05-21 01:46:01.724 Df ecosystemanalyticsd[53070:660b6c] [com.apple.xpc:connection] [0xa56c7c640] failed to do a bootstrap look-up: xpc_error=[159: Unknown error: 159]
2026-05-21 01:46:01.725033,Mac Failed Login,70,Medium,Mac Local System,2026-05-21 01:46:01.724 Df ecosystemanalyticsd[53070:660b6c] [com.apple.xpc:connection] [0xa56c7c640] invalidated after a failed init
2026-05-21 01:46:01.726929,Mac Failed Login,70,Medium,Mac Local System,2026-05-21 01:46:01.726 E  ecosystemd[6857:6613a7] (EcosystemAnalytics) EcosystemAnalytics.framework:RosettaCoordinator: getCodeSignatureInfo: SecStaticCodeCreate Failed url: <private>
2026-05-21 01:46:01.727607,Mac Failed Login,70,Medium,Mac Local System,2026-05-21 01:46:01.727 Df ecosystemd[6857:6613a7] [com.apple.xpc:connection] [0x906c89400] failed to do a bootstrap look-up: xpc_error=[159: Unknown error: 159]
2026-05-21 01:46:01.727661,Mac Failed Login,70,Medium,Mac Local System,2026-05-21 01:46:01.727 Df ecosystemd[6857:6613a7] [com.apple.xpc:connection] [0x906c89400] invalidated after a failed init
2026-05-21 01:46:01.728898,Mac Failed Login,70,Medium,Mac Local System,2026-05-21 01:46:01.728 E  ecosystemd[6857:6613a7] (EcosystemAnalytics) EcosystemAnalytics.framework:RosettaCoordinator: getCodeSignatureInfo: SecStaticCodeCreate Failed url: <private>
2026-05-21 01:46:01.737246,Mac Failed Login,70,Medium,Mac Local System,2026-05-21 01:46:01.737 Df ecosystemanalyticsd[53070:660b6c] [com.apple.xpc:connection] [0xa56c7c640] failed to do a bootstrap look-up: xpc_error=[159: Unknown error: 159]
2026-05-21 01:46:01.737319,Mac Failed Login,70,Medium,Mac Local System,2026-05-21 01:46:01.737 Df ecosystemanalyticsd[53070:660b6c] [com.apple.xpc:connection] [0xa56c7c640] invalidated after a failed init
2026-05-21 01:46:01.768782,Mac Failed Login,70,Medium,Mac Local System,2026-05-21 01:46:01.768 Df ecosystemd[6857:6613a7] [com.apple.xpc:connection] [0x906c89400] failed to do a bootstrap look-up: xpc_error=[159: Unknown error: 159]
2026-05-21 01:46:01.768927,Mac Failed Login,70,Medium,Mac Local System,2026-05-21 01:46:01.768 Df ecosystemd[6857:6613a7] [com.apple.xpc:connection] [0x906c89400] invalidated after a failed init
2026-05-21 01:46:01.768967,Mac Failed Login,70,Medium,Mac Local System,2026-05-21 01:46:01.768 Df ecosystemanalyticsd[53070:660b6c] [com.apple.xpc:connection] [0xa56c7c640] failed to do a bootstrap look-up: xpc_error=[159: Unknown error: 159]
2026-05-21 01:46:01.768997,Mac Failed Login,70,Medium,Mac Local System,2026-05-21 01:46:01.768 Df ecosystemanalyticsd[53070:660b6c] [com.apple.xpc:connection] [0xa56c7c640] invalidated after a failed init
2026-05-21 01:46:01.770253,Mac Failed Login,70,Medium,Mac Local System,2026-05-21 01:46:01.770 E  ecosystemd[6857:6613a7] (EcosystemAnalytics) EcosystemAnalytics.framework:RosettaCoordinator: getCodeSignatureInfo: SecStaticCodeCreate Failed url: <private>
2026-05-21 01:46:01.770593,Mac Failed Login,70,Medium,Mac Local System,2026-05-21 01:46:01.770 Df ecosystemd[6857:6613a7] [com.apple.xpc:connection] [0x906c89400] failed to do a bootstrap look-up: xpc_error=[159: Unknown error: 159]
2026-05-21 01:46:01.770650,Mac Failed Login,70,Medium,Mac Local System,2026-05-21 01:46:01.770 Df ecosystemd[6857:6613a7] [com.apple.xpc:connection] [0x906c89400] invalidated after a failed init
2026-05-21 01:46:01.771668,Mac Failed Login,70,Medium,Mac Local System,2026-05-21 01:46:01.771 E  ecosystemd[6857:6613a7] (EcosystemAnalytics) EcosystemAnalytics.framework:RosettaCoordinator: getCodeSignatureInfo: SecStaticCodeCreate Failed url: <private>
2026-05-21 01:46:01.779332,Mac Failed Login,70,Medium,Mac Local System,2026-05-21 01:46:01.779 Df ecosystemanalyticsd[53070:660b6c] [com.apple.xpc:connection] [0xa56c7c640] failed to do a bootstrap look-up: xpc_error=[159: Unknown error: 159]
2026-05-21 01:46:01.779392,Mac Failed Login,70,Medium,Mac Local System,2026-05-21 01:46:01.779 Df ecosystemanalyticsd[53070:660b6c] [com.apple.xpc:connection] [0xa56c7c640] invalidated after a failed init
2026-05-21 01:46:01.818653,Mac Failed Login,70,Medium,Mac Local System,2026-05-21 01:46:01.818 Df ecosystemd[6857:6613a7] [com.apple.xpc:connection] [0x906c89400] failed to do a bootstrap look-up: xpc_error=[159: Unknown error: 159]
2026-05-21 01:46:01.818799,Mac Failed Login,70,Medium,Mac Local System,2026-05-21 01:46:01.818 Df ecosystemd[6857:6613a7] [com.apple.xpc:connection] [0x906c89400] invalidated after a failed init
2026-05-21 01:46:01.818844,Mac Failed Login,70,Medium,Mac Local System,2026-05-21 01:46:01.818 Df ecosystemanalyticsd[53070:660b6c] [com.apple.xpc:connection] [0xa56c7c640] failed to do a bootstrap look-up: xpc_error=[159: Unknown error: 159]
2026-05-21 01:46:01.818897,Mac Failed Login,70,Medium,Mac Local System,2026-05-21 01:46:01.818 Df ecosystemanalyticsd[53070:660b6c] [com.apple.xpc:connection] [0xa56c7c640] invalidated after a failed init
2026-05-21 01:46:01.820479,Mac Failed Login,70,Medium,Mac Local System,2026-05-21 01:46:01.820 E  ecosystemd[6857:6613a7] (EcosystemAnalytics) EcosystemAnalytics.framework:RosettaCoordinator: getCodeSignatureInfo: SecStaticCodeCreate Failed url: <private>
2026-05-21 01:46:01.821509,Mac Failed Login,70,Medium,Mac Local System,2026-05-21 01:46:01.821 Df ecosystemd[6857:6613a7] [com.apple.xpc:connection] [0x906c89400] failed to do a bootstrap look-up: xpc_error=[159: Unknown error: 159]
2026-05-21 01:46:01.821604,Mac Failed Login,70,Medium,Mac Local System,2026-05-21 01:46:01.821 Df ecosystemd[6857:6613a7] [com.apple.xpc:connection] [0x906c89400] invalidated after a failed init
2026-05-21 01:46:01.823227,Mac Failed Login,70,Medium,Mac Local System,2026-05-21 01:46:01.823 E  ecosystemd[6857:6613a7] (EcosystemAnalytics) EcosystemAnalytics.framework:RosettaCoordinator: getCodeSignatureInfo: SecStaticCodeCreate Failed url: <private>
2026-05-21 01:46:01.841405,Mac Failed Login,70,Medium,Mac Local System,2026-05-21 01:46:01.841 Df ecosystemanalyticsd[53070:660b6c] [com.apple.xpc:connection] [0xa56c7c640] failed to do a bootstrap look-up: xpc_error=[159: Unknown error: 159]
2026-05-21 01:46:01.841563,Mac Failed Login,70,Medium,Mac Local System,2026-05-21 01:46:01.841 Df ecosystemanalyticsd[53070:660b6c] [com.apple.xpc:connection] [0xa56c7c640] invalidated after a failed init
2026-05-21 01:46:01.865756,Mac Failed Login,70,Medium,Mac Local System,2026-05-21 01:46:01.865 Df ecosystemanalyticsd[53070:660b6c] [com.apple.xpc:connection] [0xa56c7c640] failed to do a bootstrap look-up: xpc_error=[159: Unknown error: 159]
2026-05-21 01:46:01.865937,Mac Failed Login,70,Medium,Mac Local System,2026-05-21 01:46:01.865 Df ecosystemanalyticsd[53070:660b6c] [com.apple.xpc:connection] [0xa56c7c640] invalidated after a failed init
2026-05-21 01:46:01.866169,Mac Failed Login,70,Medium,Mac Local System,2026-05-21 01:46:01.865 Df ecosystemd[6857:6613a7] [com.apple.xpc:connection] [0x906c89400] failed to do a bootstrap look-up: xpc_error=[159: Unknown error: 159]
2026-05-21 01:46:01.866516,Mac Failed Login,70,Medium,Mac Local System,2026-05-21 01:46:01.866 Df ecosystemd[6857:6613a7] [com.apple.xpc:connection] [0x906c89400] invalidated after a failed init
2026-05-21 01:46:01.868101,Mac Failed Login,70,Medium,Mac Local System,2026-05-21 01:46:01.867 E  ecosystemd[6857:6613a7] (EcosystemAnalytics) EcosystemAnalytics.framework:RosettaCoordinator: getCodeSignatureInfo: SecStaticCodeCreate Failed url: <private>
2026-05-21 01:46:01.868614,Mac Failed Login,70,Medium,Mac Local System,2026-05-21 01:46:01.868 Df ecosystemd[6857:6613a7] [com.apple.xpc:connection] [0x906c89400] failed to do a bootstrap look-up: xpc_error=[159: Unknown error: 159]
2026-05-21 01:46:01.868695,Mac Failed Login,70,Medium,Mac Local System,2026-05-21 01:46:01.868 Df ecosystemd[6857:6613a7] [com.apple.xpc:connection] [0x906c89400] invalidated after a failed init
2026-05-21 01:46:01.871960,Mac Failed Login,70,Medium,Mac Local System,2026-05-21 01:46:01.871 E  ecosystemd[6857:6613a7] (EcosystemAnalytics) EcosystemAnalytics.framework:RosettaCoordinator: getCodeSignatureInfo: SecStaticCodeCreate Failed url: <private>
2026-05-21 01:46:01.882787,Mac Failed Login,70,Medium,Mac Local System,2026-05-21 01:46:01.882 Df ecosystemanalyticsd[53070:660b6c] [com.apple.xpc:connection] [0xa56c7c640] failed to do a bootstrap look-up: xpc_error=[159: Unknown error: 159]
2026-05-21 01:46:01.882877,Mac Failed Login,70,Medium,Mac Local System,2026-05-21 01:46:01.882 Df ecosystemanalyticsd[53070:660b6c] [com.apple.xpc:connection] [0xa56c7c640] invalidated after a failed init
2026-05-21 01:46:01.914954,Mac Failed Login,70,Medium,Mac Local System,2026-05-21 01:46:01.914 Df ecosystemanalyticsd[53070:660b6c] [com.apple.xpc:connection] [0xa56c7c640] failed to do a bootstrap look-up: xpc_error=[159: Unknown error: 159]
2026-05-21 01:46:01.915045,Mac Failed Login,70,Medium,Mac Local System,2026-05-21 01:46:01.914 Df ecosystemanalyticsd[53070:660b6c] [com.apple.xpc:connection] [0xa56c7c640] invalidated after a failed init
2026-05-21 01:46:01.915131,Mac Failed Login,70,Medium,Mac Local System,2026-05-21 01:46:01.914 Df ecosystemd[6857:6613a7] [com.apple.xpc:connection] [0x906c89400] failed to do a bootstrap look-up: xpc_error=[159: Unknown error: 159]
2026-05-21 01:46:01.915183,Mac Failed Login,70,Medium,Mac Local System,2026-05-21 01:46:01.914 Df ecosystemd[6857:6613a7] [com.apple.xpc:connection] [0x906c89400] invalidated after a failed init
2026-05-21 01:46:01.916078,Mac Failed Login,70,Medium,Mac Local System,2026-05-21 01:46:01.915 E  ecosystemd[6857:6613a7] (EcosystemAnalytics) EcosystemAnalytics.framework:RosettaCoordinator: getCodeSignatureInfo: SecStaticCodeCreate Failed url: <private>
2026-05-21 01:46:01.916348,Mac Failed Login,70,Medium,Mac Local System,2026-05-21 01:46:01.916 Df ecosystemd[6857:6613a7] [com.apple.xpc:connection] [0x906c89400] failed to do a bootstrap look-up: xpc_error=[159: Unknown error: 159]
2026-05-21 01:46:01.916432,Mac Failed Login,70,Medium,Mac Local System,2026-05-21 01:46:01.916 Df ecosystemd[6857:6613a7] [com.apple.xpc:connection] [0x906c89400] invalidated after a failed init
2026-05-21 01:46:01.917590,Mac Failed Login,70,Medium,Mac Local System,2026-05-21 01:46:01.917 E  ecosystemd[6857:6613a7] (EcosystemAnalytics) EcosystemAnalytics.framework:RosettaCoordinator: getCodeSignatureInfo: SecStaticCodeCreate Failed url: <private>
2026-05-21 01:46:01.928863,Mac Failed Login,70,Medium,Mac Local System,2026-05-21 01:46:01.928 Df ecosystemanalyticsd[53070:660b6c] [com.apple.xpc:connection] [0xa56c7c640] failed to do a bootstrap look-up: xpc_error=[159: Unknown error: 159]
2026-05-21 01:46:01.928922,Mac Failed Login,70,Medium,Mac Local System,2026-05-21 01:46:01.928 Df ecosystemanalyticsd[53070:660b6c] [com.apple.xpc:connection] [0xa56c7c640] invalidated after a failed init
2026-05-21 01:46:02.009658,Mac Failed Login,70,Medium,Mac Local System,2026-05-21 01:46:02.009 Df ecosystemd[6857:6613a7] [com.apple.xpc:connection] [0x906c89400] failed to do a bootstrap look-up: xpc_error=[159: Unknown error: 159]
2026-05-21 01:46:02.009727,Mac Failed Login,70,Medium,Mac Local System,2026-05-21 01:46:02.009 Df ecosystemanalyticsd[53070:660b6c] [com.apple.xpc:connection] [0xa56c7c640] failed to do a bootstrap look-up: xpc_error=[159: Unknown error: 159]
2026-05-21 01:46:02.009742,Mac Failed Login,70,Medium,Mac Local System,2026-05-21 01:46:02.009 Df ecosystemd[6857:6613a7] [com.apple.xpc:connection] [0x906c89400] invalidated after a failed init
2026-05-21 01:46:02.010368,Mac Failed Login,70,Medium,Mac Local System,2026-05-21 01:46:02.009 Df ecosystemanalyticsd[53070:660b6c] [com.apple.xpc:connection] [0xa56c7c640] invalidated after a failed init
2026-05-21 01:46:02.012581,Mac Failed Login,70,Medium,Mac Local System,2026-05-21 01:46:02.012 E  ecosystemd[6857:6613a7] (EcosystemAnalytics) EcosystemAnalytics.framework:RosettaCoordinator: getCodeSignatureInfo: SecStaticCodeCreate Failed url: <private>
2026-05-21 01:46:02.013446,Mac Failed Login,70,Medium,Mac Local System,2026-05-21 01:46:02.012 Df ecosystemd[6857:6613a7] [com.apple.xpc:connection] [0x906c89400] failed to do a bootstrap look-up: xpc_error=[159: Unknown error: 159]
2026-05-21 01:46:02.013536,Mac Failed Login,70,Medium,Mac Local System,2026-05-21 01:46:02.013 Df ecosystemd[6857:6613a7] [com.apple.xpc:connection] [0x906c89400] invalidated after a failed init
2026-05-21 01:46:02.015963,Mac Failed Login,70,Medium,Mac Local System,2026-05-21 01:46:02.015 E  ecosystemd[6857:6613a7] (EcosystemAnalytics) EcosystemAnalytics.framework:RosettaCoordinator: getCodeSignatureInfo: SecStaticCodeCreate Failed url: <private>
2026-05-21 01:46:02.022669,Mac Failed Login,70,Medium,Mac Local System,2026-05-21 01:46:02.022 Df ecosystemanalyticsd[53070:660b6c] [com.apple.xpc:connection] [0xa56c7c640] failed to do a bootstrap look-up: xpc_error=[159: Unknown error: 159]
2026-05-21 01:46:02.022705,Mac Failed Login,70,Medium,Mac Local System,2026-05-21 01:46:02.022 Df ecosystemanalyticsd[53070:660b6c] [com.apple.xpc:connection] [0xa56c7c640] invalidated after a failed init
2026-05-21 01:46:02.056330,Mac Failed Login,70,Medium,Mac Local System,2026-05-21 01:46:02.056 Df ecosystemd[6857:6613a7] [com.apple.xpc:connection] [0x906c89400] failed to do a bootstrap look-up: xpc_error=[159: Unknown error: 159]
2026-05-21 01:46:02.056379,Mac Failed Login,70,Medium,Mac Local System,2026-05-21 01:46:02.056 Df ecosystemd[6857:6613a7] [com.apple.xpc:connection] [0x906c89400] invalidated after a failed init
2026-05-21 01:46:02.056396,Mac Failed Login,70,Medium,Mac Local System,2026-05-21 01:46:02.056 Df ecosystemanalyticsd[53070:660b6c] [com.apple.xpc:connection] [0xa56c7c640] failed to do a bootstrap look-up: xpc_error=[159: Unknown error: 159]
2026-05-21 01:46:02.056441,Mac Failed Login,70,Medium,Mac Local System,2026-05-21 01:46:02.056 Df ecosystemanalyticsd[53070:660b6c] [com.apple.xpc:connection] [0xa56c7c640] invalidated after a failed init
2026-05-21 01:46:02.058947,Mac Failed Login,70,Medium,Mac Local System,2026-05-21 01:46:02.058 E  ecosystemd[6857:6613a7] (EcosystemAnalytics) EcosystemAnalytics.framework:RosettaCoordinator: getCodeSignatureInfo: SecStaticCodeCreate Failed url: <private>
2026-05-21 01:46:02.059247,Mac Failed Login,70,Medium,Mac Local System,2026-05-21 01:46:02.059 Df ecosystemd[6857:6613a7] [com.apple.xpc:connection] [0x906c89400] failed to do a bootstrap look-up: xpc_error=[159: Unknown error: 159]
2026-05-21 01:46:02.059325,Mac Failed Login,70,Medium,Mac Local System,2026-05-21 01:46:02.059 Df ecosystemd[6857:6613a7] [com.apple.xpc:connection] [0x906c89400] invalidated after a failed init
2026-05-21 01:46:02.060139,Mac Failed Login,70,Medium,Mac Local System,2026-05-21 01:46:02.060 E  ecosystemd[6857:6613a7] (EcosystemAnalytics) EcosystemAnalytics.framework:RosettaCoordinator: getCodeSignatureInfo: SecStaticCodeCreate Failed url: <private>
2026-05-21 01:46:02.073400,Mac Failed Login,70,Medium,Mac Local System,2026-05-21 01:46:02.073 Df ecosystemanalyticsd[53070:660b6c] [com.apple.xpc:connection] [0xa56c7c640] failed to do a bootstrap look-up: xpc_error=[159: Unknown error: 159]
2026-05-21 01:46:02.073456,Mac Failed Login,70,Medium,Mac Local System,2026-05-21 01:46:02.073 Df ecosystemanalyticsd[53070:660b6c] [com.apple.xpc:connection] [0xa56c7c640] invalidated after a failed init
2026-05-21 01:46:02.073471,Mac Failed Login,70,Medium,Mac Local System,2026-05-21 01:46:02.073 Df ecosystemd[6857:6613a7] [com.apple.xpc:connection] [0x906c89400] failed to do a bootstrap look-up: xpc_error=[159: Unknown error: 159]
2026-05-21 01:46:02.073485,Mac Failed Login,70,Medium,Mac Local System,2026-05-21 01:46:02.073 Df ecosystemd[6857:6613a7] [com.apple.xpc:connection] [0x906c89400] invalidated after a failed init
2026-05-21 01:46:02.074928,Mac Failed Login,70,Medium,Mac Local System,2026-05-21 01:46:02.074 E  ecosystemd[6857:6613a7] (EcosystemAnalytics) EcosystemAnalytics.framework:RosettaCoordinator: getCodeSignatureInfo: SecStaticCodeCreate Failed url: <private>
2026-05-21 01:46:02.096732,Mac Failed Login,70,Medium,Mac Local System,2026-05-21 01:46:02.096 Df ecosystemd[6857:6613a8] [com.apple.xpc:connection] [0x906c89400] failed to do a bootstrap look-up: xpc_error=[159: Unknown error: 159]
2026-05-21 01:46:02.096796,Mac Failed Login,70,Medium,Mac Local System,2026-05-21 01:46:02.096 Df ecosystemd[6857:6613a8] [com.apple.xpc:connection] [0x906c89400] invalidated after a failed init
2026-05-21 01:46:02.097496,Mac Failed Login,70,Medium,Mac Local System,2026-05-21 01:46:02.097 E  ecosystemd[6857:6613a8] (EcosystemAnalytics) EcosystemAnalytics.framework:RosettaCoordinator: getCodeSignatureInfo: SecStaticCodeCreate Failed url: <private>
2026-05-21 01:46:07.141941,Mac Failed Login,70,Medium,Mac Local System,"2026-05-21 01:46:07.141 Df kernel[0:1337] () 3170470.695724 wlan0.A[968549] [dk] handleRoam@977:status = 3 failed due to no matching network found, reason = 1 roamed due to low RSSI, flags = 0x0, authtype = 0, addr = 00:00:00:00:00:00"
2026-05-21 01:46:07.152225,Mac Failed Login,70,Medium,Mac Local System,2026-05-21 01:46:07.151 E  airportd[633:110a] [com.apple.coredata:error] CoreData: error: +[RoamMO entity] Failed to find a unique match for an NSEntityDescription to a managed object subclass
2026-05-21 01:46:07.169576,Mac Failed Login,70,Medium,Mac Local System,2026-05-21 01:46:07.169 E  symptomsd[631:661090] [com.apple.symptomsd:netepochs] Failed to post Wi-Fi loaded LQM event
2026-05-21 01:46:07.430665,Mac Failed Login,70,Medium,Mac Local System,2026-05-21 01:46:07.429 E  helpd[14363:66106f] [com.apple.Foundation:general] NSBundle (null) initWithPath failed because the resolved path is empty or nil
2026-05-21 01:46:07.536731,Mac Failed Login,70,Medium,Mac Local System,2026-05-21 01:46:07.536 Df ecosystemanalyticsd[53070:660b6c] [com.apple.xpc:connection] [0xa56c7c640] failed to do a bootstrap look-up: xpc_error=[159: Unknown error: 159]
2026-05-21 01:46:07.536850,Mac Failed Login,70,Medium,Mac Local System,2026-05-21 01:46:07.536 Df ecosystemanalyticsd[53070:660b6c] [com.apple.xpc:connection] [0xa56c7c640] invalidated after a failed init
2026-05-21 01:46:07.566530,Mac Failed Login,70,Medium,Mac Local System,2026-05-21 01:46:07.566 Df ecosystemanalyticsd[53070:660b6c] [com.apple.xpc:connection] [0xa56c7c640] failed to do a bootstrap look-up: xpc_error=[159: Unknown error: 159]
2026-05-21 01:46:07.566716,Mac Failed Login,70,Medium,Mac Local System,2026-05-21 01:46:07.566 Df ecosystemanalyticsd[53070:660b6c] [com.apple.xpc:connection] [0xa56c7c640] invalidated after a failed init
2026-05-21 01:46:07.566806,Mac Failed Login,70,Medium,Mac Local System,2026-05-21 01:46:07.566 Df ecosystemd[6857:6613a8] [com.apple.xpc:connection] [0x906c89400] failed to do a bootstrap look-up: xpc_error=[159: Unknown error: 159]
2026-05-21 01:46:07.566920,Mac Failed Login,70,Medium,Mac Local System,2026-05-21 01:46:07.566 Df ecosystemd[6857:6613a8] [com.apple.xpc:connection] [0x906c89400] invalidated after a failed init
2026-05-21 01:46:07.568169,Mac Failed Login,70,Medium,Mac Local System,2026-05-21 01:46:07.568 E  ecosystemd[6857:6613a8] (EcosystemAnalytics) EcosystemAnalytics.framework:RosettaCoordinator: getCodeSignatureInfo: SecStaticCodeCreate Failed url: <private>
2026-05-21 01:46:07.589191,Mac Failed Login,70,Medium,Mac Local System,2026-05-21 01:46:07.589 Df ecosystemd[6857:66144c] [com.apple.xpc:connection] [0x906c89400] failed to do a bootstrap look-up: xpc_error=[159: Unknown error: 159]
2026-05-21 01:46:07.589302,Mac Failed Login,70,Medium,Mac Local System,2026-05-21 01:46:07.589 Df ecosystemd[6857:66144c] [com.apple.xpc:connection] [0x906c89400] invalidated after a failed init
2026-05-21 01:46:07.590104,Mac Failed Login,70,Medium,Mac Local System,2026-05-21 01:46:07.589 E  ecosystemd[6857:66144c] (EcosystemAnalytics) EcosystemAnalytics.framework:RosettaCoordinator: getCodeSignatureInfo: SecStaticCodeCreate Failed url: <private>
2026-05-21 01:46:10.040385,Mac Failed Login,70,Medium,Mac Local System,2026-05-21 01:46:10.039 Df ecosystemanalyticsd[53070:660b6c] [com.apple.xpc:connection] [0xa56c7c640] failed to do a bootstrap look-up: xpc_error=[159: Unknown error: 159]
2026-05-21 01:46:10.040634,Mac Failed Login,70,Medium,Mac Local System,2026-05-21 01:46:10.040 Df ecosystemanalyticsd[53070:660b6c] [com.apple.xpc:connection] [0xa56c7c640] invalidated after a failed init
2026-05-21 01:46:10.041988,Mac Failed Login,70,Medium,Mac Local System,2026-05-21 01:46:10.041 E  ecosystemanalyticsd[53070:660b6c] (EcosystemAnalytics) EcosystemAnalytics.framework:RosettaCoordinator: getCodeSignatureInfo: SecStaticCodeCreate Failed url: <private>
2026-05-21 01:46:10.050955,Mac Failed Login,70,Medium,Mac Local System,2026-05-21 01:46:10.050 Df ecosystemd[6857:66144c] [com.apple.xpc:connection] [0x906c89400] failed to do a bootstrap look-up: xpc_error=[159: Unknown error: 159]
2026-05-21 01:46:10.051107,Mac Failed Login,70,Medium,Mac Local System,2026-05-21 01:46:10.050 Df ecosystemd[6857:66144c] [com.apple.xpc:connection] [0x906c89400] invalidated after a failed init
2026-05-21 01:46:10.051542,Mac Failed Login,70,Medium,Mac Local System,2026-05-21 01:46:10.051 Df ecosystemanalyticsd[53070:660b6c] [com.apple.xpc:connection] [0xa56c7c640] failed to do a bootstrap look-up: xpc_error=[159: Unknown error: 159]
2026-05-21 01:46:10.051607,Mac Failed Login,70,Medium,Mac Local System,2026-05-21 01:46:10.051 Df ecosystemanalyticsd[53070:660b6c] [com.apple.xpc:connection] [0xa56c7c640] invalidated after a failed init
2026-05-21 01:46:10.060073,Mac Failed Login,70,Medium,Mac Local System,2026-05-21 01:46:10.059 E  ecosystemanalyticsd[53070:660b6c] (EcosystemAnalytics) EcosystemAnalytics.framework:RosettaCoordinator: getCodeSignatureInfo: SecStaticCodeCreate Failed url: <private>
2026-05-21 01:46:10.082835,Mac Failed Login,70,Medium,Mac Local System,2026-05-21 01:46:10.082 Df ecosystemanalyticsd[53070:660b6c] [com.apple.xpc:connection] [0xa56c7c640] failed to do a bootstrap look-up: xpc_error=[159: Unknown error: 159]
2026-05-21 01:46:10.082970,Mac Failed Login,70,Medium,Mac Local System,2026-05-21 01:46:10.082 Df ecosystemanalyticsd[53070:660b6c] [com.apple.xpc:connection] [0xa56c7c640] invalidated after a failed init
2026-05-21 01:46:10.083022,Mac Failed Login,70,Medium,Mac Local System,2026-05-21 01:46:10.082 Df ecosystemd[6857:66144c] [com.apple.xpc:connection] [0x906c89400] failed to do a bootstrap look-up: xpc_error=[159: Unknown error: 159]
2026-05-21 01:46:10.083079,Mac Failed Login,70,Medium,Mac Local System,2026-05-21 01:46:10.082 Df ecosystemd[6857:66144c] [com.apple.xpc:connection] [0x906c89400] invalidated after a failed init
2026-05-21 01:46:10.083669,Mac Failed Login,70,Medium,Mac Local System,2026-05-21 01:46:10.083 E  ecosystemanalyticsd[53070:660b6c] (EcosystemAnalytics) EcosystemAnalytics.framework:RosettaCoordinator: getCodeSignatureInfo: SecStaticCodeCreate Failed url: <private>
2026-05-21 01:46:10.089079,Mac Failed Login,70,Medium,Mac Local System,2026-05-21 01:46:10.088 Df ecosystemanalyticsd[53070:660b6c] [com.apple.xpc:connection] [0xa56c7c640] failed to do a bootstrap look-up: xpc_error=[159: Unknown error: 159]
2026-05-21 01:46:10.089114,Mac Failed Login,70,Medium,Mac Local System,2026-05-21 01:46:10.089 Df ecosystemanalyticsd[53070:660b6c] [com.apple.xpc:connection] [0xa56c7c640] invalidated after a failed init
2026-05-21 01:46:10.090060,Mac Failed Login,70,Medium,Mac Local System,2026-05-21 01:46:10.089 E  ecosystemanalyticsd[53070:660b6c] (EcosystemAnalytics) EcosystemAnalytics.framework:RosettaCoordinator: getCodeSignatureInfo: SecStaticCodeCreate Failed url: <private>
2026-05-21 01:46:10.099299,Mac Failed Login,70,Medium,Mac Local System,2026-05-21 01:46:10.099 Df ecosystemd[6857:66144c] [com.apple.xpc:connection] [0x906c89400] failed to do a bootstrap look-up: xpc_error=[159: Unknown error: 159]
2026-05-21 01:46:10.099387,Mac Failed Login,70,Medium,Mac Local System,2026-05-21 01:46:10.099 Df ecosystemd[6857:66144c] [com.apple.xpc:connection] [0x906c89400] invalidated after a failed init
2026-05-21 01:46:10.100897,Mac Failed Login,70,Medium,Mac Local System,2026-05-21 01:46:10.100 Df ecosystemanalyticsd[53070:660b6c] [com.apple.xpc:connection] [0xa56c7c640] failed to do a bootstrap look-up: xpc_error=[159: Unknown error: 159]
2026-05-21 01:46:10.100958,Mac Failed Login,70,Medium,Mac Local System,2026-05-21 01:46:10.100 Df ecosystemanalyticsd[53070:660b6c] [com.apple.xpc:connection] [0xa56c7c640] invalidated after a failed init
2026-05-21 01:46:10.110578,Mac Failed Login,70,Medium,Mac Local System,2026-05-21 01:46:10.110 Df ecosystemd[6857:66144c] [com.apple.xpc:connection] [0x906c89400] failed to do a bootstrap look-up: xpc_error=[159: Unknown error: 159]
2026-05-21 01:46:10.110661,Mac Failed Login,70,Medium,Mac Local System,2026-05-21 01:46:10.110 Df ecosystemd[6857:66144c] [com.apple.xpc:connection] [0x906c89400] invalidated after a failed init
2026-05-21 01:46:10.118589,Mac Failed Login,70,Medium,Mac Local System,2026-05-21 01:46:10.118 Df ecosystemanalyticsd[53070:660b6c] [com.apple.xpc:connection] [0xa56c7c640] failed to do a bootstrap look-up: xpc_error=[159: Unknown error: 159]
2026-05-21 01:46:10.118678,Mac Failed Login,70,Medium,Mac Local System,2026-05-21 01:46:10.118 Df ecosystemanalyticsd[53070:660b6c] [com.apple.xpc:connection] [0xa56c7c640] invalidated after a failed init
2026-05-21 01:46:10.128973,Mac Failed Login,70,Medium,Mac Local System,2026-05-21 01:46:10.128 Df ecosystemd[6857:66144c] [com.apple.xpc:connection] [0x906c89400] failed to do a bootstrap look-up: xpc_error=[159: Unknown error: 159]
2026-05-21 01:46:10.129017,Mac Failed Login,70,Medium,Mac Local System,2026-05-21 01:46:10.128 Df ecosystemd[6857:66144c] [com.apple.xpc:connection] [0x906c89400] invalidated after a failed init
2026-05-21 01:46:10.129803,Mac Failed Login,70,Medium,Mac Local System,2026-05-21 01:46:10.129 E  ecosystemd[6857:66144c] (EcosystemAnalytics) EcosystemAnalytics.framework:RosettaCoordinator: getCodeSignatureInfo: SecStaticCodeCreate Failed url: <private>
2026-05-21 01:46:10.137247,Mac Failed Login,70,Medium,Mac Local System,2026-05-21 01:46:10.137 Df ecosystemd[6857:6613a8] [com.apple.xpc:connection] [0x906c89400] failed to do a bootstrap look-up: xpc_error=[159: Unknown error: 159]
2026-05-21 01:46:10.137318,Mac Failed Login,70,Medium,Mac Local System,2026-05-21 01:46:10.137 Df ecosystemd[6857:6613a8] [com.apple.xpc:connection] [0x906c89400] invalidated after a failed init
2026-05-21 01:46:10.137407,Mac Failed Login,70,Medium,Mac Local System,2026-05-21 01:46:10.137 Df ecosystemanalyticsd[53070:660b6c] [com.apple.xpc:connection] [0xa56c7c640] failed to do a bootstrap look-up: xpc_error=[159: Unknown error: 159]
2026-05-21 01:46:10.137467,Mac Failed Login,70,Medium,Mac Local System,2026-05-21 01:46:10.137 Df ecosystemanalyticsd[53070:660b6c] [com.apple.xpc:connection] [0xa56c7c640] invalidated after a failed init
2026-05-21 01:46:10.138307,Mac Failed Login,70,Medium,Mac Local System,2026-05-21 01:46:10.138 E  ecosystemd[6857:6613a8] (EcosystemAnalytics) EcosystemAnalytics.framework:RosettaCoordinator: getCodeSignatureInfo: SecStaticCodeCreate Failed url: <private>
2026-05-21 01:46:10.145927,Mac Failed Login,70,Medium,Mac Local System,2026-05-21 01:46:10.145 Df ecosystemanalyticsd[53070:660b6c] [com.apple.xpc:connection] [0xa56c7c640] failed to do a bootstrap look-up: xpc_error=[159: Unknown error: 159]
2026-05-21 01:46:10.145975,Mac Failed Login,70,Medium,Mac Local System,2026-05-21 01:46:10.145 Df ecosystemanalyticsd[53070:660b6c] [com.apple.xpc:connection] [0xa56c7c640] invalidated after a failed init
2026-05-21 01:46:10.161809,Mac Failed Login,70,Medium,Mac Local System,2026-05-21 01:46:10.161 Df ecosystemd[6857:6613a8] [com.apple.xpc:connection] [0x906c89400] failed to do a bootstrap look-up: xpc_error=[159: Unknown error: 159]
2026-05-21 01:46:10.161896,Mac Failed Login,70,Medium,Mac Local System,2026-05-21 01:46:10.161 Df ecosystemd[6857:6613a8] [com.apple.xpc:connection] [0x906c89400] invalidated after a failed init
2026-05-21 01:46:10.161952,Mac Failed Login,70,Medium,Mac Local System,2026-05-21 01:46:10.161 Df ecosystemanalyticsd[53070:660b6c] [com.apple.xpc:connection] [0xa56c7c640] failed to do a bootstrap look-up: xpc_error=[159: Unknown error: 159]
2026-05-21 01:46:10.162014,Mac Failed Login,70,Medium,Mac Local System,2026-05-21 01:46:10.161 Df ecosystemanalyticsd[53070:660b6c] [com.apple.xpc:connection] [0xa56c7c640] invalidated after a failed init
2026-05-21 01:46:10.162991,Mac Failed Login,70,Medium,Mac Local System,2026-05-21 01:46:10.162 E  ecosystemd[6857:6613a8] (EcosystemAnalytics) EcosystemAnalytics.framework:RosettaCoordinator: getCodeSignatureInfo: SecStaticCodeCreate Failed url: <private>
2026-05-21 01:46:10.163316,Mac Failed Login,70,Medium,Mac Local System,2026-05-21 01:46:10.163 Df ecosystemd[6857:6613a8] [com.apple.xpc:connection] [0x906c89400] failed to do a bootstrap look-up: xpc_error=[159: Unknown error: 159]
2026-05-21 01:46:10.163375,Mac Failed Login,70,Medium,Mac Local System,2026-05-21 01:46:10.163 Df ecosystemd[6857:6613a8] [com.apple.xpc:connection] [0x906c89400] invalidated after a failed init
2026-05-21 01:46:10.164733,Mac Failed Login,70,Medium,Mac Local System,2026-05-21 01:46:10.164 E  ecosystemd[6857:6613a8] (EcosystemAnalytics) EcosystemAnalytics.framework:RosettaCoordinator: getCodeSignatureInfo: SecStaticCodeCreate Failed url: <private>
2026-05-21 01:46:10.171654,Mac Failed Login,70,Medium,Mac Local System,2026-05-21 01:46:10.171 Df ecosystemanalyticsd[53070:660b6c] [com.apple.xpc:connection] [0xa56c7c640] failed to do a bootstrap look-up: xpc_error=[159: Unknown error: 159]
2026-05-21 01:46:10.171701,Mac Failed Login,70,Medium,Mac Local System,2026-05-21 01:46:10.171 Df ecosystemanalyticsd[53070:660b6c] [com.apple.xpc:connection] [0xa56c7c640] invalidated after a failed init
2026-05-21 01:46:10.186679,Mac Failed Login,70,Medium,Mac Local System,2026-05-21 01:46:10.186 Df ecosystemanalyticsd[53070:660b6c] [com.apple.xpc:connection] [0xa56c7c640] failed to do a bootstrap look-up: xpc_error=[159: Unknown error: 159]
2026-05-21 01:46:10.186733,Mac Failed Login,70,Medium,Mac Local System,2026-05-21 01:46:10.186 Df ecosystemanalyticsd[53070:660b6c] [com.apple.xpc:connection] [0xa56c7c640] invalidated after a failed init
2026-05-21 01:46:10.186821,Mac Failed Login,70,Medium,Mac Local System,2026-05-21 01:46:10.186 Df ecosystemd[6857:6613a8] [com.apple.xpc:connection] [0x906c89400] failed to do a bootstrap look-up: xpc_error=[159: Unknown error: 159]
2026-05-21 01:46:10.186856,Mac Failed Login,70,Medium,Mac Local System,2026-05-21 01:46:10.186 Df ecosystemd[6857:6613a8] [com.apple.xpc:connection] [0x906c89400] invalidated after a failed init
2026-05-21 01:46:10.187627,Mac Failed Login,70,Medium,Mac Local System,2026-05-21 01:46:10.187 E  ecosystemd[6857:6613a8] (EcosystemAnalytics) EcosystemAnalytics.framework:RosettaCoordinator: getCodeSignatureInfo: SecStaticCodeCreate Failed url: <private>
2026-05-21 01:46:10.187965,Mac Failed Login,70,Medium,Mac Local System,2026-05-21 01:46:10.187 Df ecosystemd[6857:6613a8] [com.apple.xpc:connection] [0x906c89400] failed to do a bootstrap look-up: xpc_error=[159: Unknown error: 159]
2026-05-21 01:46:10.188342,Mac Failed Login,70,Medium,Mac Local System,2026-05-21 01:46:10.188 Df ecosystemd[6857:6613a8] [com.apple.xpc:connection] [0x906c89400] invalidated after a failed init
2026-05-21 01:46:10.189479,Mac Failed Login,70,Medium,Mac Local System,2026-05-21 01:46:10.189 E  ecosystemd[6857:6613a8] (EcosystemAnalytics) EcosystemAnalytics.framework:RosettaCoordinator: getCodeSignatureInfo: SecStaticCodeCreate Failed url: <private>
2026-05-21 01:46:10.196087,Mac Failed Login,70,Medium,Mac Local System,2026-05-21 01:46:10.195 Df ecosystemanalyticsd[53070:660b6c] [com.apple.xpc:connection] [0xa56c7c640] failed to do a bootstrap look-up: xpc_error=[159: Unknown error: 159]
2026-05-21 01:46:10.196120,Mac Failed Login,70,Medium,Mac Local System,2026-05-21 01:46:10.196 Df ecosystemanalyticsd[53070:660b6c] [com.apple.xpc:connection] [0xa56c7c640] invalidated after a failed init
2026-05-21 01:46:10.209551,Mac Failed Login,70,Medium,Mac Local System,2026-05-21 01:46:10.209 Df ecosystemanalyticsd[53070:660b6c] [com.apple.xpc:connection] [0xa56c7c640] failed to do a bootstrap look-up: xpc_error=[159: Unknown error: 159]
2026-05-21 01:46:10.209584,Mac Failed Login,70,Medium,Mac Local System,2026-05-21 01:46:10.209 Df ecosystemd[6857:6613a8] [com.apple.xpc:connection] [0x906c89400] failed to do a bootstrap look-up: xpc_error=[159: Unknown error: 159]
2026-05-21 01:46:10.209624,Mac Failed Login,70,Medium,Mac Local System,2026-05-21 01:46:10.209 Df ecosystemanalyticsd[53070:660b6c] [com.apple.xpc:connection] [0xa56c7c640] invalidated after a failed init
2026-05-21 01:46:10.209663,Mac Failed Login,70,Medium,Mac Local System,2026-05-21 01:46:10.209 Df ecosystemd[6857:6613a8] [com.apple.xpc:connection] [0x906c89400] invalidated after a failed init
2026-05-21 01:46:10.210771,Mac Failed Login,70,Medium,Mac Local System,2026-05-21 01:46:10.210 E  ecosystemd[6857:6613a8] (EcosystemAnalytics) EcosystemAnalytics.framework:RosettaCoordinator: getCodeSignatureInfo: SecStaticCodeCreate Failed url: <private>
2026-05-21 01:46:10.211008,Mac Failed Login,70,Medium,Mac Local System,2026-05-21 01:46:10.210 Df ecosystemd[6857:6613a8] [com.apple.xpc:connection] [0x906c89400] failed to do a bootstrap look-up: xpc_error=[159: Unknown error: 159]
2026-05-21 01:46:10.211047,Mac Failed Login,70,Medium,Mac Local System,2026-05-21 01:46:10.210 Df ecosystemd[6857:6613a8] [com.apple.xpc:connection] [0x906c89400] invalidated after a failed init
2026-05-21 01:46:10.211744,Mac Failed Login,70,Medium,Mac Local System,2026-05-21 01:46:10.211 E  ecosystemd[6857:6613a8] (EcosystemAnalytics) EcosystemAnalytics.framework:RosettaCoordinator: getCodeSignatureInfo: SecStaticCodeCreate Failed url: <private>
2026-05-21 01:46:10.218089,Mac Failed Login,70,Medium,Mac Local System,2026-05-21 01:46:10.217 Df ecosystemanalyticsd[53070:660b6c] [com.apple.xpc:connection] [0xa56c7c640] failed to do a bootstrap look-up: xpc_error=[159: Unknown error: 159]
2026-05-21 01:46:10.218128,Mac Failed Login,70,Medium,Mac Local System,2026-05-21 01:46:10.218 Df ecosystemanalyticsd[53070:660b6c] [com.apple.xpc:connection] [0xa56c7c640] invalidated after a failed init
2026-05-21 01:46:10.247656,Mac Failed Login,70,Medium,Mac Local System,2026-05-21 01:46:10.247 Df ecosystemanalyticsd[53070:660b6c] [com.apple.xpc:connection] [0xa56c7c640] failed to do a bootstrap look-up: xpc_error=[159: Unknown error: 159]
2026-05-21 01:46:10.247720,Mac Failed Login,70,Medium,Mac Local System,2026-05-21 01:46:10.247 Df ecosystemanalyticsd[53070:660b6c] [com.apple.xpc:connection] [0xa56c7c640] invalidated after a failed init
2026-05-21 01:46:10.247865,Mac Failed Login,70,Medium,Mac Local System,2026-05-21 01:46:10.247 Df ecosystemd[6857:6613a8] [com.apple.xpc:connection] [0x906c89400] failed to do a bootstrap look-up: xpc_error=[159: Unknown error: 159]
2026-05-21 01:46:10.247914,Mac Failed Login,70,Medium,Mac Local System,2026-05-21 01:46:10.247 Df ecosystemd[6857:6613a8] [com.apple.xpc:connection] [0x906c89400] invalidated after a failed init
2026-05-21 01:46:10.248637,Mac Failed Login,70,Medium,Mac Local System,2026-05-21 01:46:10.248 E  ecosystemd[6857:6613a8] (EcosystemAnalytics) EcosystemAnalytics.framework:RosettaCoordinator: getCodeSignatureInfo: SecStaticCodeCreate Failed url: <private>
2026-05-21 01:46:10.248840,Mac Failed Login,70,Medium,Mac Local System,2026-05-21 01:46:10.248 Df ecosystemd[6857:6613a8] [com.apple.xpc:connection] [0x906c89400] failed to do a bootstrap look-up: xpc_error=[159: Unknown error: 159]
2026-05-21 01:46:10.248903,Mac Failed Login,70,Medium,Mac Local System,2026-05-21 01:46:10.248 Df ecosystemd[6857:6613a8] [com.apple.xpc:connection] [0x906c89400] invalidated after a failed init
2026-05-21 01:46:10.249606,Mac Failed Login,70,Medium,Mac Local System,2026-05-21 01:46:10.249 E  ecosystemd[6857:6613a8] (EcosystemAnalytics) EcosystemAnalytics.framework:RosettaCoordinator: getCodeSignatureInfo: SecStaticCodeCreate Failed url: <private>
2026-05-21 01:46:10.258216,Mac Failed Login,70,Medium,Mac Local System,2026-05-21 01:46:10.258 Df ecosystemanalyticsd[53070:660b6c] [com.apple.xpc:connection] [0xa56c7c640] failed to do a bootstrap look-up: xpc_error=[159: Unknown error: 159]
2026-05-21 01:46:10.258298,Mac Failed Login,70,Medium,Mac Local System,2026-05-21 01:46:10.258 Df ecosystemanalyticsd[53070:660b6c] [com.apple.xpc:connection] [0xa56c7c640] invalidated after a failed init
2026-05-21 01:46:10.296543,Mac Failed Login,70,Medium,Mac Local System,2026-05-21 01:46:10.296 Df ecosystemd[6857:6613a8] [com.apple.xpc:connection] [0x906c89400] failed to do a bootstrap look-up: xpc_error=[159: Unknown error: 159]
2026-05-21 01:46:10.296698,Mac Failed Login,70,Medium,Mac Local System,2026-05-21 01:46:10.296 Df ecosystemd[6857:6613a8] [com.apple.xpc:connection] [0x906c89400] invalidated after a failed init
2026-05-21 01:46:10.296912,Mac Failed Login,70,Medium,Mac Local System,2026-05-21 01:46:10.296 Df ecosystemanalyticsd[53070:660b6c] [com.apple.xpc:connection] [0xa56c7c640] failed to do a bootstrap look-up: xpc_error=[159: Unknown error: 159]
2026-05-21 01:46:10.297014,Mac Failed Login,70,Medium,Mac Local System,2026-05-21 01:46:10.296 Df ecosystemanalyticsd[53070:660b6c] [com.apple.xpc:connection] [0xa56c7c640] invalidated after a failed init
2026-05-21 01:46:10.297674,Mac Failed Login,70,Medium,Mac Local System,2026-05-21 01:46:10.297 E  ecosystemd[6857:6613a8] (EcosystemAnalytics) EcosystemAnalytics.framework:RosettaCoordinator: getCodeSignatureInfo: SecStaticCodeCreate Failed url: <private>
2026-05-21 01:46:10.297915,Mac Failed Login,70,Medium,Mac Local System,2026-05-21 01:46:10.297 Df ecosystemd[6857:6613a8] [com.apple.xpc:connection] [0x906c89400] failed to do a bootstrap look-up: xpc_error=[159: Unknown error: 159]
2026-05-21 01:46:10.297967,Mac Failed Login,70,Medium,Mac Local System,2026-05-21 01:46:10.297 Df ecosystemd[6857:6613a8] [com.apple.xpc:connection] [0x906c89400] invalidated after a failed init
2026-05-21 01:46:10.299268,Mac Failed Login,70,Medium,Mac Local System,2026-05-21 01:46:10.299 E  ecosystemd[6857:6613a8] (EcosystemAnalytics) EcosystemAnalytics.framework:RosettaCoordinator: getCodeSignatureInfo: SecStaticCodeCreate Failed url: <private>
2026-05-21 01:46:10.305654,Mac Failed Login,70,Medium,Mac Local System,2026-05-21 01:46:10.305 Df ecosystemanalyticsd[53070:660b6c] [com.apple.xpc:connection] [0xa56c7c640] failed to do a bootstrap look-up: xpc_error=[159: Unknown error: 159]
2026-05-21 01:46:10.305689,Mac Failed Login,70,Medium,Mac Local System,2026-05-21 01:46:10.305 Df ecosystemanalyticsd[53070:660b6c] [com.apple.xpc:connection] [0xa56c7c640] invalidated after a failed init
2026-05-21 01:46:10.330357,Mac Failed Login,70,Medium,Mac Local System,2026-05-21 01:46:10.330 Df ecosystemd[6857:6613a8] [com.apple.xpc:connection] [0x906c89400] failed to do a bootstrap look-up: xpc_error=[159: Unknown error: 159]
2026-05-21 01:46:10.330400,Mac Failed Login,70,Medium,Mac Local System,2026-05-21 01:46:10.330 Df ecosystemd[6857:6613a8] [com.apple.xpc:connection] [0x906c89400] invalidated after a failed init
2026-05-21 01:46:10.330468,Mac Failed Login,70,Medium,Mac Local System,2026-05-21 01:46:10.330 Df ecosystemanalyticsd[53070:660b6c] [com.apple.xpc:connection] [0xa56c7c640] failed to do a bootstrap look-up: xpc_error=[159: Unknown error: 159]
2026-05-21 01:46:10.330520,Mac Failed Login,70,Medium,Mac Local System,2026-05-21 01:46:10.330 Df ecosystemanalyticsd[53070:660b6c] [com.apple.xpc:connection] [0xa56c7c640] invalidated after a failed init
2026-05-21 01:46:10.331177,Mac Failed Login,70,Medium,Mac Local System,2026-05-21 01:46:10.331 E  ecosystemd[6857:6613a8] (EcosystemAnalytics) EcosystemAnalytics.framework:RosettaCoordinator: getCodeSignatureInfo: SecStaticCodeCreate Failed url: <private>
2026-05-21 01:46:10.331364,Mac Failed Login,70,Medium,Mac Local System,2026-05-21 01:46:10.331 Df ecosystemd[6857:6613a8] [com.apple.xpc:connection] [0x906c89400] failed to do a bootstrap look-up: xpc_error=[159: Unknown error: 159]
2026-05-21 01:46:10.331397,Mac Failed Login,70,Medium,Mac Local System,2026-05-21 01:46:10.331 Df ecosystemd[6857:6613a8] [com.apple.xpc:connection] [0x906c89400] invalidated after a failed init
2026-05-21 01:46:10.332602,Mac Failed Login,70,Medium,Mac Local System,2026-05-21 01:46:10.332 E  ecosystemd[6857:6613a8] (EcosystemAnalytics) EcosystemAnalytics.framework:RosettaCoordinator: getCodeSignatureInfo: SecStaticCodeCreate Failed url: <private>
2026-05-21 01:46:10.343719,Mac Failed Login,70,Medium,Mac Local System,2026-05-21 01:46:10.343 Df ecosystemanalyticsd[53070:660b6c] [com.apple.xpc:connection] [0xa56c7c640] failed to do a bootstrap look-up: xpc_error=[159: Unknown error: 159]
2026-05-21 01:46:10.343797,Mac Failed Login,70,Medium,Mac Local System,2026-05-21 01:46:10.343 Df ecosystemanalyticsd[53070:660b6c] [com.apple.xpc:connection] [0xa56c7c640] invalidated after a failed init
2026-05-21 01:46:10.359582,Mac Failed Login,70,Medium,Mac Local System,2026-05-21 01:46:10.359 Df ecosystemanalyticsd[53070:660b6c] [com.apple.xpc:connection] [0xa56c7c640] failed to do a bootstrap look-up: xpc_error=[159: Unknown error: 159]
2026-05-21 01:46:10.359664,Mac Failed Login,70,Medium,Mac Local System,2026-05-21 01:46:10.359 Df ecosystemd[6857:6613a8] [com.apple.xpc:connection] [0x906c89400] failed to do a bootstrap look-up: xpc_error=[159: Unknown error: 159]
2026-05-21 01:46:10.359702,Mac Failed Login,70,Medium,Mac Local System,2026-05-21 01:46:10.359 Df ecosystemd[6857:6613a8] [com.apple.xpc:connection] [0x906c89400] invalidated after a failed init
2026-05-21 01:46:10.359743,Mac Failed Login,70,Medium,Mac Local System,2026-05-21 01:46:10.359 Df ecosystemanalyticsd[53070:660b6c] [com.apple.xpc:connection] [0xa56c7c640] invalidated after a failed init
2026-05-21 01:46:10.360850,Mac Failed Login,70,Medium,Mac Local System,2026-05-21 01:46:10.360 E  ecosystemd[6857:6613a8] (EcosystemAnalytics) EcosystemAnalytics.framework:RosettaCoordinator: getCodeSignatureInfo: SecStaticCodeCreate Failed url: <private>
2026-05-21 01:46:10.361146,Mac Failed Login,70,Medium,Mac Local System,2026-05-21 01:46:10.360 Df ecosystemd[6857:6613a8] [com.apple.xpc:connection] [0x906c89400] failed to do a bootstrap look-up: xpc_error=[159: Unknown error: 159]
2026-05-21 01:46:10.361211,Mac Failed Login,70,Medium,Mac Local System,2026-05-21 01:46:10.361 Df ecosystemd[6857:6613a8] [com.apple.xpc:connection] [0x906c89400] invalidated after a failed init
2026-05-21 01:46:10.362231,Mac Failed Login,70,Medium,Mac Local System,2026-05-21 01:46:10.362 E  ecosystemd[6857:6613a8] (EcosystemAnalytics) EcosystemAnalytics.framework:RosettaCoordinator: getCodeSignatureInfo: SecStaticCodeCreate Failed url: <private>
2026-05-21 01:46:10.370136,Mac Failed Login,70,Medium,Mac Local System,2026-05-21 01:46:10.370 Df ecosystemanalyticsd[53070:660b6c] [com.apple.xpc:connection] [0xa56c7c640] failed to do a bootstrap look-up: xpc_error=[159: Unknown error: 159]
2026-05-21 01:46:10.370225,Mac Failed Login,70,Medium,Mac Local System,2026-05-21 01:46:10.370 Df ecosystemanalyticsd[53070:660b6c] [com.apple.xpc:connection] [0xa56c7c640] invalidated after a failed init
2026-05-21 01:46:10.408617,Mac Failed Login,70,Medium,Mac Local System,2026-05-21 01:46:10.408 Df ecosystemd[6857:6613a8] [com.apple.xpc:connection] [0x906c89400] failed to do a bootstrap look-up: xpc_error=[159: Unknown error: 159]
2026-05-21 01:46:10.408704,Mac Failed Login,70,Medium,Mac Local System,2026-05-21 01:46:10.408 Df ecosystemd[6857:6613a8] [com.apple.xpc:connection] [0x906c89400] invalidated after a failed init
2026-05-21 01:46:10.408742,Mac Failed Login,70,Medium,Mac Local System,2026-05-21 01:46:10.408 Df ecosystemanalyticsd[53070:660b6c] [com.apple.xpc:connection] [0xa56c7c640] failed to do a bootstrap look-up: xpc_error=[159: Unknown error: 159]
2026-05-21 01:46:10.408777,Mac Failed Login,70,Medium,Mac Local System,2026-05-21 01:46:10.408 Df ecosystemanalyticsd[53070:660b6c] [com.apple.xpc:connection] [0xa56c7c640] invalidated after a failed init
2026-05-21 01:46:10.410089,Mac Failed Login,70,Medium,Mac Local System,2026-05-21 01:46:10.409 E  ecosystemd[6857:6613a8] (EcosystemAnalytics) EcosystemAnalytics.framework:RosettaCoordinator: getCodeSignatureInfo: SecStaticCodeCreate Failed url: <private>
2026-05-21 01:46:10.410618,Mac Failed Login,70,Medium,Mac Local System,2026-05-21 01:46:10.410 Df ecosystemd[6857:6613a8] [com.apple.xpc:connection] [0x906c89400] failed to do a bootstrap look-up: xpc_error=[159: Unknown error: 159]
2026-05-21 01:46:10.410676,Mac Failed Login,70,Medium,Mac Local System,2026-05-21 01:46:10.410 Df ecosystemd[6857:6613a8] [com.apple.xpc:connection] [0x906c89400] invalidated after a failed init
2026-05-21 01:46:10.411471,Mac Failed Login,70,Medium,Mac Local System,2026-05-21 01:46:10.411 E  ecosystemd[6857:6613a8] (EcosystemAnalytics) EcosystemAnalytics.framework:RosettaCoordinator: getCodeSignatureInfo: SecStaticCodeCreate Failed url: <private>
2026-05-21 01:46:10.419394,Mac Failed Login,70,Medium,Mac Local System,2026-05-21 01:46:10.419 Df ecosystemanalyticsd[53070:660b6c] [com.apple.xpc:connection] [0xa56c7c640] failed to do a bootstrap look-up: xpc_error=[159: Unknown error: 159]
2026-05-21 01:46:10.419485,Mac Failed Login,70,Medium,Mac Local System,2026-05-21 01:46:10.419 Df ecosystemanalyticsd[53070:660b6c] [com.apple.xpc:connection] [0xa56c7c640] invalidated after a failed init
2026-05-21 01:46:10.461137,Mac Failed Login,70,Medium,Mac Local System,2026-05-21 01:46:10.460 Df ecosystemd[6857:6613a8] [com.apple.xpc:connection] [0x906c89400] failed to do a bootstrap look-up: xpc_error=[159: Unknown error: 159]
2026-05-21 01:46:10.461257,Mac Failed Login,70,Medium,Mac Local System,2026-05-21 01:46:10.460 Df ecosystemd[6857:6613a8] [com.apple.xpc:connection] [0x906c89400] invalidated after a failed init
2026-05-21 01:46:10.461483,Mac Failed Login,70,Medium,Mac Local System,2026-05-21 01:46:10.461 Df ecosystemanalyticsd[53070:660b6c] [com.apple.xpc:connection] [0xa56c7c640] failed to do a bootstrap look-up: xpc_error=[159: Unknown error: 159]
2026-05-21 01:46:10.461547,Mac Failed Login,70,Medium,Mac Local System,2026-05-21 01:46:10.461 Df ecosystemanalyticsd[53070:660b6c] [com.apple.xpc:connection] [0xa56c7c640] invalidated after a failed init
2026-05-21 01:46:10.462966,Mac Failed Login,70,Medium,Mac Local System,2026-05-21 01:46:10.462 E  ecosystemd[6857:6613a8] (EcosystemAnalytics) EcosystemAnalytics.framework:RosettaCoordinator: getCodeSignatureInfo: SecStaticCodeCreate Failed url: <private>
2026-05-21 01:46:10.463569,Mac Failed Login,70,Medium,Mac Local System,2026-05-21 01:46:10.463 Df ecosystemd[6857:6613a8] [com.apple.xpc:connection] [0x906c89400] failed to do a bootstrap look-up: xpc_error=[159: Unknown error: 159]
2026-05-21 01:46:10.463652,Mac Failed Login,70,Medium,Mac Local System,2026-05-21 01:46:10.463 Df ecosystemd[6857:6613a8] [com.apple.xpc:connection] [0x906c89400] invalidated after a failed init
2026-05-21 01:46:10.465210,Mac Failed Login,70,Medium,Mac Local System,2026-05-21 01:46:10.464 E  ecosystemd[6857:6613a8] (EcosystemAnalytics) EcosystemAnalytics.framework:RosettaCoordinator: getCodeSignatureInfo: SecStaticCodeCreate Failed url: <private>
2026-05-21 01:46:10.476747,Mac Failed Login,70,Medium,Mac Local System,2026-05-21 01:46:10.476 Df ecosystemanalyticsd[53070:660b6c] [com.apple.xpc:connection] [0xa56c7c640] failed to do a bootstrap look-up: xpc_error=[159: Unknown error: 159]
2026-05-21 01:46:10.476837,Mac Failed Login,70,Medium,Mac Local System,2026-05-21 01:46:10.476 Df ecosystemanalyticsd[53070:660b6c] [com.apple.xpc:connection] [0xa56c7c640] invalidated after a failed init
2026-05-21 01:46:10.498543,Mac Failed Login,70,Medium,Mac Local System,2026-05-21 01:46:10.498 Df ecosystemd[6857:6613a8] [com.apple.xpc:connection] [0x906c89400] failed to do a bootstrap look-up: xpc_error=[159: Unknown error: 159]
2026-05-21 01:46:10.498663,Mac Failed Login,70,Medium,Mac Local System,2026-05-21 01:46:10.498 Df ecosystemd[6857:6613a8] [com.apple.xpc:connection] [0x906c89400] invalidated after a failed init
2026-05-21 01:46:10.498956,Mac Failed Login,70,Medium,Mac Local System,2026-05-21 01:46:10.498 Df ecosystemanalyticsd[53070:660b6c] [com.apple.xpc:connection] [0xa56c7c640] failed to do a bootstrap look-up: xpc_error=[159: Unknown error: 159]
2026-05-21 01:46:10.499038,Mac Failed Login,70,Medium,Mac Local System,2026-05-21 01:46:10.498 Df ecosystemanalyticsd[53070:660b6c] [com.apple.xpc:connection] [0xa56c7c640] invalidated after a failed init
2026-05-21 01:46:10.500670,Mac Failed Login,70,Medium,Mac Local System,2026-05-21 01:46:10.500 E  ecosystemd[6857:6613a8] (EcosystemAnalytics) EcosystemAnalytics.framework:RosettaCoordinator: getCodeSignatureInfo: SecStaticCodeCreate Failed url: <private>
2026-05-21 01:46:10.501722,Mac Failed Login,70,Medium,Mac Local System,2026-05-21 01:46:10.501 Df ecosystemd[6857:6613a8] [com.apple.xpc:connection] [0x906c89400] failed to do a bootstrap look-up: xpc_error=[159: Unknown error: 159]
2026-05-21 01:46:10.501801,Mac Failed Login,70,Medium,Mac Local System,2026-05-21 01:46:10.501 Df ecosystemd[6857:6613a8] [com.apple.xpc:connection] [0x906c89400] invalidated after a failed init
2026-05-21 01:46:10.503320,Mac Failed Login,70,Medium,Mac Local System,2026-05-21 01:46:10.503 E  ecosystemd[6857:6613a8] (EcosystemAnalytics) EcosystemAnalytics.framework:RosettaCoordinator: getCodeSignatureInfo: SecStaticCodeCreate Failed url: <private>
2026-05-21 01:46:10.516010,Mac Failed Login,70,Medium,Mac Local System,2026-05-21 01:46:10.515 Df ecosystemanalyticsd[53070:660b6c] [com.apple.xpc:connection] [0xa56c7c640] failed to do a bootstrap look-up: xpc_error=[159: Unknown error: 159]
2026-05-21 01:46:10.516612,Mac Failed Login,70,Medium,Mac Local System,2026-05-21 01:46:10.515 Df ecosystemanalyticsd[53070:660b6c] [com.apple.xpc:connection] [0xa56c7c640] invalidated after a failed init
2026-05-21 01:46:10.531724,Mac Failed Login,70,Medium,Mac Local System,2026-05-21 01:46:10.531 Df ecosystemanalyticsd[53070:660b6c] [com.apple.xpc:connection] [0xa56c7c640] failed to do a bootstrap look-up: xpc_error=[159: Unknown error: 159]
2026-05-21 01:46:10.531831,Mac Failed Login,70,Medium,Mac Local System,2026-05-21 01:46:10.531 Df ecosystemanalyticsd[53070:660b6c] [com.apple.xpc:connection] [0xa56c7c640] invalidated after a failed init
2026-05-21 01:46:10.531932,Mac Failed Login,70,Medium,Mac Local System,2026-05-21 01:46:10.531 Df ecosystemd[6857:6613a8] [com.apple.xpc:connection] [0x906c89400] failed to do a bootstrap look-up: xpc_error=[159: Unknown error: 159]
2026-05-21 01:46:10.531995,Mac Failed Login,70,Medium,Mac Local System,2026-05-21 01:46:10.531 Df ecosystemd[6857:6613a8] [com.apple.xpc:connection] [0x906c89400] invalidated after a failed init
2026-05-21 01:46:10.533579,Mac Failed Login,70,Medium,Mac Local System,2026-05-21 01:46:10.533 E  ecosystemd[6857:6613a8] (EcosystemAnalytics) EcosystemAnalytics.framework:RosettaCoordinator: getCodeSignatureInfo: SecStaticCodeCreate Failed url: <private>
2026-05-21 01:46:10.534043,Mac Failed Login,70,Medium,Mac Local System,2026-05-21 01:46:10.533 Df ecosystemd[6857:6613a8] [com.apple.xpc:connection] [0x906c89400] failed to do a bootstrap look-up: xpc_error=[159: Unknown error: 159]
2026-05-21 01:46:10.534128,Mac Failed Login,70,Medium,Mac Local System,2026-05-21 01:46:10.533 Df ecosystemd[6857:6613a8] [com.apple.xpc:connection] [0x906c89400] invalidated after a failed init
2026-05-21 01:46:10.535413,Mac Failed Login,70,Medium,Mac Local System,2026-05-21 01:46:10.535 E  ecosystemd[6857:6613a8] (EcosystemAnalytics) EcosystemAnalytics.framework:RosettaCoordinator: getCodeSignatureInfo: SecStaticCodeCreate Failed url: <private>
2026-05-21 01:46:10.545018,Mac Failed Login,70,Medium,Mac Local System,2026-05-21 01:46:10.544 Df ecosystemanalyticsd[53070:660b6c] [com.apple.xpc:connection] [0xa56c7c640] failed to do a bootstrap look-up: xpc_error=[159: Unknown error: 159]
2026-05-21 01:46:10.545136,Mac Failed Login,70,Medium,Mac Local System,2026-05-21 01:46:10.544 Df ecosystemanalyticsd[53070:660b6c] [com.apple.xpc:connection] [0xa56c7c640] invalidated after a failed init
2026-05-21 01:46:10.559917,Mac Failed Login,70,Medium,Mac Local System,2026-05-21 01:46:10.559 Df ecosystemd[6857:6613a8] [com.apple.xpc:connection] [0x906c89400] failed to do a bootstrap look-up: xpc_error=[159: Unknown error: 159]
2026-05-21 01:46:10.559960,Mac Failed Login,70,Medium,Mac Local System,2026-05-21 01:46:10.559 Df ecosystemanalyticsd[53070:660b6c] [com.apple.xpc:connection] [0xa56c7c640] failed to do a bootstrap look-up: xpc_error=[159: Unknown error: 159]
2026-05-21 01:46:10.560049,Mac Failed Login,70,Medium,Mac Local System,2026-05-21 01:46:10.559 Df ecosystemanalyticsd[53070:660b6c] [com.apple.xpc:connection] [0xa56c7c640] invalidated after a failed init
2026-05-21 01:46:10.560064,Mac Failed Login,70,Medium,Mac Local System,2026-05-21 01:46:10.559 Df ecosystemd[6857:6613a8] [com.apple.xpc:connection] [0x906c89400] invalidated after a failed init
2026-05-21 01:46:10.560796,Mac Failed Login,70,Medium,Mac Local System,2026-05-21 01:46:10.560 E  ecosystemd[6857:6613a8] (EcosystemAnalytics) EcosystemAnalytics.framework:RosettaCoordinator: getCodeSignatureInfo: SecStaticCodeCreate Failed url: <private>
2026-05-21 01:46:10.560990,Mac Failed Login,70,Medium,Mac Local System,2026-05-21 01:46:10.560 Df ecosystemd[6857:6613a8] [com.apple.xpc:connection] [0x906c89400] failed to do a bootstrap look-up: xpc_error=[159: Unknown error: 159]
2026-05-21 01:46:10.561033,Mac Failed Login,70,Medium,Mac Local System,2026-05-21 01:46:10.560 Df ecosystemd[6857:6613a8] [com.apple.xpc:connection] [0x906c89400] invalidated after a failed init
2026-05-21 01:46:10.561741,Mac Failed Login,70,Medium,Mac Local System,2026-05-21 01:46:10.561 E  ecosystemd[6857:6613a8] (EcosystemAnalytics) EcosystemAnalytics.framework:RosettaCoordinator: getCodeSignatureInfo: SecStaticCodeCreate Failed url: <private>
2026-05-21 01:46:10.567978,Mac Failed Login,70,Medium,Mac Local System,2026-05-21 01:46:10.567 Df ecosystemanalyticsd[53070:660b6c] [com.apple.xpc:connection] [0xa56c7c640] failed to do a bootstrap look-up: xpc_error=[159: Unknown error: 159]
2026-05-21 01:46:10.568018,Mac Failed Login,70,Medium,Mac Local System,2026-05-21 01:46:10.567 Df ecosystemanalyticsd[53070:660b6c] [com.apple.xpc:connection] [0xa56c7c640] invalidated after a failed init
2026-05-21 01:46:10.581654,Mac Failed Login,70,Medium,Mac Local System,2026-05-21 01:46:10.581 Df ecosystemanalyticsd[53070:660b6c] [com.apple.xpc:connection] [0xa56c7c640] failed to do a bootstrap look-up: xpc_error=[159: Unknown error: 159]
2026-05-21 01:46:10.581763,Mac Failed Login,70,Medium,Mac Local System,2026-05-21 01:46:10.581 Df ecosystemanalyticsd[53070:660b6c] [com.apple.xpc:connection] [0xa56c7c640] invalidated after a failed init
2026-05-21 01:46:10.581792,Mac Failed Login,70,Medium,Mac Local System,2026-05-21 01:46:10.581 Df ecosystemd[6857:6613a8] [com.apple.xpc:connection] [0x906c89400] failed to do a bootstrap look-up: xpc_error=[159: Unknown error: 159]
2026-05-21 01:46:10.581853,Mac Failed Login,70,Medium,Mac Local System,2026-05-21 01:46:10.581 Df ecosystemd[6857:6613a8] [com.apple.xpc:connection] [0x906c89400] invalidated after a failed init
2026-05-21 01:46:10.582518,Mac Failed Login,70,Medium,Mac Local System,2026-05-21 01:46:10.582 E  ecosystemd[6857:6613a8] (EcosystemAnalytics) EcosystemAnalytics.framework:RosettaCoordinator: getCodeSignatureInfo: SecStaticCodeCreate Failed url: <private>
2026-05-21 01:46:10.582716,Mac Failed Login,70,Medium,Mac Local System,2026-05-21 01:46:10.582 Df ecosystemd[6857:6613a8] [com.apple.xpc:connection] [0x906c89400] failed to do a bootstrap look-up: xpc_error=[159: Unknown error: 159]
2026-05-21 01:46:10.582755,Mac Failed Login,70,Medium,Mac Local System,2026-05-21 01:46:10.582 Df ecosystemd[6857:6613a8] [com.apple.xpc:connection] [0x906c89400] invalidated after a failed init
2026-05-21 01:46:10.583453,Mac Failed Login,70,Medium,Mac Local System,2026-05-21 01:46:10.583 E  ecosystemd[6857:6613a8] (EcosystemAnalytics) EcosystemAnalytics.framework:RosettaCoordinator: getCodeSignatureInfo: SecStaticCodeCreate Failed url: <private>
2026-05-21 01:46:10.589742,Mac Failed Login,70,Medium,Mac Local System,2026-05-21 01:46:10.589 Df ecosystemanalyticsd[53070:660b6c] [com.apple.xpc:connection] [0xa56c7c640] failed to do a bootstrap look-up: xpc_error=[159: Unknown error: 159]
2026-05-21 01:46:10.589780,Mac Failed Login,70,Medium,Mac Local System,2026-05-21 01:46:10.589 Df ecosystemanalyticsd[53070:660b6c] [com.apple.xpc:connection] [0xa56c7c640] invalidated after a failed init
2026-05-21 01:46:10.606085,Mac Failed Login,70,Medium,Mac Local System,2026-05-21 01:46:10.605 Df ecosystemd[6857:6613a8] [com.apple.xpc:connection] [0x906c89400] failed to do a bootstrap look-up: xpc_error=[159: Unknown error: 159]
2026-05-21 01:46:10.606161,Mac Failed Login,70,Medium,Mac Local System,2026-05-21 01:46:10.605 Df ecosystemanalyticsd[53070:660b6c] [com.apple.xpc:connection] [0xa56c7c640] failed to do a bootstrap look-up: xpc_error=[159: Unknown error: 159]
2026-05-21 01:46:10.606225,Mac Failed Login,70,Medium,Mac Local System,2026-05-21 01:46:10.606 Df ecosystemd[6857:6613a8] [com.apple.xpc:connection] [0x906c89400] invalidated after a failed init
2026-05-21 01:46:10.606298,Mac Failed Login,70,Medium,Mac Local System,2026-05-21 01:46:10.606 Df ecosystemanalyticsd[53070:660b6c] [com.apple.xpc:connection] [0xa56c7c640] invalidated after a failed init
2026-05-21 01:46:10.607700,Mac Failed Login,70,Medium,Mac Local System,2026-05-21 01:46:10.607 E  ecosystemd[6857:6613a8] (EcosystemAnalytics) EcosystemAnalytics.framework:RosettaCoordinator: getCodeSignatureInfo: SecStaticCodeCreate Failed url: <private>
2026-05-21 01:46:10.608087,Mac Failed Login,70,Medium,Mac Local System,2026-05-21 01:46:10.607 Df ecosystemd[6857:6613a8] [com.apple.xpc:connection] [0x906c89400] failed to do a bootstrap look-up: xpc_error=[159: Unknown error: 159]
2026-05-21 01:46:10.608160,Mac Failed Login,70,Medium,Mac Local System,2026-05-21 01:46:10.607 Df ecosystemd[6857:6613a8] [com.apple.xpc:connection] [0x906c89400] invalidated after a failed init
2026-05-21 01:46:10.609784,Mac Failed Login,70,Medium,Mac Local System,2026-05-21 01:46:10.609 E  ecosystemd[6857:6613a8] (EcosystemAnalytics) EcosystemAnalytics.framework:RosettaCoordinator: getCodeSignatureInfo: SecStaticCodeCreate Failed url: <private>
2026-05-21 01:46:10.620391,Mac Failed Login,70,Medium,Mac Local System,2026-05-21 01:46:10.620 Df ecosystemanalyticsd[53070:660b6c] [com.apple.xpc:connection] [0xa56c7c640] failed to do a bootstrap look-up: xpc_error=[159: Unknown error: 159]
2026-05-21 01:46:10.620468,Mac Failed Login,70,Medium,Mac Local System,2026-05-21 01:46:10.620 Df ecosystemanalyticsd[53070:660b6c] [com.apple.xpc:connection] [0xa56c7c640] invalidated after a failed init
2026-05-21 01:46:10.638799,Mac Failed Login,70,Medium,Mac Local System,2026-05-21 01:46:10.638 Df ecosystemd[6857:6613a8] [com.apple.xpc:connection] [0x906c89400] failed to do a bootstrap look-up: xpc_error=[159: Unknown error: 159]
2026-05-21 01:46:10.638926,Mac Failed Login,70,Medium,Mac Local System,2026-05-21 01:46:10.638 Df ecosystemd[6857:6613a8] [com.apple.xpc:connection] [0x906c89400] invalidated after a failed init
2026-05-21 01:46:10.639000,Mac Failed Login,70,Medium,Mac Local System,2026-05-21 01:46:10.638 Df ecosystemanalyticsd[53070:660b6c] [com.apple.xpc:connection] [0xa56c7c640] failed to do a bootstrap look-up: xpc_error=[159: Unknown error: 159]
2026-05-21 01:46:10.639077,Mac Failed Login,70,Medium,Mac Local System,2026-05-21 01:46:10.638 Df ecosystemanalyticsd[53070:660b6c] [com.apple.xpc:connection] [0xa56c7c640] invalidated after a failed init
2026-05-21 01:46:10.640392,Mac Failed Login,70,Medium,Mac Local System,2026-05-21 01:46:10.640 E  ecosystemd[6857:6613a8] (EcosystemAnalytics) EcosystemAnalytics.framework:RosettaCoordinator: getCodeSignatureInfo: SecStaticCodeCreate Failed url: <private>
2026-05-21 01:46:10.640768,Mac Failed Login,70,Medium,Mac Local System,2026-05-21 01:46:10.640 Df ecosystemd[6857:6613a8] [com.apple.xpc:connection] [0x906c89400] failed to do a bootstrap look-up: xpc_error=[159: Unknown error: 159]
2026-05-21 01:46:10.640843,Mac Failed Login,70,Medium,Mac Local System,2026-05-21 01:46:10.640 Df ecosystemd[6857:6613a8] [com.apple.xpc:connection] [0x906c89400] invalidated after a failed init
2026-05-21 01:46:10.642200,Mac Failed Login,70,Medium,Mac Local System,2026-05-21 01:46:10.642 E  ecosystemd[6857:6613a8] (EcosystemAnalytics) EcosystemAnalytics.framework:RosettaCoordinator: getCodeSignatureInfo: SecStaticCodeCreate Failed url: <private>
2026-05-21 01:46:10.651109,Mac Failed Login,70,Medium,Mac Local System,2026-05-21 01:46:10.650 Df ecosystemanalyticsd[53070:660b6c] [com.apple.xpc:connection] [0xa56c7c640] failed to do a bootstrap look-up: xpc_error=[159: Unknown error: 159]
2026-05-21 01:46:10.651163,Mac Failed Login,70,Medium,Mac Local System,2026-05-21 01:46:10.650 Df ecosystemanalyticsd[53070:660b6c] [com.apple.xpc:connection] [0xa56c7c640] invalidated after a failed init
2026-05-21 01:46:10.671527,Mac Failed Login,70,Medium,Mac Local System,2026-05-21 01:46:10.671 Df ecosystemanalyticsd[53070:660b6c] [com.apple.xpc:connection] [0xa56c7c640] failed to do a bootstrap look-up: xpc_error=[159: Unknown error: 159]
2026-05-21 01:46:10.671605,Mac Failed Login,70,Medium,Mac Local System,2026-05-21 01:46:10.671 Df ecosystemd[6857:6613a8] [com.apple.xpc:connection] [0x906c89400] failed to do a bootstrap look-up: xpc_error=[159: Unknown error: 159]
2026-05-21 01:46:10.671681,Mac Failed Login,70,Medium,Mac Local System,2026-05-21 01:46:10.671 Df ecosystemanalyticsd[53070:660b6c] [com.apple.xpc:connection] [0xa56c7c640] invalidated after a failed init
2026-05-21 01:46:10.671745,Mac Failed Login,70,Medium,Mac Local System,2026-05-21 01:46:10.671 Df ecosystemd[6857:6613a8] [com.apple.xpc:connection] [0x906c89400] invalidated after a failed init
2026-05-21 01:46:10.673111,Mac Failed Login,70,Medium,Mac Local System,2026-05-21 01:46:10.672 E  ecosystemd[6857:6613a8] (EcosystemAnalytics) EcosystemAnalytics.framework:RosettaCoordinator: getCodeSignatureInfo: SecStaticCodeCreate Failed url: <private>
2026-05-21 01:46:10.673458,Mac Failed Login,70,Medium,Mac Local System,2026-05-21 01:46:10.673 Df ecosystemd[6857:6613a8] [com.apple.xpc:connection] [0x906c89400] failed to do a bootstrap look-up: xpc_error=[159: Unknown error: 159]
2026-05-21 01:46:10.673532,Mac Failed Login,70,Medium,Mac Local System,2026-05-21 01:46:10.673 Df ecosystemd[6857:6613a8] [com.apple.xpc:connection] [0x906c89400] invalidated after a failed init
2026-05-21 01:46:10.675130,Mac Failed Login,70,Medium,Mac Local System,2026-05-21 01:46:10.674 E  ecosystemd[6857:6613a8] (EcosystemAnalytics) EcosystemAnalytics.framework:RosettaCoordinator: getCodeSignatureInfo: SecStaticCodeCreate Failed url: <private>
2026-05-21 01:46:10.684279,Mac Failed Login,70,Medium,Mac Local System,2026-05-21 01:46:10.684 Df ecosystemanalyticsd[53070:660b6c] [com.apple.xpc:connection] [0xa56c7c640] failed to do a bootstrap look-up: xpc_error=[159: Unknown error: 159]
2026-05-21 01:46:10.684356,Mac Failed Login,70,Medium,Mac Local System,2026-05-21 01:46:10.684 Df ecosystemanalyticsd[53070:660b6c] [com.apple.xpc:connection] [0xa56c7c640] invalidated after a failed init
2026-05-21 01:46:10.704765,Mac Failed Login,70,Medium,Mac Local System,2026-05-21 01:46:10.704 Df ecosystemd[6857:6613a8] [com.apple.xpc:connection] [0x906c89400] failed to do a bootstrap look-up: xpc_error=[159: Unknown error: 159]
2026-05-21 01:46:10.704895,Mac Failed Login,70,Medium,Mac Local System,2026-05-21 01:46:10.704 Df ecosystemd[6857:6613a8] [com.apple.xpc:connection] [0x906c89400] invalidated after a failed init
2026-05-21 01:46:10.704990,Mac Failed Login,70,Medium,Mac Local System,2026-05-21 01:46:10.704 Df ecosystemanalyticsd[53070:660b6c] [com.apple.xpc:connection] [0xa56c7c640] failed to do a bootstrap look-up: xpc_error=[159: Unknown error: 159]
2026-05-21 01:46:10.705025,Mac Failed Login,70,Medium,Mac Local System,2026-05-21 01:46:10.704 Df ecosystemanalyticsd[53070:660b6c] [com.apple.xpc:connection] [0xa56c7c640] invalidated after a failed init
2026-05-21 01:46:10.705993,Mac Failed Login,70,Medium,Mac Local System,2026-05-21 01:46:10.705 E  ecosystemd[6857:6613a8] (EcosystemAnalytics) EcosystemAnalytics.framework:RosettaCoordinator: getCodeSignatureInfo: SecStaticCodeCreate Failed url: <private>
2026-05-21 01:46:10.706418,Mac Failed Login,70,Medium,Mac Local System,2026-05-21 01:46:10.706 Df ecosystemd[6857:6613a8] [com.apple.xpc:connection] [0x906c89400] failed to do a bootstrap look-up: xpc_error=[159: Unknown error: 159]
2026-05-21 01:46:10.706497,Mac Failed Login,70,Medium,Mac Local System,2026-05-21 01:46:10.706 Df ecosystemd[6857:6613a8] [com.apple.xpc:connection] [0x906c89400] invalidated after a failed init
2026-05-21 01:46:10.707971,Mac Failed Login,70,Medium,Mac Local System,2026-05-21 01:46:10.707 E  ecosystemd[6857:6613a8] (EcosystemAnalytics) EcosystemAnalytics.framework:RosettaCoordinator: getCodeSignatureInfo: SecStaticCodeCreate Failed url: <private>
2026-05-21 01:46:10.717939,Mac Failed Login,70,Medium,Mac Local System,2026-05-21 01:46:10.717 Df ecosystemanalyticsd[53070:660b6c] [com.apple.xpc:connection] [0xa56c7c640] failed to do a bootstrap look-up: xpc_error=[159: Unknown error: 159]
2026-05-21 01:46:10.717980,Mac Failed Login,70,Medium,Mac Local System,2026-05-21 01:46:10.717 Df ecosystemanalyticsd[53070:660b6c] [com.apple.xpc:connection] [0xa56c7c640] invalidated after a failed init
2026-05-21 01:46:10.740064,Mac Failed Login,70,Medium,Mac Local System,2026-05-21 01:46:10.739 Df ecosystemd[6857:6613a8] [com.apple.xpc:connection] [0x906c89400] failed to do a bootstrap look-up: xpc_error=[159: Unknown error: 159]
2026-05-21 01:46:10.740099,Mac Failed Login,70,Medium,Mac Local System,2026-05-21 01:46:10.739 Df ecosystemd[6857:6613a8] [com.apple.xpc:connection] [0x906c89400] invalidated after a failed init
2026-05-21 01:46:10.740178,Mac Failed Login,70,Medium,Mac Local System,2026-05-21 01:46:10.740 Df ecosystemanalyticsd[53070:660b6c] [com.apple.xpc:connection] [0xa56c7c640] failed to do a bootstrap look-up: xpc_error=[159: Unknown error: 159]
2026-05-21 01:46:10.740214,Mac Failed Login,70,Medium,Mac Local System,2026-05-21 01:46:10.740 Df ecosystemanalyticsd[53070:660b6c] [com.apple.xpc:connection] [0xa56c7c640] invalidated after a failed init
2026-05-21 01:46:10.740826,Mac Failed Login,70,Medium,Mac Local System,2026-05-21 01:46:10.740 E  ecosystemd[6857:6613a8] (EcosystemAnalytics) EcosystemAnalytics.framework:RosettaCoordinator: getCodeSignatureInfo: SecStaticCodeCreate Failed url: <private>
2026-05-21 01:46:10.741081,Mac Failed Login,70,Medium,Mac Local System,2026-05-21 01:46:10.740 Df ecosystemd[6857:6613a8] [com.apple.xpc:connection] [0x906c89400] failed to do a bootstrap look-up: xpc_error=[159: Unknown error: 159]
2026-05-21 01:46:10.741150,Mac Failed Login,70,Medium,Mac Local System,2026-05-21 01:46:10.741 Df ecosystemd[6857:6613a8] [com.apple.xpc:connection] [0x906c89400] invalidated after a failed init
2026-05-21 01:46:10.742603,Mac Failed Login,70,Medium,Mac Local System,2026-05-21 01:46:10.742 E  ecosystemd[6857:6613a8] (EcosystemAnalytics) EcosystemAnalytics.framework:RosettaCoordinator: getCodeSignatureInfo: SecStaticCodeCreate Failed url: <private>
2026-05-21 01:46:10.749927,Mac Failed Login,70,Medium,Mac Local System,2026-05-21 01:46:10.749 Df ecosystemanalyticsd[53070:660b6c] [com.apple.xpc:connection] [0xa56c7c640] failed to do a bootstrap look-up: xpc_error=[159: Unknown error: 159]
2026-05-21 01:46:10.749960,Mac Failed Login,70,Medium,Mac Local System,2026-05-21 01:46:10.749 Df ecosystemanalyticsd[53070:660b6c] [com.apple.xpc:connection] [0xa56c7c640] invalidated after a failed init
2026-05-21 01:46:10.767427,Mac Failed Login,70,Medium,Mac Local System,2026-05-21 01:46:10.767 Df ecosystemd[6857:6613a8] [com.apple.xpc:connection] [0x906c89400] failed to do a bootstrap look-up: xpc_error=[159: Unknown error: 159]
2026-05-21 01:46:10.767513,Mac Failed Login,70,Medium,Mac Local System,2026-05-21 01:46:10.767 Df ecosystemd[6857:6613a8] [com.apple.xpc:connection] [0x906c89400] invalidated after a failed init
2026-05-21 01:46:10.767585,Mac Failed Login,70,Medium,Mac Local System,2026-05-21 01:46:10.767 Df ecosystemanalyticsd[53070:660b6c] [com.apple.xpc:connection] [0xa56c7c640] failed to do a bootstrap look-up: xpc_error=[159: Unknown error: 159]
2026-05-21 01:46:10.767632,Mac Failed Login,70,Medium,Mac Local System,2026-05-21 01:46:10.767 Df ecosystemanalyticsd[53070:660b6c] [com.apple.xpc:connection] [0xa56c7c640] invalidated after a failed init
2026-05-21 01:46:10.768741,Mac Failed Login,70,Medium,Mac Local System,2026-05-21 01:46:10.768 E  ecosystemd[6857:6613a8] (EcosystemAnalytics) EcosystemAnalytics.framework:RosettaCoordinator: getCodeSignatureInfo: SecStaticCodeCreate Failed url: <private>
2026-05-21 01:46:10.769116,Mac Failed Login,70,Medium,Mac Local System,2026-05-21 01:46:10.768 Df ecosystemd[6857:6613a8] [com.apple.xpc:connection] [0x906c89400] failed to do a bootstrap look-up: xpc_error=[159: Unknown error: 159]
2026-05-21 01:46:10.769174,Mac Failed Login,70,Medium,Mac Local System,2026-05-21 01:46:10.768 Df ecosystemd[6857:6613a8] [com.apple.xpc:connection] [0x906c89400] invalidated after a failed init
2026-05-21 01:46:10.770757,Mac Failed Login,70,Medium,Mac Local System,2026-05-21 01:46:10.770 E  ecosystemd[6857:6613a8] (EcosystemAnalytics) EcosystemAnalytics.framework:RosettaCoordinator: getCodeSignatureInfo: SecStaticCodeCreate Failed url: <private>
2026-05-21 01:46:10.777279,Mac Failed Login,70,Medium,Mac Local System,2026-05-21 01:46:10.777 Df ecosystemanalyticsd[53070:660b6c] [com.apple.xpc:connection] [0xa56c7c640] failed to do a bootstrap look-up: xpc_error=[159: Unknown error: 159]
2026-05-21 01:46:10.777339,Mac Failed Login,70,Medium,Mac Local System,2026-05-21 01:46:10.777 Df ecosystemanalyticsd[53070:660b6c] [com.apple.xpc:connection] [0xa56c7c640] invalidated after a failed init
2026-05-21 01:46:10.790238,Mac Failed Login,70,Medium,Mac Local System,2026-05-21 01:46:10.790 Df ecosystemanalyticsd[53070:660b6c] [com.apple.xpc:connection] [0xa56c7c640] failed to do a bootstrap look-up: xpc_error=[159: Unknown error: 159]
2026-05-21 01:46:10.790278,Mac Failed Login,70,Medium,Mac Local System,2026-05-21 01:46:10.790 Df ecosystemanalyticsd[53070:660b6c] [com.apple.xpc:connection] [0xa56c7c640] invalidated after a failed init
2026-05-21 01:46:10.790337,Mac Failed Login,70,Medium,Mac Local System,2026-05-21 01:46:10.790 Df ecosystemd[6857:6613a8] [com.apple.xpc:connection] [0x906c89400] failed to do a bootstrap look-up: xpc_error=[159: Unknown error: 159]
2026-05-21 01:46:10.790352,Mac Failed Login,70,Medium,Mac Local System,2026-05-21 01:46:10.790 Df ecosystemd[6857:6613a8] [com.apple.xpc:connection] [0x906c89400] invalidated after a failed init
2026-05-21 01:46:10.791097,Mac Failed Login,70,Medium,Mac Local System,2026-05-21 01:46:10.790 E  ecosystemd[6857:6613a8] (EcosystemAnalytics) EcosystemAnalytics.framework:RosettaCoordinator: getCodeSignatureInfo: SecStaticCodeCreate Failed url: <private>
2026-05-21 01:46:10.791286,Mac Failed Login,70,Medium,Mac Local System,2026-05-21 01:46:10.791 Df ecosystemd[6857:6613a8] [com.apple.xpc:connection] [0x906c89400] failed to do a bootstrap look-up: xpc_error=[159: Unknown error: 159]
2026-05-21 01:46:10.791328,Mac Failed Login,70,Medium,Mac Local System,2026-05-21 01:46:10.791 Df ecosystemd[6857:6613a8] [com.apple.xpc:connection] [0x906c89400] invalidated after a failed init
2026-05-21 01:46:10.791985,Mac Failed Login,70,Medium,Mac Local System,2026-05-21 01:46:10.791 E  ecosystemd[6857:6613a8] (EcosystemAnalytics) EcosystemAnalytics.framework:RosettaCoordinator: getCodeSignatureInfo: SecStaticCodeCreate Failed url: <private>
2026-05-21 01:46:10.801001,Mac Failed Login,70,Medium,Mac Local System,2026-05-21 01:46:10.800 Df ecosystemanalyticsd[53070:660b6c] [com.apple.xpc:connection] [0xa56c7c640] failed to do a bootstrap look-up: xpc_error=[159: Unknown error: 159]
2026-05-21 01:46:10.801059,Mac Failed Login,70,Medium,Mac Local System,2026-05-21 01:46:10.800 Df ecosystemanalyticsd[53070:660b6c] [com.apple.xpc:connection] [0xa56c7c640] invalidated after a failed init
2026-05-21 01:46:10.829964,Mac Failed Login,70,Medium,Mac Local System,2026-05-21 01:46:10.829 Df ecosystemd[6857:6613a8] [com.apple.xpc:connection] [0x906c89400] failed to do a bootstrap look-up: xpc_error=[159: Unknown error: 159]
2026-05-21 01:46:10.830058,Mac Failed Login,70,Medium,Mac Local System,2026-05-21 01:46:10.829 Df ecosystemd[6857:6613a8] [com.apple.xpc:connection] [0x906c89400] invalidated after a failed init
2026-05-21 01:46:10.830090,Mac Failed Login,70,Medium,Mac Local System,2026-05-21 01:46:10.829 Df ecosystemanalyticsd[53070:660b6c] [com.apple.xpc:connection] [0xa56c7c640] failed to do a bootstrap look-up: xpc_error=[159: Unknown error: 159]
2026-05-21 01:46:10.830127,Mac Failed Login,70,Medium,Mac Local System,2026-05-21 01:46:10.829 Df ecosystemanalyticsd[53070:660b6c] [com.apple.xpc:connection] [0xa56c7c640] invalidated after a failed init
2026-05-21 01:46:10.831225,Mac Failed Login,70,Medium,Mac Local System,2026-05-21 01:46:10.831 E  ecosystemd[6857:6613a8] (EcosystemAnalytics) EcosystemAnalytics.framework:RosettaCoordinator: getCodeSignatureInfo: SecStaticCodeCreate Failed url: <private>
2026-05-21 01:46:10.831723,Mac Failed Login,70,Medium,Mac Local System,2026-05-21 01:46:10.831 Df ecosystemd[6857:6613a8] [com.apple.xpc:connection] [0x906c89400] failed to do a bootstrap look-up: xpc_error=[159: Unknown error: 159]
2026-05-21 01:46:10.831757,Mac Failed Login,70,Medium,Mac Local System,2026-05-21 01:46:10.831 Df ecosystemd[6857:6613a8] [com.apple.xpc:connection] [0x906c89400] invalidated after a failed init
2026-05-21 01:46:10.832436,Mac Failed Login,70,Medium,Mac Local System,2026-05-21 01:46:10.832 E  ecosystemd[6857:6613a8] (EcosystemAnalytics) EcosystemAnalytics.framework:RosettaCoordinator: getCodeSignatureInfo: SecStaticCodeCreate Failed url: <private>
2026-05-21 01:46:10.839063,Mac Failed Login,70,Medium,Mac Local System,2026-05-21 01:46:10.838 Df ecosystemanalyticsd[53070:660b6c] [com.apple.xpc:connection] [0xa56c7c640] failed to do a bootstrap look-up: xpc_error=[159: Unknown error: 159]
2026-05-21 01:46:10.839106,Mac Failed Login,70,Medium,Mac Local System,2026-05-21 01:46:10.839 Df ecosystemanalyticsd[53070:660b6c] [com.apple.xpc:connection] [0xa56c7c640] invalidated after a failed init
2026-05-21 01:46:10.855195,Mac Failed Login,70,Medium,Mac Local System,2026-05-21 01:46:10.854 Df ecosystemd[6857:6613a8] [com.apple.xpc:connection] [0x906c89400] failed to do a bootstrap look-up: xpc_error=[159: Unknown error: 159]
2026-05-21 01:46:10.855310,Mac Failed Login,70,Medium,Mac Local System,2026-05-21 01:46:10.854 Df ecosystemd[6857:6613a8] [com.apple.xpc:connection] [0x906c89400] invalidated after a failed init
2026-05-21 01:46:10.855442,Mac Failed Login,70,Medium,Mac Local System,2026-05-21 01:46:10.855 Df ecosystemanalyticsd[53070:660b6c] [com.apple.xpc:connection] [0xa56c7c640] failed to do a bootstrap look-up: xpc_error=[159: Unknown error: 159]
2026-05-21 01:46:10.855533,Mac Failed Login,70,Medium,Mac Local System,2026-05-21 01:46:10.855 Df ecosystemanalyticsd[53070:660b6c] [com.apple.xpc:connection] [0xa56c7c640] invalidated after a failed init
2026-05-21 01:46:10.856277,Mac Failed Login,70,Medium,Mac Local System,2026-05-21 01:46:10.856 E  ecosystemd[6857:6613a8] (EcosystemAnalytics) EcosystemAnalytics.framework:RosettaCoordinator: getCodeSignatureInfo: SecStaticCodeCreate Failed url: <private>
2026-05-21 01:46:10.856600,Mac Failed Login,70,Medium,Mac Local System,2026-05-21 01:46:10.856 Df ecosystemd[6857:6613a8] [com.apple.xpc:connection] [0x906c89400] failed to do a bootstrap look-up: xpc_error=[159: Unknown error: 159]
2026-05-21 01:46:10.856640,Mac Failed Login,70,Medium,Mac Local System,2026-05-21 01:46:10.856 Df ecosystemd[6857:6613a8] [com.apple.xpc:connection] [0x906c89400] invalidated after a failed init
2026-05-21 01:46:10.857500,Mac Failed Login,70,Medium,Mac Local System,2026-05-21 01:46:10.857 E  ecosystemd[6857:6613a8] (EcosystemAnalytics) EcosystemAnalytics.framework:RosettaCoordinator: getCodeSignatureInfo: SecStaticCodeCreate Failed url: <private>
2026-05-21 01:46:10.864006,Mac Failed Login,70,Medium,Mac Local System,2026-05-21 01:46:10.863 Df ecosystemanalyticsd[53070:660b6c] [com.apple.xpc:connection] [0xa56c7c640] failed to do a bootstrap look-up: xpc_error=[159: Unknown error: 159]
2026-05-21 01:46:10.864039,Mac Failed Login,70,Medium,Mac Local System,2026-05-21 01:46:10.863 Df ecosystemanalyticsd[53070:660b6c] [com.apple.xpc:connection] [0xa56c7c640] invalidated after a failed init
2026-05-21 01:46:10.879800,Mac Failed Login,70,Medium,Mac Local System,2026-05-21 01:46:10.879 Df ecosystemd[6857:6613a8] [com.apple.xpc:connection] [0x906c89400] failed to do a bootstrap look-up: xpc_error=[159: Unknown error: 159]
2026-05-21 01:46:10.879847,Mac Failed Login,70,Medium,Mac Local System,2026-05-21 01:46:10.879 Df ecosystemanalyticsd[53070:660b6c] [com.apple.xpc:connection] [0xa56c7c640] failed to do a bootstrap look-up: xpc_error=[159: Unknown error: 159]
2026-05-21 01:46:10.879886,Mac Failed Login,70,Medium,Mac Local System,2026-05-21 01:46:10.879 Df ecosystemanalyticsd[53070:660b6c] [com.apple.xpc:connection] [0xa56c7c640] invalidated after a failed init
2026-05-21 01:46:10.879927,Mac Failed Login,70,Medium,Mac Local System,2026-05-21 01:46:10.879 Df ecosystemd[6857:6613a8] [com.apple.xpc:connection] [0x906c89400] invalidated after a failed init
2026-05-21 01:46:10.880924,Mac Failed Login,70,Medium,Mac Local System,2026-05-21 01:46:10.880 E  ecosystemd[6857:6613a8] (EcosystemAnalytics) EcosystemAnalytics.framework:RosettaCoordinator: getCodeSignatureInfo: SecStaticCodeCreate Failed url: <private>
2026-05-21 01:46:10.881262,Mac Failed Login,70,Medium,Mac Local System,2026-05-21 01:46:10.881 Df ecosystemd[6857:6613a8] [com.apple.xpc:connection] [0x906c89400] failed to do a bootstrap look-up: xpc_error=[159: Unknown error: 159]
2026-05-21 01:46:10.881300,Mac Failed Login,70,Medium,Mac Local System,2026-05-21 01:46:10.881 Df ecosystemd[6857:6613a8] [com.apple.xpc:connection] [0x906c89400] invalidated after a failed init
2026-05-21 01:46:10.882425,Mac Failed Login,70,Medium,Mac Local System,2026-05-21 01:46:10.882 E  ecosystemd[6857:6613a8] (EcosystemAnalytics) EcosystemAnalytics.framework:RosettaCoordinator: getCodeSignatureInfo: SecStaticCodeCreate Failed url: <private>
2026-05-21 01:46:10.890748,Mac Failed Login,70,Medium,Mac Local System,2026-05-21 01:46:10.890 Df ecosystemanalyticsd[53070:660b6c] [com.apple.xpc:connection] [0xa56c7c640] failed to do a bootstrap look-up: xpc_error=[159: Unknown error: 159]
2026-05-21 01:46:10.890797,Mac Failed Login,70,Medium,Mac Local System,2026-05-21 01:46:10.890 Df ecosystemanalyticsd[53070:660b6c] [com.apple.xpc:connection] [0xa56c7c640] invalidated after a failed init
2026-05-21 01:46:10.904870,Mac Failed Login,70,Medium,Mac Local System,2026-05-21 01:46:10.904 Df ecosystemd[6857:6613a8] [com.apple.xpc:connection] [0x906c89400] failed to do a bootstrap look-up: xpc_error=[159: Unknown error: 159]
2026-05-21 01:46:10.905471,Mac Failed Login,70,Medium,Mac Local System,2026-05-21 01:46:10.905 Df ecosystemd[6857:6613a8] [com.apple.xpc:connection] [0x906c89400] invalidated after a failed init
2026-05-21 01:46:10.905652,Mac Failed Login,70,Medium,Mac Local System,2026-05-21 01:46:10.905 Df ecosystemanalyticsd[53070:660b6c] [com.apple.xpc:connection] [0xa56c7c640] failed to do a bootstrap look-up: xpc_error=[159: Unknown error: 159]
2026-05-21 01:46:10.905763,Mac Failed Login,70,Medium,Mac Local System,2026-05-21 01:46:10.905 Df ecosystemanalyticsd[53070:660b6c] [com.apple.xpc:connection] [0xa56c7c640] invalidated after a failed init
2026-05-21 01:46:10.906737,Mac Failed Login,70,Medium,Mac Local System,2026-05-21 01:46:10.906 E  ecosystemd[6857:6613a8] (EcosystemAnalytics) EcosystemAnalytics.framework:RosettaCoordinator: getCodeSignatureInfo: SecStaticCodeCreate Failed url: <private>
2026-05-21 01:46:10.907007,Mac Failed Login,70,Medium,Mac Local System,2026-05-21 01:46:10.906 Df ecosystemd[6857:6613a8] [com.apple.xpc:connection] [0x906c89400] failed to do a bootstrap look-up: xpc_error=[159: Unknown error: 159]
2026-05-21 01:46:10.907324,Mac Failed Login,70,Medium,Mac Local System,2026-05-21 01:46:10.906 Df ecosystemd[6857:6613a8] [com.apple.xpc:connection] [0x906c89400] invalidated after a failed init
2026-05-21 01:46:10.908392,Mac Failed Login,70,Medium,Mac Local System,2026-05-21 01:46:10.908 E  ecosystemd[6857:6613a8] (EcosystemAnalytics) EcosystemAnalytics.framework:RosettaCoordinator: getCodeSignatureInfo: SecStaticCodeCreate Failed url: <private>
2026-05-21 01:46:10.915150,Mac Failed Login,70,Medium,Mac Local System,2026-05-21 01:46:10.915 Df ecosystemanalyticsd[53070:660b6c] [com.apple.xpc:connection] [0xa56c7c640] failed to do a bootstrap look-up: xpc_error=[159: Unknown error: 159]
2026-05-21 01:46:10.915179,Mac Failed Login,70,Medium,Mac Local System,2026-05-21 01:46:10.915 Df ecosystemanalyticsd[53070:660b6c] [com.apple.xpc:connection] [0xa56c7c640] invalidated after a failed init
2026-05-21 01:46:10.929407,Mac Failed Login,70,Medium,Mac Local System,2026-05-21 01:46:10.929 Df ecosystemanalyticsd[53070:660b6c] [com.apple.xpc:connection] [0xa56c7c640] failed to do a bootstrap look-up: xpc_error=[159: Unknown error: 159]
2026-05-21 01:46:10.929559,Mac Failed Login,70,Medium,Mac Local System,2026-05-21 01:46:10.929 Df ecosystemanalyticsd[53070:660b6c] [com.apple.xpc:connection] [0xa56c7c640] invalidated after a failed init
2026-05-21 01:46:10.929583,Mac Failed Login,70,Medium,Mac Local System,2026-05-21 01:46:10.929 Df ecosystemd[6857:6613a8] [com.apple.xpc:connection] [0x906c89400] failed to do a bootstrap look-up: xpc_error=[159: Unknown error: 159]
2026-05-21 01:46:10.929602,Mac Failed Login,70,Medium,Mac Local System,2026-05-21 01:46:10.929 Df ecosystemd[6857:6613a8] [com.apple.xpc:connection] [0x906c89400] invalidated after a failed init
2026-05-21 01:46:10.930470,Mac Failed Login,70,Medium,Mac Local System,2026-05-21 01:46:10.930 E  ecosystemd[6857:6613a8] (EcosystemAnalytics) EcosystemAnalytics.framework:RosettaCoordinator: getCodeSignatureInfo: SecStaticCodeCreate Failed url: <private>
2026-05-21 01:46:10.930703,Mac Failed Login,70,Medium,Mac Local System,2026-05-21 01:46:10.930 Df ecosystemd[6857:6613a8] [com.apple.xpc:connection] [0x906c89400] failed to do a bootstrap look-up: xpc_error=[159: Unknown error: 159]
2026-05-21 01:46:10.930735,Mac Failed Login,70,Medium,Mac Local System,2026-05-21 01:46:10.930 Df ecosystemd[6857:6613a8] [com.apple.xpc:connection] [0x906c89400] invalidated after a failed init
2026-05-21 01:46:10.931348,Mac Failed Login,70,Medium,Mac Local System,2026-05-21 01:46:10.931 E  ecosystemd[6857:6613a8] (EcosystemAnalytics) EcosystemAnalytics.framework:RosettaCoordinator: getCodeSignatureInfo: SecStaticCodeCreate Failed url: <private>
2026-05-21 01:46:10.939856,Mac Failed Login,70,Medium,Mac Local System,2026-05-21 01:46:10.939 Df ecosystemanalyticsd[53070:660b6c] [com.apple.xpc:connection] [0xa56c7c640] failed to do a bootstrap look-up: xpc_error=[159: Unknown error: 159]
2026-05-21 01:46:10.939907,Mac Failed Login,70,Medium,Mac Local System,2026-05-21 01:46:10.939 Df ecosystemanalyticsd[53070:660b6c] [com.apple.xpc:connection] [0xa56c7c640] invalidated after a failed init
2026-05-21 01:46:10.965212,Mac Failed Login,70,Medium,Mac Local System,2026-05-21 01:46:10.965 Df ecosystemanalyticsd[53070:660b6c] [com.apple.xpc:connection] [0xa56c7c640] failed to do a bootstrap look-up: xpc_error=[159: Unknown error: 159]
2026-05-21 01:46:10.965289,Mac Failed Login,70,Medium,Mac Local System,2026-05-21 01:46:10.965 Df ecosystemanalyticsd[53070:660b6c] [com.apple.xpc:connection] [0xa56c7c640] invalidated after a failed init
2026-05-21 01:46:10.965313,Mac Failed Login,70,Medium,Mac Local System,2026-05-21 01:46:10.965 Df ecosystemd[6857:6613a8] [com.apple.xpc:connection] [0x906c89400] failed to do a bootstrap look-up: xpc_error=[159: Unknown error: 159]
2026-05-21 01:46:10.965340,Mac Failed Login,70,Medium,Mac Local System,2026-05-21 01:46:10.965 Df ecosystemd[6857:6613a8] [com.apple.xpc:connection] [0x906c89400] invalidated after a failed init
2026-05-21 01:46:10.966427,Mac Failed Login,70,Medium,Mac Local System,2026-05-21 01:46:10.966 E  ecosystemd[6857:6613a8] (EcosystemAnalytics) EcosystemAnalytics.framework:RosettaCoordinator: getCodeSignatureInfo: SecStaticCodeCreate Failed url: <private>
2026-05-21 01:46:10.966675,Mac Failed Login,70,Medium,Mac Local System,2026-05-21 01:46:10.966 Df ecosystemd[6857:6613a8] [com.apple.xpc:connection] [0x906c89400] failed to do a bootstrap look-up: xpc_error=[159: Unknown error: 159]
2026-05-21 01:46:10.966736,Mac Failed Login,70,Medium,Mac Local System,2026-05-21 01:46:10.966 Df ecosystemd[6857:6613a8] [com.apple.xpc:connection] [0x906c89400] invalidated after a failed init
2026-05-21 01:46:10.967650,Mac Failed Login,70,Medium,Mac Local System,2026-05-21 01:46:10.967 E  ecosystemd[6857:6613a8] (EcosystemAnalytics) EcosystemAnalytics.framework:RosettaCoordinator: getCodeSignatureInfo: SecStaticCodeCreate Failed url: <private>
2026-05-21 01:46:10.976608,Mac Failed Login,70,Medium,Mac Local System,2026-05-21 01:46:10.976 Df ecosystemanalyticsd[53070:660b6c] [com.apple.xpc:connection] [0xa56c7c640] failed to do a bootstrap look-up: xpc_error=[159: Unknown error: 159]
2026-05-21 01:46:10.976656,Mac Failed Login,70,Medium,Mac Local System,2026-05-21 01:46:10.976 Df ecosystemanalyticsd[53070:660b6c] [com.apple.xpc:connection] [0xa56c7c640] invalidated after a failed init
2026-05-21 01:46:10.992689,Mac Failed Login,70,Medium,Mac Local System,2026-05-21 01:46:10.992 Df ecosystemanalyticsd[53070:660b6c] [com.apple.xpc:connection] [0xa56c7c640] failed to do a bootstrap look-up: xpc_error=[159: Unknown error: 159]
2026-05-21 01:46:10.992765,Mac Failed Login,70,Medium,Mac Local System,2026-05-21 01:46:10.992 Df ecosystemanalyticsd[53070:660b6c] [com.apple.xpc:connection] [0xa56c7c640] invalidated after a failed init
2026-05-21 01:46:10.992871,Mac Failed Login,70,Medium,Mac Local System,2026-05-21 01:46:10.992 Df ecosystemd[6857:6613a8] [com.apple.xpc:connection] [0x906c89400] failed to do a bootstrap look-up: xpc_error=[159: Unknown error: 159]
2026-05-21 01:46:10.992936,Mac Failed Login,70,Medium,Mac Local System,2026-05-21 01:46:10.992 Df ecosystemd[6857:6613a8] [com.apple.xpc:connection] [0x906c89400] invalidated after a failed init
2026-05-21 01:46:10.994166,Mac Failed Login,70,Medium,Mac Local System,2026-05-21 01:46:10.994 E  ecosystemd[6857:6613a8] (EcosystemAnalytics) EcosystemAnalytics.framework:RosettaCoordinator: getCodeSignatureInfo: SecStaticCodeCreate Failed url: <private>
2026-05-21 01:46:10.994456,Mac Failed Login,70,Medium,Mac Local System,2026-05-21 01:46:10.994 Df ecosystemd[6857:6613a8] [com.apple.xpc:connection] [0x906c89400] failed to do a bootstrap look-up: xpc_error=[159: Unknown error: 159]
2026-05-21 01:46:10.994486,Mac Failed Login,70,Medium,Mac Local System,2026-05-21 01:46:10.994 Df ecosystemd[6857:6613a8] [com.apple.xpc:connection] [0x906c89400] invalidated after a failed init
2026-05-21 01:46:10.995164,Mac Failed Login,70,Medium,Mac Local System,2026-05-21 01:46:10.995 E  ecosystemd[6857:6613a8] (EcosystemAnalytics) EcosystemAnalytics.framework:RosettaCoordinator: getCodeSignatureInfo: SecStaticCodeCreate Failed url: <private>
2026-05-21 01:46:11.003333,Mac Failed Login,70,Medium,Mac Local System,2026-05-21 01:46:11.003 Df ecosystemanalyticsd[53070:660b6c] [com.apple.xpc:connection] [0xa56c7c640] failed to do a bootstrap look-up: xpc_error=[159: Unknown error: 159]
2026-05-21 01:46:11.003378,Mac Failed Login,70,Medium,Mac Local System,2026-05-21 01:46:11.003 Df ecosystemanalyticsd[53070:660b6c] [com.apple.xpc:connection] [0xa56c7c640] invalidated after a failed init
2026-05-21 01:46:11.018761,Mac Failed Login,70,Medium,Mac Local System,2026-05-21 01:46:11.018 Df ecosystemd[6857:6613a8] [com.apple.xpc:connection] [0x906c89400] failed to do a bootstrap look-up: xpc_error=[159: Unknown error: 159]
2026-05-21 01:46:11.018841,Mac Failed Login,70,Medium,Mac Local System,2026-05-21 01:46:11.018 Df ecosystemd[6857:6613a8] [com.apple.xpc:connection] [0x906c89400] invalidated after a failed init
2026-05-21 01:46:11.018872,Mac Failed Login,70,Medium,Mac Local System,2026-05-21 01:46:11.018 Df ecosystemanalyticsd[53070:660b6c] [com.apple.xpc:connection] [0xa56c7c640] failed to do a bootstrap look-up: xpc_error=[159: Unknown error: 159]
2026-05-21 01:46:11.018898,Mac Failed Login,70,Medium,Mac Local System,2026-05-21 01:46:11.018 Df ecosystemanalyticsd[53070:660b6c] [com.apple.xpc:connection] [0xa56c7c640] invalidated after a failed init
2026-05-21 01:46:11.019864,Mac Failed Login,70,Medium,Mac Local System,2026-05-21 01:46:11.019 E  ecosystemd[6857:6613a8] (EcosystemAnalytics) EcosystemAnalytics.framework:RosettaCoordinator: getCodeSignatureInfo: SecStaticCodeCreate Failed url: <private>
2026-05-21 01:46:11.020161,Mac Failed Login,70,Medium,Mac Local System,2026-05-21 01:46:11.020 Df ecosystemd[6857:6613a8] [com.apple.xpc:connection] [0x906c89400] failed to do a bootstrap look-up: xpc_error=[159: Unknown error: 159]
2026-05-21 01:46:11.020196,Mac Failed Login,70,Medium,Mac Local System,2026-05-21 01:46:11.020 Df ecosystemd[6857:6613a8] [com.apple.xpc:connection] [0x906c89400] invalidated after a failed init
2026-05-21 01:46:11.020955,Mac Failed Login,70,Medium,Mac Local System,2026-05-21 01:46:11.020 E  ecosystemd[6857:6613a8] (EcosystemAnalytics) EcosystemAnalytics.framework:RosettaCoordinator: getCodeSignatureInfo: SecStaticCodeCreate Failed url: <private>
2026-05-21 01:46:11.029840,Mac Failed Login,70,Medium,Mac Local System,2026-05-21 01:46:11.029 Df ecosystemanalyticsd[53070:660b6c] [com.apple.xpc:connection] [0xa56c7c640] failed to do a bootstrap look-up: xpc_error=[159: Unknown error: 159]
2026-05-21 01:46:11.029909,Mac Failed Login,70,Medium,Mac Local System,2026-05-21 01:46:11.029 Df ecosystemanalyticsd[53070:660b6c] [com.apple.xpc:connection] [0xa56c7c640] invalidated after a failed init
2026-05-21 01:46:11.046361,Mac Failed Login,70,Medium,Mac Local System,2026-05-21 01:46:11.046 Df ecosystemanalyticsd[53070:660b6c] [com.apple.xpc:connection] [0xa56c7c640] failed to do a bootstrap look-up: xpc_error=[159: Unknown error: 159]
2026-05-21 01:46:11.046431,Mac Failed Login,70,Medium,Mac Local System,2026-05-21 01:46:11.046 Df ecosystemanalyticsd[53070:660b6c] [com.apple.xpc:connection] [0xa56c7c640] invalidated after a failed init
2026-05-21 01:46:11.046514,Mac Failed Login,70,Medium,Mac Local System,2026-05-21 01:46:11.046 Df ecosystemd[6857:6613a8] [com.apple.xpc:connection] [0x906c89400] failed to do a bootstrap look-up: xpc_error=[159: Unknown error: 159]
2026-05-21 01:46:11.046547,Mac Failed Login,70,Medium,Mac Local System,2026-05-21 01:46:11.046 Df ecosystemd[6857:6613a8] [com.apple.xpc:connection] [0x906c89400] invalidated after a failed init
2026-05-21 01:46:11.047297,Mac Failed Login,70,Medium,Mac Local System,2026-05-21 01:46:11.047 E  ecosystemd[6857:6613a8] (EcosystemAnalytics) EcosystemAnalytics.framework:RosettaCoordinator: getCodeSignatureInfo: SecStaticCodeCreate Failed url: <private>
2026-05-21 01:46:11.047579,Mac Failed Login,70,Medium,Mac Local System,2026-05-21 01:46:11.047 Df ecosystemd[6857:6613a8] [com.apple.xpc:connection] [0x906c89400] failed to do a bootstrap look-up: xpc_error=[159: Unknown error: 159]
2026-05-21 01:46:11.047612,Mac Failed Login,70,Medium,Mac Local System,2026-05-21 01:46:11.047 Df ecosystemd[6857:6613a8] [com.apple.xpc:connection] [0x906c89400] invalidated after a failed init
2026-05-21 01:46:11.048431,Mac Failed Login,70,Medium,Mac Local System,2026-05-21 01:46:11.048 E  ecosystemd[6857:6613a8] (EcosystemAnalytics) EcosystemAnalytics.framework:RosettaCoordinator: getCodeSignatureInfo: SecStaticCodeCreate Failed url: <private>
2026-05-21 01:46:11.061233,Mac Failed Login,70,Medium,Mac Local System,2026-05-21 01:46:11.061 Df ecosystemanalyticsd[53070:660b6c] [com.apple.xpc:connection] [0xa56c7c640] failed to do a bootstrap look-up: xpc_error=[159: Unknown error: 159]
2026-05-21 01:46:11.061312,Mac Failed Login,70,Medium,Mac Local System,2026-05-21 01:46:11.061 Df ecosystemanalyticsd[53070:660b6c] [com.apple.xpc:connection] [0xa56c7c640] invalidated after a failed init
2026-05-21 01:46:11.083824,Mac Failed Login,70,Medium,Mac Local System,2026-05-21 01:46:11.083 Df ecosystemd[6857:6613a8] [com.apple.xpc:connection] [0x906c89400] failed to do a bootstrap look-up: xpc_error=[159: Unknown error: 159]
2026-05-21 01:46:11.083943,Mac Failed Login,70,Medium,Mac Local System,2026-05-21 01:46:11.083 Df ecosystemd[6857:6613a8] [com.apple.xpc:connection] [0x906c89400] invalidated after a failed init
2026-05-21 01:46:11.084025,Mac Failed Login,70,Medium,Mac Local System,2026-05-21 01:46:11.083 Df ecosystemanalyticsd[53070:660b6c] [com.apple.xpc:connection] [0xa56c7c640] failed to do a bootstrap look-up: xpc_error=[159: Unknown error: 159]
2026-05-21 01:46:11.084101,Mac Failed Login,70,Medium,Mac Local System,2026-05-21 01:46:11.083 Df ecosystemanalyticsd[53070:660b6c] [com.apple.xpc:connection] [0xa56c7c640] invalidated after a failed init
2026-05-21 01:46:11.085774,Mac Failed Login,70,Medium,Mac Local System,2026-05-21 01:46:11.085 E  ecosystemd[6857:6613a8] (EcosystemAnalytics) EcosystemAnalytics.framework:RosettaCoordinator: getCodeSignatureInfo: SecStaticCodeCreate Failed url: <private>
2026-05-21 01:46:11.086285,Mac Failed Login,70,Medium,Mac Local System,2026-05-21 01:46:11.086 Df ecosystemd[6857:6613a8] [com.apple.xpc:connection] [0x906c89400] failed to do a bootstrap look-up: xpc_error=[159: Unknown error: 159]
2026-05-21 01:46:11.086369,Mac Failed Login,70,Medium,Mac Local System,2026-05-21 01:46:11.086 Df ecosystemd[6857:6613a8] [com.apple.xpc:connection] [0x906c89400] invalidated after a failed init
2026-05-21 01:46:11.087857,Mac Failed Login,70,Medium,Mac Local System,2026-05-21 01:46:11.087 E  ecosystemd[6857:6613a8] (EcosystemAnalytics) EcosystemAnalytics.framework:RosettaCoordinator: getCodeSignatureInfo: SecStaticCodeCreate Failed url: <private>
2026-05-21 01:46:11.099808,Mac Failed Login,70,Medium,Mac Local System,2026-05-21 01:46:11.099 Df ecosystemanalyticsd[53070:660b6c] [com.apple.xpc:connection] [0xa56c7c640] failed to do a bootstrap look-up: xpc_error=[159: Unknown error: 159]
2026-05-21 01:46:11.099884,Mac Failed Login,70,Medium,Mac Local System,2026-05-21 01:46:11.099 Df ecosystemanalyticsd[53070:660b6c] [com.apple.xpc:connection] [0xa56c7c640] invalidated after a failed init
2026-05-21 01:46:11.122598,Mac Failed Login,70,Medium,Mac Local System,2026-05-21 01:46:11.122 Df ecosystemd[6857:6613a8] [com.apple.xpc:connection] [0x906c89400] failed to do a bootstrap look-up: xpc_error=[159: Unknown error: 159]
2026-05-21 01:46:11.122679,Mac Failed Login,70,Medium,Mac Local System,2026-05-21 01:46:11.122 Df ecosystemanalyticsd[53070:660b6c] [com.apple.xpc:connection] [0xa56c7c640] failed to do a bootstrap look-up: xpc_error=[159: Unknown error: 159]
2026-05-21 01:46:11.122701,Mac Failed Login,70,Medium,Mac Local System,2026-05-21 01:46:11.122 Df ecosystemd[6857:6613a8] [com.apple.xpc:connection] [0x906c89400] invalidated after a failed init
2026-05-21 01:46:11.122724,Mac Failed Login,70,Medium,Mac Local System,2026-05-21 01:46:11.122 Df ecosystemanalyticsd[53070:660b6c] [com.apple.xpc:connection] [0xa56c7c640] invalidated after a failed init
2026-05-21 01:46:11.124037,Mac Failed Login,70,Medium,Mac Local System,2026-05-21 01:46:11.123 E  ecosystemd[6857:6613a8] (EcosystemAnalytics) EcosystemAnalytics.framework:RosettaCoordinator: getCodeSignatureInfo: SecStaticCodeCreate Failed url: <private>
2026-05-21 01:46:11.124447,Mac Failed Login,70,Medium,Mac Local System,2026-05-21 01:46:11.124 Df ecosystemd[6857:6613a8] [com.apple.xpc:connection] [0x906c89400] failed to do a bootstrap look-up: xpc_error=[159: Unknown error: 159]
2026-05-21 01:46:11.124481,Mac Failed Login,70,Medium,Mac Local System,2026-05-21 01:46:11.124 Df ecosystemd[6857:6613a8] [com.apple.xpc:connection] [0x906c89400] invalidated after a failed init
2026-05-21 01:46:11.125306,Mac Failed Login,70,Medium,Mac Local System,2026-05-21 01:46:11.125 E  ecosystemd[6857:6613a8] (EcosystemAnalytics) EcosystemAnalytics.framework:RosettaCoordinator: getCodeSignatureInfo: SecStaticCodeCreate Failed url: <private>
2026-05-21 01:46:11.132769,Mac Failed Login,70,Medium,Mac Local System,2026-05-21 01:46:11.132 Df ecosystemanalyticsd[53070:660b6c] [com.apple.xpc:connection] [0xa56c7c640] failed to do a bootstrap look-up: xpc_error=[159: Unknown error: 159]
2026-05-21 01:46:11.132881,Mac Failed Login,70,Medium,Mac Local System,2026-05-21 01:46:11.132 Df ecosystemanalyticsd[53070:660b6c] [com.apple.xpc:connection] [0xa56c7c640] invalidated after a failed init
2026-05-21 01:46:11.149110,Mac Failed Login,70,Medium,Mac Local System,2026-05-21 01:46:11.148 Df ecosystemd[6857:6613a8] [com.apple.xpc:connection] [0x906c89400] failed to do a bootstrap look-up: xpc_error=[159: Unknown error: 159]
2026-05-21 01:46:11.149238,Mac Failed Login,70,Medium,Mac Local System,2026-05-21 01:46:11.149 Df ecosystemanalyticsd[53070:660b6c] [com.apple.xpc:connection] [0xa56c7c640] failed to do a bootstrap look-up: xpc_error=[159: Unknown error: 159]
2026-05-21 01:46:11.149278,Mac Failed Login,70,Medium,Mac Local System,2026-05-21 01:46:11.149 Df ecosystemd[6857:6613a8] [com.apple.xpc:connection] [0x906c89400] invalidated after a failed init
2026-05-21 01:46:11.149305,Mac Failed Login,70,Medium,Mac Local System,2026-05-21 01:46:11.149 Df ecosystemanalyticsd[53070:660b6c] [com.apple.xpc:connection] [0xa56c7c640] invalidated after a failed init
2026-05-21 01:46:11.150310,Mac Failed Login,70,Medium,Mac Local System,2026-05-21 01:46:11.150 E  ecosystemd[6857:6613a8] (EcosystemAnalytics) EcosystemAnalytics.framework:RosettaCoordinator: getCodeSignatureInfo: SecStaticCodeCreate Failed url: <private>
2026-05-21 01:46:11.150584,Mac Failed Login,70,Medium,Mac Local System,2026-05-21 01:46:11.150 Df ecosystemd[6857:6613a8] [com.apple.xpc:connection] [0x906c89400] failed to do a bootstrap look-up: xpc_error=[159: Unknown error: 159]
2026-05-21 01:46:11.150622,Mac Failed Login,70,Medium,Mac Local System,2026-05-21 01:46:11.150 Df ecosystemd[6857:6613a8] [com.apple.xpc:connection] [0x906c89400] invalidated after a failed init
2026-05-21 01:46:11.151418,Mac Failed Login,70,Medium,Mac Local System,2026-05-21 01:46:11.151 E  ecosystemd[6857:6613a8] (EcosystemAnalytics) EcosystemAnalytics.framework:RosettaCoordinator: getCodeSignatureInfo: SecStaticCodeCreate Failed url: <private>
2026-05-21 01:46:11.158945,Mac Failed Login,70,Medium,Mac Local System,2026-05-21 01:46:11.158 Df ecosystemanalyticsd[53070:660b6c] [com.apple.xpc:connection] [0xa56c7c640] failed to do a bootstrap look-up: xpc_error=[159: Unknown error: 159]
2026-05-21 01:46:11.159015,Mac Failed Login,70,Medium,Mac Local System,2026-05-21 01:46:11.158 Df ecosystemanalyticsd[53070:660b6c] [com.apple.xpc:connection] [0xa56c7c640] invalidated after a failed init
2026-05-21 01:46:11.180340,Mac Failed Login,70,Medium,Mac Local System,2026-05-21 01:46:11.180 Df ecosystemanalyticsd[53070:660b6c] [com.apple.xpc:connection] [0xa56c7c640] failed to do a bootstrap look-up: xpc_error=[159: Unknown error: 159]
2026-05-21 01:46:11.180460,Mac Failed Login,70,Medium,Mac Local System,2026-05-21 01:46:11.180 Df ecosystemanalyticsd[53070:660b6c] [com.apple.xpc:connection] [0xa56c7c640] invalidated after a failed init
2026-05-21 01:46:11.180701,Mac Failed Login,70,Medium,Mac Local System,2026-05-21 01:46:11.180 Df ecosystemd[6857:6613a8] [com.apple.xpc:connection] [0x906c89400] failed to do a bootstrap look-up: xpc_error=[159: Unknown error: 159]
2026-05-21 01:46:11.180776,Mac Failed Login,70,Medium,Mac Local System,2026-05-21 01:46:11.180 Df ecosystemd[6857:6613a8] [com.apple.xpc:connection] [0x906c89400] invalidated after a failed init
2026-05-21 01:46:11.182349,Mac Failed Login,70,Medium,Mac Local System,2026-05-21 01:46:11.182 E  ecosystemd[6857:6613a8] (EcosystemAnalytics) EcosystemAnalytics.framework:RosettaCoordinator: getCodeSignatureInfo: SecStaticCodeCreate Failed url: <private>
2026-05-21 01:46:11.182832,Mac Failed Login,70,Medium,Mac Local System,2026-05-21 01:46:11.182 Df ecosystemd[6857:6613a8] [com.apple.xpc:connection] [0x906c89400] failed to do a bootstrap look-up: xpc_error=[159: Unknown error: 159]
2026-05-21 01:46:11.182912,Mac Failed Login,70,Medium,Mac Local System,2026-05-21 01:46:11.182 Df ecosystemd[6857:6613a8] [com.apple.xpc:connection] [0x906c89400] invalidated after a failed init
2026-05-21 01:46:11.184546,Mac Failed Login,70,Medium,Mac Local System,2026-05-21 01:46:11.184 E  ecosystemd[6857:6613a8] (EcosystemAnalytics) EcosystemAnalytics.framework:RosettaCoordinator: getCodeSignatureInfo: SecStaticCodeCreate Failed url: <private>
2026-05-21 01:46:11.195757,Mac Failed Login,70,Medium,Mac Local System,2026-05-21 01:46:11.195 Df ecosystemanalyticsd[53070:660b6c] [com.apple.xpc:connection] [0xa56c7c640] failed to do a bootstrap look-up: xpc_error=[159: Unknown error: 159]
2026-05-21 01:46:11.195808,Mac Failed Login,70,Medium,Mac Local System,2026-05-21 01:46:11.195 Df ecosystemanalyticsd[53070:660b6c] [com.apple.xpc:connection] [0xa56c7c640] invalidated after a failed init
2026-05-21 01:46:11.218862,Mac Failed Login,70,Medium,Mac Local System,2026-05-21 01:46:11.218 Df ecosystemanalyticsd[53070:660b6c] [com.apple.xpc:connection] [0xa56c7c640] failed to do a bootstrap look-up: xpc_error=[159: Unknown error: 159]
2026-05-21 01:46:11.218918,Mac Failed Login,70,Medium,Mac Local System,2026-05-21 01:46:11.218 Df ecosystemanalyticsd[53070:660b6c] [com.apple.xpc:connection] [0xa56c7c640] invalidated after a failed init
2026-05-21 01:46:11.218956,Mac Failed Login,70,Medium,Mac Local System,2026-05-21 01:46:11.218 Df ecosystemd[6857:6613a8] [com.apple.xpc:connection] [0x906c89400] failed to do a bootstrap look-up: xpc_error=[159: Unknown error: 159]
2026-05-21 01:46:11.219027,Mac Failed Login,70,Medium,Mac Local System,2026-05-21 01:46:11.218 Df ecosystemd[6857:6613a8] [com.apple.xpc:connection] [0x906c89400] invalidated after a failed init
2026-05-21 01:46:11.219954,Mac Failed Login,70,Medium,Mac Local System,2026-05-21 01:46:11.219 E  ecosystemd[6857:6613a8] (EcosystemAnalytics) EcosystemAnalytics.framework:RosettaCoordinator: getCodeSignatureInfo: SecStaticCodeCreate Failed url: <private>
2026-05-21 01:46:11.220193,Mac Failed Login,70,Medium,Mac Local System,2026-05-21 01:46:11.220 Df ecosystemd[6857:6613a8] [com.apple.xpc:connection] [0x906c89400] failed to do a bootstrap look-up: xpc_error=[159: Unknown error: 159]
2026-05-21 01:46:11.220264,Mac Failed Login,70,Medium,Mac Local System,2026-05-21 01:46:11.220 Df ecosystemd[6857:6613a8] [com.apple.xpc:connection] [0x906c89400] invalidated after a failed init
2026-05-21 01:46:11.221430,Mac Failed Login,70,Medium,Mac Local System,2026-05-21 01:46:11.221 E  ecosystemd[6857:6613a8] (EcosystemAnalytics) EcosystemAnalytics.framework:RosettaCoordinator: getCodeSignatureInfo: SecStaticCodeCreate Failed url: <private>
2026-05-21 01:46:11.232453,Mac Failed Login,70,Medium,Mac Local System,2026-05-21 01:46:11.232 Df ecosystemanalyticsd[53070:660b6c] [com.apple.xpc:connection] [0xa56c7c640] failed to do a bootstrap look-up: xpc_error=[159: Unknown error: 159]
2026-05-21 01:46:11.232517,Mac Failed Login,70,Medium,Mac Local System,2026-05-21 01:46:11.232 Df ecosystemanalyticsd[53070:660b6c] [com.apple.xpc:connection] [0xa56c7c640] invalidated after a failed init
2026-05-21 01:46:11.251906,Mac Failed Login,70,Medium,Mac Local System,2026-05-21 01:46:11.251 Df ecosystemanalyticsd[53070:660b6c] [com.apple.xpc:connection] [0xa56c7c640] failed to do a bootstrap look-up: xpc_error=[159: Unknown error: 159]
2026-05-21 01:46:11.252047,Mac Failed Login,70,Medium,Mac Local System,2026-05-21 01:46:11.251 Df ecosystemanalyticsd[53070:660b6c] [com.apple.xpc:connection] [0xa56c7c640] invalidated after a failed init
2026-05-21 01:46:11.252260,Mac Failed Login,70,Medium,Mac Local System,2026-05-21 01:46:11.252 Df ecosystemd[6857:6613a8] [com.apple.xpc:connection] [0x906c89400] failed to do a bootstrap look-up: xpc_error=[159: Unknown error: 159]
2026-05-21 01:46:11.252326,Mac Failed Login,70,Medium,Mac Local System,2026-05-21 01:46:11.252 Df ecosystemd[6857:6613a8] [com.apple.xpc:connection] [0x906c89400] invalidated after a failed init
2026-05-21 01:46:11.253407,Mac Failed Login,70,Medium,Mac Local System,2026-05-21 01:46:11.253 E  ecosystemd[6857:6613a8] (EcosystemAnalytics) EcosystemAnalytics.framework:RosettaCoordinator: getCodeSignatureInfo: SecStaticCodeCreate Failed url: <private>
2026-05-21 01:46:11.253806,Mac Failed Login,70,Medium,Mac Local System,2026-05-21 01:46:11.253 Df ecosystemd[6857:6613a8] [com.apple.xpc:connection] [0x906c89400] failed to do a bootstrap look-up: xpc_error=[159: Unknown error: 159]
2026-05-21 01:46:11.253886,Mac Failed Login,70,Medium,Mac Local System,2026-05-21 01:46:11.253 Df ecosystemd[6857:6613a8] [com.apple.xpc:connection] [0x906c89400] invalidated after a failed init
2026-05-21 01:46:11.255049,Mac Failed Login,70,Medium,Mac Local System,2026-05-21 01:46:11.254 E  ecosystemd[6857:6613a8] (EcosystemAnalytics) EcosystemAnalytics.framework:RosettaCoordinator: getCodeSignatureInfo: SecStaticCodeCreate Failed url: <private>
2026-05-21 01:46:11.263235,Mac Failed Login,70,Medium,Mac Local System,2026-05-21 01:46:11.263 Df ecosystemanalyticsd[53070:660b6c] [com.apple.xpc:connection] [0xa56c7c640] failed to do a bootstrap look-up: xpc_error=[159: Unknown error: 159]
2026-05-21 01:46:11.263313,Mac Failed Login,70,Medium,Mac Local System,2026-05-21 01:46:11.263 Df ecosystemanalyticsd[53070:660b6c] [com.apple.xpc:connection] [0xa56c7c640] invalidated after a failed init
2026-05-21 01:46:11.284609,Mac Failed Login,70,Medium,Mac Local System,2026-05-21 01:46:11.284 Df ecosystemanalyticsd[53070:660b6c] [com.apple.xpc:connection] [0xa56c7c640] failed to do a bootstrap look-up: xpc_error=[159: Unknown error: 159]
2026-05-21 01:46:11.284689,Mac Failed Login,70,Medium,Mac Local System,2026-05-21 01:46:11.284 Df ecosystemanalyticsd[53070:660b6c] [com.apple.xpc:connection] [0xa56c7c640] invalidated after a failed init
2026-05-21 01:46:11.284785,Mac Failed Login,70,Medium,Mac Local System,2026-05-21 01:46:11.284 Df ecosystemd[6857:6613a8] [com.apple.xpc:connection] [0x906c89400] failed to do a bootstrap look-up: xpc_error=[159: Unknown error: 159]
2026-05-21 01:46:11.284861,Mac Failed Login,70,Medium,Mac Local System,2026-05-21 01:46:11.284 Df ecosystemd[6857:6613a8] [com.apple.xpc:connection] [0x906c89400] invalidated after a failed init
2026-05-21 01:46:11.286108,Mac Failed Login,70,Medium,Mac Local System,2026-05-21 01:46:11.285 E  ecosystemd[6857:6613a8] (EcosystemAnalytics) EcosystemAnalytics.framework:RosettaCoordinator: getCodeSignatureInfo: SecStaticCodeCreate Failed url: <private>
2026-05-21 01:46:11.286483,Mac Failed Login,70,Medium,Mac Local System,2026-05-21 01:46:11.286 Df ecosystemd[6857:6613a8] [com.apple.xpc:connection] [0x906c89400] failed to do a bootstrap look-up: xpc_error=[159: Unknown error: 159]
2026-05-21 01:46:11.286524,Mac Failed Login,70,Medium,Mac Local System,2026-05-21 01:46:11.286 Df ecosystemd[6857:6613a8] [com.apple.xpc:connection] [0x906c89400] invalidated after a failed init
2026-05-21 01:46:11.287997,Mac Failed Login,70,Medium,Mac Local System,2026-05-21 01:46:11.287 E  ecosystemd[6857:6613a8] (EcosystemAnalytics) EcosystemAnalytics.framework:RosettaCoordinator: getCodeSignatureInfo: SecStaticCodeCreate Failed url: <private>
2026-05-21 01:46:11.297969,Mac Failed Login,70,Medium,Mac Local System,2026-05-21 01:46:11.297 Df ecosystemanalyticsd[53070:660b6c] [com.apple.xpc:connection] [0xa56c7c640] failed to do a bootstrap look-up: xpc_error=[159: Unknown error: 159]
2026-05-21 01:46:11.298026,Mac Failed Login,70,Medium,Mac Local System,2026-05-21 01:46:11.297 Df ecosystemanalyticsd[53070:660b6c] [com.apple.xpc:connection] [0xa56c7c640] invalidated after a failed init
2026-05-21 01:46:11.323765,Mac Failed Login,70,Medium,Mac Local System,2026-05-21 01:46:11.323 Df ecosystemanalyticsd[53070:660b6c] [com.apple.xpc:connection] [0xa56c7c640] failed to do a bootstrap look-up: xpc_error=[159: Unknown error: 159]
2026-05-21 01:46:11.323841,Mac Failed Login,70,Medium,Mac Local System,2026-05-21 01:46:11.323 Df ecosystemanalyticsd[53070:660b6c] [com.apple.xpc:connection] [0xa56c7c640] invalidated after a failed init
2026-05-21 01:46:11.324721,Mac Failed Login,70,Medium,Mac Local System,2026-05-21 01:46:11.324 Df ecosystemd[6857:6613a8] [com.apple.xpc:connection] [0x906c89400] failed to do a bootstrap look-up: xpc_error=[159: Unknown error: 159]
2026-05-21 01:46:11.324775,Mac Failed Login,70,Medium,Mac Local System,2026-05-21 01:46:11.324 Df ecosystemd[6857:6613a8] [com.apple.xpc:connection] [0x906c89400] invalidated after a failed init
2026-05-21 01:46:11.326407,Mac Failed Login,70,Medium,Mac Local System,2026-05-21 01:46:11.326 E  ecosystemd[6857:6613a8] (EcosystemAnalytics) EcosystemAnalytics.framework:RosettaCoordinator: getCodeSignatureInfo: SecStaticCodeCreate Failed url: <private>
2026-05-21 01:46:11.327006,Mac Failed Login,70,Medium,Mac Local System,2026-05-21 01:46:11.326 Df ecosystemd[6857:6613a8] [com.apple.xpc:connection] [0x906c89400] failed to do a bootstrap look-up: xpc_error=[159: Unknown error: 159]
2026-05-21 01:46:11.327056,Mac Failed Login,70,Medium,Mac Local System,2026-05-21 01:46:11.326 Df ecosystemd[6857:6613a8] [com.apple.xpc:connection] [0x906c89400] invalidated after a failed init
2026-05-21 01:46:11.328997,Mac Failed Login,70,Medium,Mac Local System,2026-05-21 01:46:11.328 E  ecosystemd[6857:6613a8] (EcosystemAnalytics) EcosystemAnalytics.framework:RosettaCoordinator: getCodeSignatureInfo: SecStaticCodeCreate Failed url: <private>
2026-05-21 01:46:11.339416,Mac Failed Login,70,Medium,Mac Local System,2026-05-21 01:46:11.339 Df ecosystemanalyticsd[53070:660b6c] [com.apple.xpc:connection] [0xa56c7c640] failed to do a bootstrap look-up: xpc_error=[159: Unknown error: 159]
2026-05-21 01:46:11.339472,Mac Failed Login,70,Medium,Mac Local System,2026-05-21 01:46:11.339 Df ecosystemanalyticsd[53070:660b6c] [com.apple.xpc:connection] [0xa56c7c640] invalidated after a failed init
2026-05-21 01:46:11.359100,Mac Failed Login,70,Medium,Mac Local System,2026-05-21 01:46:11.358 Df ecosystemanalyticsd[53070:660b6c] [com.apple.xpc:connection] [0xa56c7c640] failed to do a bootstrap look-up: xpc_error=[159: Unknown error: 159]
2026-05-21 01:46:11.359187,Mac Failed Login,70,Medium,Mac Local System,2026-05-21 01:46:11.358 Df ecosystemanalyticsd[53070:660b6c] [com.apple.xpc:connection] [0xa56c7c640] invalidated after a failed init
2026-05-21 01:46:11.359463,Mac Failed Login,70,Medium,Mac Local System,2026-05-21 01:46:11.359 Df ecosystemd[6857:6613a8] [com.apple.xpc:connection] [0x906c89400] failed to do a bootstrap look-up: xpc_error=[159: Unknown error: 159]
2026-05-21 01:46:11.359515,Mac Failed Login,70,Medium,Mac Local System,2026-05-21 01:46:11.359 Df ecosystemd[6857:6613a8] [com.apple.xpc:connection] [0x906c89400] invalidated after a failed init
2026-05-21 01:46:11.360992,Mac Failed Login,70,Medium,Mac Local System,2026-05-21 01:46:11.360 E  ecosystemd[6857:6613a8] (EcosystemAnalytics) EcosystemAnalytics.framework:RosettaCoordinator: getCodeSignatureInfo: SecStaticCodeCreate Failed url: <private>
2026-05-21 01:46:11.361480,Mac Failed Login,70,Medium,Mac Local System,2026-05-21 01:46:11.361 Df ecosystemd[6857:6613a8] [com.apple.xpc:connection] [0x906c89400] failed to do a bootstrap look-up: xpc_error=[159: Unknown error: 159]
2026-05-21 01:46:11.361530,Mac Failed Login,70,Medium,Mac Local System,2026-05-21 01:46:11.361 Df ecosystemd[6857:6613a8] [com.apple.xpc:connection] [0x906c89400] invalidated after a failed init
2026-05-21 01:46:11.363061,Mac Failed Login,70,Medium,Mac Local System,2026-05-21 01:46:11.362 E  ecosystemd[6857:6613a8] (EcosystemAnalytics) EcosystemAnalytics.framework:RosettaCoordinator: getCodeSignatureInfo: SecStaticCodeCreate Failed url: <private>
2026-05-21 01:46:11.375606,Mac Failed Login,70,Medium,Mac Local System,2026-05-21 01:46:11.375 Df ecosystemanalyticsd[53070:660b6c] [com.apple.xpc:connection] [0xa56c7c640] failed to do a bootstrap look-up: xpc_error=[159: Unknown error: 159]
2026-05-21 01:46:11.375705,Mac Failed Login,70,Medium,Mac Local System,2026-05-21 01:46:11.375 Df ecosystemanalyticsd[53070:660b6c] [com.apple.xpc:connection] [0xa56c7c640] invalidated after a failed init
2026-05-21 01:46:11.391073,Mac Failed Login,70,Medium,Mac Local System,2026-05-21 01:46:11.390 Df ecosystemanalyticsd[53070:660b6c] [com.apple.xpc:connection] [0xa56c7c640] failed to do a bootstrap look-up: xpc_error=[159: Unknown error: 159]
2026-05-21 01:46:11.391230,Mac Failed Login,70,Medium,Mac Local System,2026-05-21 01:46:11.390 Df ecosystemanalyticsd[53070:660b6c] [com.apple.xpc:connection] [0xa56c7c640] invalidated after a failed init
2026-05-21 01:46:11.391444,Mac Failed Login,70,Medium,Mac Local System,2026-05-21 01:46:11.391 Df ecosystemd[6857:6613a8] [com.apple.xpc:connection] [0x906c89400] failed to do a bootstrap look-up: xpc_error=[159: Unknown error: 159]
2026-05-21 01:46:11.391499,Mac Failed Login,70,Medium,Mac Local System,2026-05-21 01:46:11.391 Df ecosystemd[6857:6613a8] [com.apple.xpc:connection] [0x906c89400] invalidated after a failed init
2026-05-21 01:46:11.392673,Mac Failed Login,70,Medium,Mac Local System,2026-05-21 01:46:11.392 E  ecosystemd[6857:6613a8] (EcosystemAnalytics) EcosystemAnalytics.framework:RosettaCoordinator: getCodeSignatureInfo: SecStaticCodeCreate Failed url: <private>
2026-05-21 01:46:11.393096,Mac Failed Login,70,Medium,Mac Local System,2026-05-21 01:46:11.392 Df ecosystemd[6857:6613a8] [com.apple.xpc:connection] [0x906c89400] failed to do a bootstrap look-up: xpc_error=[159: Unknown error: 159]
2026-05-21 01:46:11.393176,Mac Failed Login,70,Medium,Mac Local System,2026-05-21 01:46:11.392 Df ecosystemd[6857:6613a8] [com.apple.xpc:connection] [0x906c89400] invalidated after a failed init
2026-05-21 01:46:11.394353,Mac Failed Login,70,Medium,Mac Local System,2026-05-21 01:46:11.394 E  ecosystemd[6857:6613a8] (EcosystemAnalytics) EcosystemAnalytics.framework:RosettaCoordinator: getCodeSignatureInfo: SecStaticCodeCreate Failed url: <private>
2026-05-21 01:46:11.403553,Mac Failed Login,70,Medium,Mac Local System,2026-05-21 01:46:11.403 Df ecosystemanalyticsd[53070:660b6c] [com.apple.xpc:connection] [0xa56c7c640] failed to do a bootstrap look-up: xpc_error=[159: Unknown error: 159]
2026-05-21 01:46:11.403673,Mac Failed Login,70,Medium,Mac Local System,2026-05-21 01:46:11.403 Df ecosystemanalyticsd[53070:660b6c] [com.apple.xpc:connection] [0xa56c7c640] invalidated after a failed init
2026-05-21 01:46:11.425815,Mac Failed Login,70,Medium,Mac Local System,2026-05-21 01:46:11.425 Df ecosystemanalyticsd[53070:660b6c] [com.apple.xpc:connection] [0xa56c7c640] failed to do a bootstrap look-up: xpc_error=[159: Unknown error: 159]
2026-05-21 01:46:11.426005,Mac Failed Login,70,Medium,Mac Local System,2026-05-21 01:46:11.425 Df ecosystemanalyticsd[53070:660b6c] [com.apple.xpc:connection] [0xa56c7c640] invalidated after a failed init
2026-05-21 01:46:11.426245,Mac Failed Login,70,Medium,Mac Local System,2026-05-21 01:46:11.426 Df ecosystemd[6857:6613a8] [com.apple.xpc:connection] [0x906c89400] failed to do a bootstrap look-up: xpc_error=[159: Unknown error: 159]
2026-05-21 01:46:11.426317,Mac Failed Login,70,Medium,Mac Local System,2026-05-21 01:46:11.426 Df ecosystemd[6857:6613a8] [com.apple.xpc:connection] [0x906c89400] invalidated after a failed init
2026-05-21 01:46:11.427836,Mac Failed Login,70,Medium,Mac Local System,2026-05-21 01:46:11.427 E  ecosystemd[6857:6613a8] (EcosystemAnalytics) EcosystemAnalytics.framework:RosettaCoordinator: getCodeSignatureInfo: SecStaticCodeCreate Failed url: <private>
2026-05-21 01:46:11.428329,Mac Failed Login,70,Medium,Mac Local System,2026-05-21 01:46:11.428 Df ecosystemd[6857:6613a8] [com.apple.xpc:connection] [0x906c89400] failed to do a bootstrap look-up: xpc_error=[159: Unknown error: 159]
2026-05-21 01:46:11.428430,Mac Failed Login,70,Medium,Mac Local System,2026-05-21 01:46:11.428 Df ecosystemd[6857:6613a8] [com.apple.xpc:connection] [0x906c89400] invalidated after a failed init
2026-05-21 01:46:11.429976,Mac Failed Login,70,Medium,Mac Local System,2026-05-21 01:46:11.429 E  ecosystemd[6857:6613a8] (EcosystemAnalytics) EcosystemAnalytics.framework:RosettaCoordinator: getCodeSignatureInfo: SecStaticCodeCreate Failed url: <private>
2026-05-21 01:46:11.442485,Mac Failed Login,70,Medium,Mac Local System,2026-05-21 01:46:11.442 Df ecosystemanalyticsd[53070:660b6c] [com.apple.xpc:connection] [0xa56c7c640] failed to do a bootstrap look-up: xpc_error=[159: Unknown error: 159]
2026-05-21 01:46:11.442587,Mac Failed Login,70,Medium,Mac Local System,2026-05-21 01:46:11.442 Df ecosystemanalyticsd[53070:660b6c] [com.apple.xpc:connection] [0xa56c7c640] invalidated after a failed init
2026-05-21 01:46:11.468368,Mac Failed Login,70,Medium,Mac Local System,2026-05-21 01:46:11.468 Df ecosystemanalyticsd[53070:660b6c] [com.apple.xpc:connection] [0xa56c7c640] failed to do a bootstrap look-up: xpc_error=[159: Unknown error: 159]
2026-05-21 01:46:11.468547,Mac Failed Login,70,Medium,Mac Local System,2026-05-21 01:46:11.468 Df ecosystemanalyticsd[53070:660b6c] [com.apple.xpc:connection] [0xa56c7c640] invalidated after a failed init
2026-05-21 01:46:11.469187,Mac Failed Login,70,Medium,Mac Local System,2026-05-21 01:46:11.468 Df ecosystemd[6857:6613a8] [com.apple.xpc:connection] [0x906c89400] failed to do a bootstrap look-up: xpc_error=[159: Unknown error: 159]
2026-05-21 01:46:11.469297,Mac Failed Login,70,Medium,Mac Local System,2026-05-21 01:46:11.468 Df ecosystemd[6857:6613a8] [com.apple.xpc:connection] [0x906c89400] invalidated after a failed init
2026-05-21 01:46:11.471722,Mac Failed Login,70,Medium,Mac Local System,2026-05-21 01:46:11.471 E  ecosystemd[6857:6613a8] (EcosystemAnalytics) EcosystemAnalytics.framework:RosettaCoordinator: getCodeSignatureInfo: SecStaticCodeCreate Failed url: <private>
2026-05-21 01:46:11.472348,Mac Failed Login,70,Medium,Mac Local System,2026-05-21 01:46:11.472 Df ecosystemd[6857:6613a8] [com.apple.xpc:connection] [0x906c89400] failed to do a bootstrap look-up: xpc_error=[159: Unknown error: 159]
2026-05-21 01:46:11.472471,Mac Failed Login,70,Medium,Mac Local System,2026-05-21 01:46:11.472 Df ecosystemd[6857:6613a8] [com.apple.xpc:connection] [0x906c89400] invalidated after a failed init
2026-05-21 01:46:11.474946,Mac Failed Login,70,Medium,Mac Local System,2026-05-21 01:46:11.474 E  ecosystemd[6857:6613a8] (EcosystemAnalytics) EcosystemAnalytics.framework:RosettaCoordinator: getCodeSignatureInfo: SecStaticCodeCreate Failed url: <private>
2026-05-21 01:46:11.489603,Mac Failed Login,70,Medium,Mac Local System,2026-05-21 01:46:11.489 Df ecosystemanalyticsd[53070:660b6c] [com.apple.xpc:connection] [0xa56c7c640] failed to do a bootstrap look-up: xpc_error=[159: Unknown error: 159]
2026-05-21 01:46:11.489722,Mac Failed Login,70,Medium,Mac Local System,2026-05-21 01:46:11.489 Df ecosystemanalyticsd[53070:660b6c] [com.apple.xpc:connection] [0xa56c7c640] invalidated after a failed init
2026-05-21 01:46:11.512196,Mac Failed Login,70,Medium,Mac Local System,2026-05-21 01:46:11.511 Df ecosystemd[6857:6613a8] [com.apple.xpc:connection] [0x906c89400] failed to do a bootstrap look-up: xpc_error=[159: Unknown error: 159]
2026-05-21 01:46:11.512372,Mac Failed Login,70,Medium,Mac Local System,2026-05-21 01:46:11.512 Df ecosystemd[6857:6613a8] [com.apple.xpc:connection] [0x906c89400] invalidated after a failed init
2026-05-21 01:46:11.513029,Mac Failed Login,70,Medium,Mac Local System,2026-05-21 01:46:11.512 Df ecosystemanalyticsd[53070:660b6c] [com.apple.xpc:connection] [0xa56c7c640] failed to do a bootstrap look-up: xpc_error=[159: Unknown error: 159]
2026-05-21 01:46:11.513148,Mac Failed Login,70,Medium,Mac Local System,2026-05-21 01:46:11.512 Df ecosystemanalyticsd[53070:660b6c] [com.apple.xpc:connection] [0xa56c7c640] invalidated after a failed init
2026-05-21 01:46:11.516814,Mac Failed Login,70,Medium,Mac Local System,2026-05-21 01:46:11.516 E  ecosystemanalyticsd[53070:660b6c] (EcosystemAnalytics) EcosystemAnalytics.framework:RosettaCoordinator: getCodeSignatureInfo: SecStaticCodeCreate Failed url: <private>
2026-05-21 01:46:11.517214,Mac Failed Login,70,Medium,Mac Local System,2026-05-21 01:46:11.516 E  ecosystemd[6857:6613a8] (EcosystemAnalytics) EcosystemAnalytics.framework:RosettaCoordinator: getCodeSignatureInfo: SecStaticCodeCreate Failed url: <private>
2026-05-21 01:46:11.518449,Mac Failed Login,70,Medium,Mac Local System,2026-05-21 01:46:11.518 Df ecosystemd[6857:6613a8] [com.apple.xpc:connection] [0x906c89400] failed to do a bootstrap look-up: xpc_error=[159: Unknown error: 159]
2026-05-21 01:46:11.518534,Mac Failed Login,70,Medium,Mac Local System,2026-05-21 01:46:11.518 Df ecosystemd[6857:6613a8] [com.apple.xpc:connection] [0x906c89400] invalidated after a failed init
2026-05-21 01:46:11.519829,Mac Failed Login,70,Medium,Mac Local System,2026-05-21 01:46:11.519 E  ecosystemd[6857:6613a8] (EcosystemAnalytics) EcosystemAnalytics.framework:RosettaCoordinator: getCodeSignatureInfo: SecStaticCodeCreate Failed url: <private>
2026-05-21 01:46:11.526625,Mac Failed Login,70,Medium,Mac Local System,2026-05-21 01:46:11.526 Df ecosystemanalyticsd[53070:660b6c] [com.apple.xpc:connection] [0xa56c7c640] failed to do a bootstrap look-up: xpc_error=[159: Unknown error: 159]
2026-05-21 01:46:11.526809,Mac Failed Login,70,Medium,Mac Local System,2026-05-21 01:46:11.526 Df ecosystemanalyticsd[53070:660b6c] [com.apple.xpc:connection] [0xa56c7c640] invalidated after a failed init
2026-05-21 01:46:11.528498,Mac Failed Login,70,Medium,Mac Local System,2026-05-21 01:46:11.528 E  ecosystemanalyticsd[53070:660b6c] (EcosystemAnalytics) EcosystemAnalytics.framework:RosettaCoordinator: getCodeSignatureInfo: SecStaticCodeCreate Failed url: <private>
2026-05-21 01:46:11.533757,Mac Failed Login,70,Medium,Mac Local System,2026-05-21 01:46:11.533 Df ecosystemd[6857:6613a8] [com.apple.xpc:connection] [0x906c89400] failed to do a bootstrap look-up: xpc_error=[159: Unknown error: 159]
2026-05-21 01:46:11.533872,Mac Failed Login,70,Medium,Mac Local System,2026-05-21 01:46:11.533 Df ecosystemd[6857:6613a8] [com.apple.xpc:connection] [0x906c89400] invalidated after a failed init
2026-05-21 01:46:11.549045,Mac Failed Login,70,Medium,Mac Local System,2026-05-21 01:46:11.548 Df ecosystemanalyticsd[53070:660b6c] [com.apple.xpc:connection] [0xa56c7c640] failed to do a bootstrap look-up: xpc_error=[159: Unknown error: 159]
2026-05-21 01:46:11.549189,Mac Failed Login,70,Medium,Mac Local System,2026-05-21 01:46:11.548 Df ecosystemanalyticsd[53070:660b6c] [com.apple.xpc:connection] [0xa56c7c640] invalidated after a failed init
2026-05-21 01:46:11.565492,Mac Failed Login,70,Medium,Mac Local System,2026-05-21 01:46:11.565 Df ecosystemanalyticsd[53070:660b6c] [com.apple.xpc:connection] [0xa56c7c640] failed to do a bootstrap look-up: xpc_error=[159: Unknown error: 159]
2026-05-21 01:46:11.565733,Mac Failed Login,70,Medium,Mac Local System,2026-05-21 01:46:11.565 Df ecosystemanalyticsd[53070:660b6c] [com.apple.xpc:connection] [0xa56c7c640] invalidated after a failed init
2026-05-21 01:46:11.567601,Mac Failed Login,70,Medium,Mac Local System,2026-05-21 01:46:11.567 Df ecosystemd[6857:6613a8] [com.apple.xpc:connection] [0x906c89400] failed to do a bootstrap look-up: xpc_error=[159: Unknown error: 159]
2026-05-21 01:46:11.567734,Mac Failed Login,70,Medium,Mac Local System,2026-05-21 01:46:11.567 Df ecosystemd[6857:6613a8] [com.apple.xpc:connection] [0x906c89400] invalidated after a failed init
2026-05-21 01:46:11.597760,Mac Failed Login,70,Medium,Mac Local System,2026-05-21 01:46:11.597 Df ecosystemanalyticsd[53070:660b6c] [com.apple.xpc:connection] [0xa56c7c640] failed to do a bootstrap look-up: xpc_error=[159: Unknown error: 159]
2026-05-21 01:46:11.597940,Mac Failed Login,70,Medium,Mac Local System,2026-05-21 01:46:11.597 Df ecosystemanalyticsd[53070:660b6c] [com.apple.xpc:connection] [0xa56c7c640] invalidated after a failed init
2026-05-21 01:46:11.608786,Mac Failed Login,70,Medium,Mac Local System,2026-05-21 01:46:11.608 Df ecosystemd[6857:6613a8] [com.apple.xpc:connection] [0x906c89400] failed to do a bootstrap look-up: xpc_error=[159: Unknown error: 159]
2026-05-21 01:46:11.608930,Mac Failed Login,70,Medium,Mac Local System,2026-05-21 01:46:11.608 Df ecosystemd[6857:6613a8] [com.apple.xpc:connection] [0x906c89400] invalidated after a failed init
2026-05-21 01:46:11.610484,Mac Failed Login,70,Medium,Mac Local System,2026-05-21 01:46:11.610 E  ecosystemd[6857:6613a8] (EcosystemAnalytics) EcosystemAnalytics.framework:RosettaCoordinator: getCodeSignatureInfo: SecStaticCodeCreate Failed url: <private>
2026-05-21 01:46:11.610935,Mac Failed Login,70,Medium,Mac Local System,2026-05-21 01:46:11.610 Df ecosystemd[6857:6613a8] [com.apple.xpc:connection] [0x906c89400] failed to do a bootstrap look-up: xpc_error=[159: Unknown error: 159]
2026-05-21 01:46:11.611006,Mac Failed Login,70,Medium,Mac Local System,2026-05-21 01:46:11.610 Df ecosystemd[6857:6613a8] [com.apple.xpc:connection] [0x906c89400] invalidated after a failed init
2026-05-21 01:46:11.612368,Mac Failed Login,70,Medium,Mac Local System,2026-05-21 01:46:11.612 E  ecosystemd[6857:6613a8] (EcosystemAnalytics) EcosystemAnalytics.framework:RosettaCoordinator: getCodeSignatureInfo: SecStaticCodeCreate Failed url: <private>
2026-05-21 01:46:11.620153,Mac Failed Login,70,Medium,Mac Local System,2026-05-21 01:46:11.619 Df ecosystemanalyticsd[53070:660b6c] [com.apple.xpc:connection] [0xa56c7c640] failed to do a bootstrap look-up: xpc_error=[159: Unknown error: 159]
2026-05-21 01:46:11.620297,Mac Failed Login,70,Medium,Mac Local System,2026-05-21 01:46:11.620 Df ecosystemanalyticsd[53070:660b6c] [com.apple.xpc:connection] [0xa56c7c640] invalidated after a failed init
2026-05-21 01:46:11.642483,Mac Failed Login,70,Medium,Mac Local System,2026-05-21 01:46:11.642 Df ecosystemanalyticsd[53070:660b6c] [com.apple.xpc:connection] [0xa56c7c640] failed to do a bootstrap look-up: xpc_error=[159: Unknown error: 159]
2026-05-21 01:46:11.642630,Mac Failed Login,70,Medium,Mac Local System,2026-05-21 01:46:11.642 Df ecosystemanalyticsd[53070:660b6c] [com.apple.xpc:connection] [0xa56c7c640] invalidated after a failed init
2026-05-21 01:46:11.642719,Mac Failed Login,70,Medium,Mac Local System,2026-05-21 01:46:11.642 Df ecosystemd[6857:6613a8] [com.apple.xpc:connection] [0x906c89400] failed to do a bootstrap look-up: xpc_error=[159: Unknown error: 159]
2026-05-21 01:46:11.642762,Mac Failed Login,70,Medium,Mac Local System,2026-05-21 01:46:11.642 Df ecosystemd[6857:6613a8] [com.apple.xpc:connection] [0x906c89400] invalidated after a failed init
2026-05-21 01:46:11.643909,Mac Failed Login,70,Medium,Mac Local System,2026-05-21 01:46:11.643 E  ecosystemd[6857:6613a8] (EcosystemAnalytics) EcosystemAnalytics.framework:RosettaCoordinator: getCodeSignatureInfo: SecStaticCodeCreate Failed url: <private>
2026-05-21 01:46:11.644220,Mac Failed Login,70,Medium,Mac Local System,2026-05-21 01:46:11.644 Df ecosystemd[6857:6613a8] [com.apple.xpc:connection] [0x906c89400] failed to do a bootstrap look-up: xpc_error=[159: Unknown error: 159]
2026-05-21 01:46:11.644281,Mac Failed Login,70,Medium,Mac Local System,2026-05-21 01:46:11.644 Df ecosystemd[6857:6613a8] [com.apple.xpc:connection] [0x906c89400] invalidated after a failed init
2026-05-21 01:46:11.645346,Mac Failed Login,70,Medium,Mac Local System,2026-05-21 01:46:11.645 E  ecosystemd[6857:6613a8] (EcosystemAnalytics) EcosystemAnalytics.framework:RosettaCoordinator: getCodeSignatureInfo: SecStaticCodeCreate Failed url: <private>
2026-05-21 01:46:11.653181,Mac Failed Login,70,Medium,Mac Local System,2026-05-21 01:46:11.653 Df ecosystemanalyticsd[53070:660b6c] [com.apple.xpc:connection] [0xa56c7c640] failed to do a bootstrap look-up: xpc_error=[159: Unknown error: 159]
2026-05-21 01:46:11.653271,Mac Failed Login,70,Medium,Mac Local System,2026-05-21 01:46:11.653 Df ecosystemanalyticsd[53070:660b6c] [com.apple.xpc:connection] [0xa56c7c640] invalidated after a failed init
2026-05-21 01:46:11.670134,Mac Failed Login,70,Medium,Mac Local System,2026-05-21 01:46:11.669 Df ecosystemanalyticsd[53070:660b6c] [com.apple.xpc:connection] [0xa56c7c640] failed to do a bootstrap look-up: xpc_error=[159: Unknown error: 159]
2026-05-21 01:46:11.670285,Mac Failed Login,70,Medium,Mac Local System,2026-05-21 01:46:11.670 Df ecosystemanalyticsd[53070:660b6c] [com.apple.xpc:connection] [0xa56c7c640] invalidated after a failed init
2026-05-21 01:46:11.670463,Mac Failed Login,70,Medium,Mac Local System,2026-05-21 01:46:11.670 Df ecosystemd[6857:6613a8] [com.apple.xpc:connection] [0x906c89400] failed to do a bootstrap look-up: xpc_error=[159: Unknown error: 159]
2026-05-21 01:46:11.670511,Mac Failed Login,70,Medium,Mac Local System,2026-05-21 01:46:11.670 Df ecosystemd[6857:6613a8] [com.apple.xpc:connection] [0x906c89400] invalidated after a failed init
2026-05-21 01:46:11.673108,Mac Failed Login,70,Medium,Mac Local System,2026-05-21 01:46:11.672 E  ecosystemd[6857:6613a8] (EcosystemAnalytics) EcosystemAnalytics.framework:RosettaCoordinator: getCodeSignatureInfo: SecStaticCodeCreate Failed url: <private>
2026-05-21 01:46:11.673522,Mac Failed Login,70,Medium,Mac Local System,2026-05-21 01:46:11.673 Df ecosystemd[6857:6613a8] [com.apple.xpc:connection] [0x906c89400] failed to do a bootstrap look-up: xpc_error=[159: Unknown error: 159]
2026-05-21 01:46:11.673572,Mac Failed Login,70,Medium,Mac Local System,2026-05-21 01:46:11.673 Df ecosystemd[6857:6613a8] [com.apple.xpc:connection] [0x906c89400] invalidated after a failed init
2026-05-21 01:46:11.674712,Mac Failed Login,70,Medium,Mac Local System,2026-05-21 01:46:11.674 E  ecosystemd[6857:6613a8] (EcosystemAnalytics) EcosystemAnalytics.framework:RosettaCoordinator: getCodeSignatureInfo: SecStaticCodeCreate Failed url: <private>
2026-05-21 01:46:11.687797,Mac Failed Login,70,Medium,Mac Local System,2026-05-21 01:46:11.687 Df ecosystemanalyticsd[53070:660b6c] [com.apple.xpc:connection] [0xa56c7c640] failed to do a bootstrap look-up: xpc_error=[159: Unknown error: 159]
2026-05-21 01:46:11.687933,Mac Failed Login,70,Medium,Mac Local System,2026-05-21 01:46:11.687 Df ecosystemanalyticsd[53070:660b6c] [com.apple.xpc:connection] [0xa56c7c640] invalidated after a failed init
2026-05-21 01:46:11.709943,Mac Failed Login,70,Medium,Mac Local System,2026-05-21 01:46:11.709 Df ecosystemd[6857:6613a8] [com.apple.xpc:connection] [0x906c89400] failed to do a bootstrap look-up: xpc_error=[159: Unknown error: 159]
2026-05-21 01:46:11.710001,Mac Failed Login,70,Medium,Mac Local System,2026-05-21 01:46:11.709 Df ecosystemd[6857:6613a8] [com.apple.xpc:connection] [0x906c89400] invalidated after a failed init
2026-05-21 01:46:11.711264,Mac Failed Login,70,Medium,Mac Local System,2026-05-21 01:46:11.711 E  ecosystemd[6857:6613a8] (EcosystemAnalytics) EcosystemAnalytics.framework:RosettaCoordinator: getCodeSignatureInfo: SecStaticCodeCreate Failed url: <private>
2026-05-21 01:46:11.711820,Mac Failed Login,70,Medium,Mac Local System,2026-05-21 01:46:11.711 Df ecosystemd[6857:6613a8] [com.apple.xpc:connection] [0x906c89400] failed to do a bootstrap look-up: xpc_error=[159: Unknown error: 159]
2026-05-21 01:46:11.711854,Mac Failed Login,70,Medium,Mac Local System,2026-05-21 01:46:11.711 Df ecosystemd[6857:6613a8] [com.apple.xpc:connection] [0x906c89400] invalidated after a failed init
2026-05-21 01:46:11.712863,Mac Failed Login,70,Medium,Mac Local System,2026-05-21 01:46:11.712 E  ecosystemd[6857:6613a8] (EcosystemAnalytics) EcosystemAnalytics.framework:RosettaCoordinator: getCodeSignatureInfo: SecStaticCodeCreate Failed url: <private>
2026-05-21 01:46:13.548074,Mac Failed Login,70,Medium,Mac Local System,2026-05-21 01:46:13.547 Df ecosystemanalyticsd[53070:660b6c] [com.apple.xpc:connection] [0xa56c7c640] failed to do a bootstrap look-up: xpc_error=[159: Unknown error: 159]
2026-05-21 01:46:13.548288,Mac Failed Login,70,Medium,Mac Local System,2026-05-21 01:46:13.548 Df ecosystemanalyticsd[53070:660b6c] [com.apple.xpc:connection] [0xa56c7c640] invalidated after a failed init
2026-05-21 01:46:13.568210,Mac Failed Login,70,Medium,Mac Local System,2026-05-21 01:46:13.568 Df ecosystemanalyticsd[53070:660b6c] [com.apple.xpc:connection] [0xa56c7c640] failed to do a bootstrap look-up: xpc_error=[159: Unknown error: 159]
2026-05-21 01:46:13.568332,Mac Failed Login,70,Medium,Mac Local System,2026-05-21 01:46:13.568 Df ecosystemanalyticsd[53070:660b6c] [com.apple.xpc:connection] [0xa56c7c640] invalidated after a failed init
2026-05-21 01:46:13.568510,Mac Failed Login,70,Medium,Mac Local System,2026-05-21 01:46:13.568 Df ecosystemd[6857:6613a8] [com.apple.xpc:connection] [0x906c89400] failed to do a bootstrap look-up: xpc_error=[159: Unknown error: 159]
2026-05-21 01:46:13.568553,Mac Failed Login,70,Medium,Mac Local System,2026-05-21 01:46:13.568 Df ecosystemd[6857:6613a8] [com.apple.xpc:connection] [0x906c89400] invalidated after a failed init
2026-05-21 01:46:13.569762,Mac Failed Login,70,Medium,Mac Local System,2026-05-21 01:46:13.569 E  ecosystemd[6857:6613a8] (EcosystemAnalytics) EcosystemAnalytics.framework:RosettaCoordinator: getCodeSignatureInfo: SecStaticCodeCreate Failed url: <private>
2026-05-21 01:46:13.589128,Mac Failed Login,70,Medium,Mac Local System,2026-05-21 01:46:13.588 Df ecosystemanalyticsd[53070:660b6c] [com.apple.xpc:connection] [0xa56c7c640] failed to do a bootstrap look-up: xpc_error=[159: Unknown error: 159]
2026-05-21 01:46:13.589195,Mac Failed Login,70,Medium,Mac Local System,2026-05-21 01:46:13.589 Df ecosystemanalyticsd[53070:660b6c] [com.apple.xpc:connection] [0xa56c7c640] invalidated after a failed init
2026-05-21 01:46:13.589236,Mac Failed Login,70,Medium,Mac Local System,2026-05-21 01:46:13.589 Df ecosystemd[6857:6613a8] [com.apple.xpc:connection] [0x906c89400] failed to do a bootstrap look-up: xpc_error=[159: Unknown error: 159]
2026-05-21 01:46:13.589311,Mac Failed Login,70,Medium,Mac Local System,2026-05-21 01:46:13.589 Df ecosystemd[6857:6613a8] [com.apple.xpc:connection] [0x906c89400] invalidated after a failed init
2026-05-21 01:46:13.590452,Mac Failed Login,70,Medium,Mac Local System,2026-05-21 01:46:13.590 E  ecosystemd[6857:6613a8] (EcosystemAnalytics) EcosystemAnalytics.framework:RosettaCoordinator: getCodeSignatureInfo: SecStaticCodeCreate Failed url: <private>
2026-05-21 01:46:13.602238,Mac Failed Login,70,Medium,Mac Local System,2026-05-21 01:46:13.602 Df ecosystemd[6857:6613a8] [com.apple.xpc:connection] [0x906c89400] failed to do a bootstrap look-up: xpc_error=[159: Unknown error: 159]
2026-05-21 01:46:13.602317,Mac Failed Login,70,Medium,Mac Local System,2026-05-21 01:46:13.602 Df ecosystemd[6857:6613a8] [com.apple.xpc:connection] [0x906c89400] invalidated after a failed init
2026-05-21 01:46:13.602340,Mac Failed Login,70,Medium,Mac Local System,2026-05-21 01:46:13.602 Df ecosystemanalyticsd[53070:660b6c] [com.apple.xpc:connection] [0xa56c7c640] failed to do a bootstrap look-up: xpc_error=[159: Unknown error: 159]
2026-05-21 01:46:13.602372,Mac Failed Login,70,Medium,Mac Local System,2026-05-21 01:46:13.602 Df ecosystemanalyticsd[53070:660b6c] [com.apple.xpc:connection] [0xa56c7c640] invalidated after a failed init
2026-05-21 01:46:13.603936,Mac Failed Login,70,Medium,Mac Local System,2026-05-21 01:46:13.603 E  ecosystemd[6857:6613a8] (EcosystemAnalytics) EcosystemAnalytics.framework:RosettaCoordinator: getCodeSignatureInfo: SecStaticCodeCreate Failed url: <private>
2026-05-21 01:46:13.629856,Mac Failed Login,70,Medium,Mac Local System,2026-05-21 01:46:13.629 Df ecosystemd[6857:661451] [com.apple.xpc:connection] [0x906c89400] failed to do a bootstrap look-up: xpc_error=[159: Unknown error: 159]
2026-05-21 01:46:13.629933,Mac Failed Login,70,Medium,Mac Local System,2026-05-21 01:46:13.629 Df ecosystemd[6857:661451] [com.apple.xpc:connection] [0x906c89400] invalidated after a failed init
2026-05-21 01:46:13.631818,Mac Failed Login,70,Medium,Mac Local System,2026-05-21 01:46:13.631 E  ecosystemd[6857:661451] (EcosystemAnalytics) EcosystemAnalytics.framework:RosettaCoordinator: getCodeSignatureInfo: SecStaticCodeCreate Failed url: <private>
2026-05-21 01:46:19.533519,Mac Failed Login,70,Medium,Mac Local System,2026-05-21 01:46:19.533 Df ecosystemanalyticsd[53070:660b6c] [com.apple.xpc:connection] [0xa56c7c640] failed to do a bootstrap look-up: xpc_error=[159: Unknown error: 159]
2026-05-21 01:46:19.533723,Mac Failed Login,70,Medium,Mac Local System,2026-05-21 01:46:19.533 Df ecosystemanalyticsd[53070:660b6c] [com.apple.xpc:connection] [0xa56c7c640] invalidated after a failed init
2026-05-21 01:46:19.557351,Mac Failed Login,70,Medium,Mac Local System,2026-05-21 01:46:19.557 Df ecosystemanalyticsd[53070:660b6c] [com.apple.xpc:connection] [0xa56c7c640] failed to do a bootstrap look-up: xpc_error=[159: Unknown error: 159]
2026-05-21 01:46:19.557472,Mac Failed Login,70,Medium,Mac Local System,2026-05-21 01:46:19.557 Df ecosystemanalyticsd[53070:660b6c] [com.apple.xpc:connection] [0xa56c7c640] invalidated after a failed init
2026-05-21 01:46:19.558185,Mac Failed Login,70,Medium,Mac Local System,2026-05-21 01:46:19.557 Df ecosystemd[6857:661451] [com.apple.xpc:connection] [0x906c89400] failed to do a bootstrap look-up: xpc_error=[159: Unknown error: 159]
2026-05-21 01:46:19.558280,Mac Failed Login,70,Medium,Mac Local System,2026-05-21 01:46:19.558 Df ecosystemd[6857:661451] [com.apple.xpc:connection] [0x906c89400] invalidated after a failed init
2026-05-21 01:46:19.559918,Mac Failed Login,70,Medium,Mac Local System,2026-05-21 01:46:19.559 E  ecosystemd[6857:661451] (EcosystemAnalytics) EcosystemAnalytics.framework:RosettaCoordinator: getCodeSignatureInfo: SecStaticCodeCreate Failed url: <private>
2026-05-21 01:46:19.581212,Mac Failed Login,70,Medium,Mac Local System,2026-05-21 01:46:19.581 Df ecosystemanalyticsd[53070:660b6c] [com.apple.xpc:connection] [0xa56c7c640] failed to do a bootstrap look-up: xpc_error=[159: Unknown error: 159]
2026-05-21 01:46:19.581303,Mac Failed Login,70,Medium,Mac Local System,2026-05-21 01:46:19.581 Df ecosystemanalyticsd[53070:660b6c] [com.apple.xpc:connection] [0xa56c7c640] invalidated after a failed init
2026-05-21 01:46:19.581449,Mac Failed Login,70,Medium,Mac Local System,2026-05-21 01:46:19.581 Df ecosystemd[6857:6614dd] [com.apple.xpc:connection] [0x906c89400] failed to do a bootstrap look-up: xpc_error=[159: Unknown error: 159]
2026-05-21 01:46:19.581504,Mac Failed Login,70,Medium,Mac Local System,2026-05-21 01:46:19.581 Df ecosystemd[6857:6614dd] [com.apple.xpc:connection] [0x906c89400] invalidated after a failed init
2026-05-21 01:46:19.582601,Mac Failed Login,70,Medium,Mac Local System,2026-05-21 01:46:19.582 E  ecosystemd[6857:6614dd] (EcosystemAnalytics) EcosystemAnalytics.framework:RosettaCoordinator: getCodeSignatureInfo: SecStaticCodeCreate Failed url: <private>
2026-05-21 01:46:19.598416,Mac Failed Login,70,Medium,Mac Local System,2026-05-21 01:46:19.598 Df ecosystemanalyticsd[53070:660b6c] [com.apple.xpc:connection] [0xa56c7c640] failed to do a bootstrap look-up: xpc_error=[159: Unknown error: 159]
2026-05-21 01:46:19.598523,Mac Failed Login,70,Medium,Mac Local System,2026-05-21 01:46:19.598 Df ecosystemanalyticsd[53070:660b6c] [com.apple.xpc:connection] [0xa56c7c640] invalidated after a failed init
2026-05-21 01:46:19.598897,Mac Failed Login,70,Medium,Mac Local System,2026-05-21 01:46:19.598 Df ecosystemd[6857:6614dd] [com.apple.xpc:connection] [0x906c89400] failed to do a bootstrap look-up: xpc_error=[159: Unknown error: 159]
2026-05-21 01:46:19.598969,Mac Failed Login,70,Medium,Mac Local System,2026-05-21 01:46:19.598 Df ecosystemd[6857:6614dd] [com.apple.xpc:connection] [0x906c89400] invalidated after a failed init
2026-05-21 01:46:19.599931,Mac Failed Login,70,Medium,Mac Local System,2026-05-21 01:46:19.599 E  ecosystemd[6857:6614dd] (EcosystemAnalytics) EcosystemAnalytics.framework:RosettaCoordinator: getCodeSignatureInfo: SecStaticCodeCreate Failed url: <private>
2026-05-21 01:46:19.622687,Mac Failed Login,70,Medium,Mac Local System,2026-05-21 01:46:19.622 Df ecosystemd[6857:661451] [com.apple.xpc:connection] [0x906c89400] failed to do a bootstrap look-up: xpc_error=[159: Unknown error: 159]
2026-05-21 01:46:19.623116,Mac Failed Login,70,Medium,Mac Local System,2026-05-21 01:46:19.622 Df ecosystemd[6857:661451] [com.apple.xpc:connection] [0x906c89400] invalidated after a failed init
2026-05-21 01:46:19.623292,Mac Failed Login,70,Medium,Mac Local System,2026-05-21 01:46:19.623 Df ecosystemanalyticsd[53070:660b6c] [com.apple.xpc:connection] [0xa56c7c640] failed to do a bootstrap look-up: xpc_error=[159: Unknown error: 159]
2026-05-21 01:46:19.623440,Mac Failed Login,70,Medium,Mac Local System,2026-05-21 01:46:19.623 Df ecosystemanalyticsd[53070:660b6c] [com.apple.xpc:connection] [0xa56c7c640] invalidated after a failed init
2026-05-21 01:46:19.625212,Mac Failed Login,70,Medium,Mac Local System,2026-05-21 01:46:19.625 E  ecosystemd[6857:661451] (EcosystemAnalytics) EcosystemAnalytics.framework:RosettaCoordinator: getCodeSignatureInfo: SecStaticCodeCreate Failed url: <private>
2026-05-21 01:46:19.639875,Mac Failed Login,70,Medium,Mac Local System,2026-05-21 01:46:19.639 Df ecosystemanalyticsd[53070:660b6c] [com.apple.xpc:connection] [0xa56c7c640] failed to do a bootstrap look-up: xpc_error=[159: Unknown error: 159]
2026-05-21 01:46:19.639930,Mac Failed Login,70,Medium,Mac Local System,2026-05-21 01:46:19.639 Df ecosystemanalyticsd[53070:660b6c] [com.apple.xpc:connection] [0xa56c7c640] invalidated after a failed init
2026-05-21 01:46:19.640020,Mac Failed Login,70,Medium,Mac Local System,2026-05-21 01:46:19.639 Df ecosystemd[6857:661451] [com.apple.xpc:connection] [0x906c89400] failed to do a bootstrap look-up: xpc_error=[159: Unknown error: 159]
2026-05-21 01:46:19.640056,Mac Failed Login,70,Medium,Mac Local System,2026-05-21 01:46:19.639 Df ecosystemd[6857:661451] [com.apple.xpc:connection] [0x906c89400] invalidated after a failed init
2026-05-21 01:46:19.641052,Mac Failed Login,70,Medium,Mac Local System,2026-05-21 01:46:19.640 E  ecosystemd[6857:661451] (EcosystemAnalytics) EcosystemAnalytics.framework:RosettaCoordinator: getCodeSignatureInfo: SecStaticCodeCreate Failed url: <private>
2026-05-21 01:46:19.664044,Mac Failed Login,70,Medium,Mac Local System,2026-05-21 01:46:19.663 Df ecosystemanalyticsd[53070:660b6c] [com.apple.xpc:connection] [0xa56c7c640] failed to do a bootstrap look-up: xpc_error=[159: Unknown error: 159]
2026-05-21 01:46:19.664142,Mac Failed Login,70,Medium,Mac Local System,2026-05-21 01:46:19.663 Df ecosystemanalyticsd[53070:660b6c] [com.apple.xpc:connection] [0xa56c7c640] invalidated after a failed init
2026-05-21 01:46:19.664214,Mac Failed Login,70,Medium,Mac Local System,2026-05-21 01:46:19.664 Df ecosystemd[6857:6614dc] [com.apple.xpc:connection] [0x906c89400] failed to do a bootstrap look-up: xpc_error=[159: Unknown error: 159]
2026-05-21 01:46:19.664253,Mac Failed Login,70,Medium,Mac Local System,2026-05-21 01:46:19.664 Df ecosystemd[6857:6614dc] [com.apple.xpc:connection] [0x906c89400] invalidated after a failed init
2026-05-21 01:46:19.665233,Mac Failed Login,70,Medium,Mac Local System,2026-05-21 01:46:19.665 E  ecosystemd[6857:6614dc] (EcosystemAnalytics) EcosystemAnalytics.framework:RosettaCoordinator: getCodeSignatureInfo: SecStaticCodeCreate Failed url: <private>
2026-05-21 01:46:19.682572,Mac Failed Login,70,Medium,Mac Local System,2026-05-21 01:46:19.682 Df ecosystemanalyticsd[53070:660b6c] [com.apple.xpc:connection] [0xa56c7c640] failed to do a bootstrap look-up: xpc_error=[159: Unknown error: 159]
2026-05-21 01:46:19.682690,Mac Failed Login,70,Medium,Mac Local System,2026-05-21 01:46:19.682 Df ecosystemanalyticsd[53070:660b6c] [com.apple.xpc:connection] [0xa56c7c640] invalidated after a failed init
2026-05-21 01:46:19.682736,Mac Failed Login,70,Medium,Mac Local System,2026-05-21 01:46:19.682 Df ecosystemd[6857:6614dc] [com.apple.xpc:connection] [0x906c89400] failed to do a bootstrap look-up: xpc_error=[159: Unknown error: 159]
2026-05-21 01:46:19.682774,Mac Failed Login,70,Medium,Mac Local System,2026-05-21 01:46:19.682 Df ecosystemd[6857:6614dc] [com.apple.xpc:connection] [0x906c89400] invalidated after a failed init
2026-05-21 01:46:19.683742,Mac Failed Login,70,Medium,Mac Local System,2026-05-21 01:46:19.683 E  ecosystemd[6857:6614dc] (EcosystemAnalytics) EcosystemAnalytics.framework:RosettaCoordinator: getCodeSignatureInfo: SecStaticCodeCreate Failed url: <private>
2026-05-21 01:46:19.702745,Mac Failed Login,70,Medium,Mac Local System,2026-05-21 01:46:19.702 Df ecosystemd[6857:661451] [com.apple.xpc:connection] [0x906c89400] failed to do a bootstrap look-up: xpc_error=[159: Unknown error: 159]
2026-05-21 01:46:19.702938,Mac Failed Login,70,Medium,Mac Local System,2026-05-21 01:46:19.702 Df ecosystemd[6857:661451] [com.apple.xpc:connection] [0x906c89400] invalidated after a failed init
2026-05-21 01:46:19.703017,Mac Failed Login,70,Medium,Mac Local System,2026-05-21 01:46:19.702 Df ecosystemanalyticsd[53070:660b6c] [com.apple.xpc:connection] [0xa56c7c640] failed to do a bootstrap look-up: xpc_error=[159: Unknown error: 159]
2026-05-21 01:46:19.703058,Mac Failed Login,70,Medium,Mac Local System,2026-05-21 01:46:19.702 Df ecosystemanalyticsd[53070:660b6c] [com.apple.xpc:connection] [0xa56c7c640] invalidated after a failed init
2026-05-21 01:46:19.704614,Mac Failed Login,70,Medium,Mac Local System,2026-05-21 01:46:19.704 E  ecosystemd[6857:661451] (EcosystemAnalytics) EcosystemAnalytics.framework:RosettaCoordinator: getCodeSignatureInfo: SecStaticCodeCreate Failed url: <private>
2026-05-21 01:46:19.720686,Mac Failed Login,70,Medium,Mac Local System,2026-05-21 01:46:19.720 Df ecosystemanalyticsd[53070:660b6c] [com.apple.xpc:connection] [0xa56c7c640] failed to do a bootstrap look-up: xpc_error=[159: Unknown error: 159]
2026-05-21 01:46:19.720785,Mac Failed Login,70,Medium,Mac Local System,2026-05-21 01:46:19.720 Df ecosystemanalyticsd[53070:660b6c] [com.apple.xpc:connection] [0xa56c7c640] invalidated after a failed init
2026-05-21 01:46:19.720878,Mac Failed Login,70,Medium,Mac Local System,2026-05-21 01:46:19.720 Df ecosystemd[6857:661451] [com.apple.xpc:connection] [0x906c89400] failed to do a bootstrap look-up: xpc_error=[159: Unknown error: 159]
2026-05-21 01:46:19.720924,Mac Failed Login,70,Medium,Mac Local System,2026-05-21 01:46:19.720 Df ecosystemd[6857:661451] [com.apple.xpc:connection] [0x906c89400] invalidated after a failed init
2026-05-21 01:46:19.721832,Mac Failed Login,70,Medium,Mac Local System,2026-05-21 01:46:19.721 E  ecosystemd[6857:661451] (EcosystemAnalytics) EcosystemAnalytics.framework:RosettaCoordinator: getCodeSignatureInfo: SecStaticCodeCreate Failed url: <private>
2026-05-21 01:46:19.741897,Mac Failed Login,70,Medium,Mac Local System,2026-05-21 01:46:19.741 Df ecosystemanalyticsd[53070:660b6c] [com.apple.xpc:connection] [0xa56c7c640] failed to do a bootstrap look-up: xpc_error=[159: Unknown error: 159]
2026-05-21 01:46:19.741984,Mac Failed Login,70,Medium,Mac Local System,2026-05-21 01:46:19.741 Df ecosystemanalyticsd[53070:660b6c] [com.apple.xpc:connection] [0xa56c7c640] invalidated after a failed init
2026-05-21 01:46:19.742023,Mac Failed Login,70,Medium,Mac Local System,2026-05-21 01:46:19.741 Df ecosystemd[6857:6614dc] [com.apple.xpc:connection] [0x906c89400] failed to do a bootstrap look-up: xpc_error=[159: Unknown error: 159]
2026-05-21 01:46:19.742053,Mac Failed Login,70,Medium,Mac Local System,2026-05-21 01:46:19.741 Df ecosystemd[6857:6614dc] [com.apple.xpc:connection] [0x906c89400] invalidated after a failed init
2026-05-21 01:46:19.742928,Mac Failed Login,70,Medium,Mac Local System,2026-05-21 01:46:19.742 E  ecosystemd[6857:6614dc] (EcosystemAnalytics) EcosystemAnalytics.framework:RosettaCoordinator: getCodeSignatureInfo: SecStaticCodeCreate Failed url: <private>
2026-05-21 01:46:19.760076,Mac Failed Login,70,Medium,Mac Local System,2026-05-21 01:46:19.759 Df ecosystemanalyticsd[53070:660b6c] [com.apple.xpc:connection] [0xa56c7c640] failed to do a bootstrap look-up: xpc_error=[159: Unknown error: 159]
2026-05-21 01:46:19.760190,Mac Failed Login,70,Medium,Mac Local System,2026-05-21 01:46:19.759 Df ecosystemanalyticsd[53070:660b6c] [com.apple.xpc:connection] [0xa56c7c640] invalidated after a failed init
2026-05-21 01:46:19.760957,Mac Failed Login,70,Medium,Mac Local System,2026-05-21 01:46:19.760 Df ecosystemd[6857:6614dc] [com.apple.xpc:connection] [0x906c89400] failed to do a bootstrap look-up: xpc_error=[159: Unknown error: 159]
2026-05-21 01:46:19.761027,Mac Failed Login,70,Medium,Mac Local System,2026-05-21 01:46:19.760 Df ecosystemd[6857:6614dc] [com.apple.xpc:connection] [0x906c89400] invalidated after a failed init
2026-05-21 01:46:19.762030,Mac Failed Login,70,Medium,Mac Local System,2026-05-21 01:46:19.761 E  ecosystemd[6857:6614dc] (EcosystemAnalytics) EcosystemAnalytics.framework:RosettaCoordinator: getCodeSignatureInfo: SecStaticCodeCreate Failed url: <private>
2026-05-21 01:46:19.783992,Mac Failed Login,70,Medium,Mac Local System,2026-05-21 01:46:19.783 Df ecosystemd[6857:661451] [com.apple.xpc:connection] [0x906c89400] failed to do a bootstrap look-up: xpc_error=[159: Unknown error: 159]
2026-05-21 01:46:19.784101,Mac Failed Login,70,Medium,Mac Local System,2026-05-21 01:46:19.783 Df ecosystemd[6857:661451] [com.apple.xpc:connection] [0x906c89400] invalidated after a failed init
2026-05-21 01:46:19.784858,Mac Failed Login,70,Medium,Mac Local System,2026-05-21 01:46:19.784 E  ecosystemd[6857:661451] (EcosystemAnalytics) EcosystemAnalytics.framework:RosettaCoordinator: getCodeSignatureInfo: SecStaticCodeCreate Failed url: <private>
2026-05-21 01:46:21.545170,Mac Failed Login,70,Medium,Mac Local System,2026-05-21 01:46:21.545 Df ecosystemanalyticsd[53070:660b6c] [com.apple.xpc:connection] [0xa56c7c640] failed to do a bootstrap look-up: xpc_error=[159: Unknown error: 159]
2026-05-21 01:46:21.545262,Mac Failed Login,70,Medium,Mac Local System,2026-05-21 01:46:21.545 Df ecosystemanalyticsd[53070:660b6c] [com.apple.xpc:connection] [0xa56c7c640] invalidated after a failed init
2026-05-21 01:46:21.546064,Mac Failed Login,70,Medium,Mac Local System,2026-05-21 01:46:21.545 E  ecosystemanalyticsd[53070:660b6c] (EcosystemAnalytics) EcosystemAnalytics.framework:RosettaCoordinator: getCodeSignatureInfo: SecStaticCodeCreate Failed url: <private>
2026-05-21 01:46:21.551818,Mac Failed Login,70,Medium,Mac Local System,2026-05-21 01:46:21.551 Df ecosystemd[6857:661451] [com.apple.xpc:connection] [0x906c89400] failed to do a bootstrap look-up: xpc_error=[159: Unknown error: 159]
2026-05-21 01:46:21.551878,Mac Failed Login,70,Medium,Mac Local System,2026-05-21 01:46:21.551 Df ecosystemd[6857:661451] [com.apple.xpc:connection] [0x906c89400] invalidated after a failed init
2026-05-21 01:46:21.551938,Mac Failed Login,70,Medium,Mac Local System,2026-05-21 01:46:21.551 Df ecosystemanalyticsd[53070:660b6c] [com.apple.xpc:connection] [0xa56c7c640] failed to do a bootstrap look-up: xpc_error=[159: Unknown error: 159]
2026-05-21 01:46:21.551970,Mac Failed Login,70,Medium,Mac Local System,2026-05-21 01:46:21.551 Df ecosystemanalyticsd[53070:660b6c] [com.apple.xpc:connection] [0xa56c7c640] invalidated after a failed init
2026-05-21 01:46:21.552676,Mac Failed Login,70,Medium,Mac Local System,2026-05-21 01:46:21.552 E  ecosystemanalyticsd[53070:660b6c] (EcosystemAnalytics) EcosystemAnalytics.framework:RosettaCoordinator: getCodeSignatureInfo: SecStaticCodeCreate Failed url: <private>
2026-05-21 01:46:21.563537,Mac Failed Login,70,Medium,Mac Local System,2026-05-21 01:46:21.563 Df ecosystemd[6857:661451] [com.apple.xpc:connection] [0x906c89400] failed to do a bootstrap look-up: xpc_error=[159: Unknown error: 159]
2026-05-21 01:46:21.563600,Mac Failed Login,70,Medium,Mac Local System,2026-05-21 01:46:21.563 Df ecosystemd[6857:661451] [com.apple.xpc:connection] [0x906c89400] invalidated after a failed init
2026-05-21 01:46:21.572647,Mac Failed Login,70,Medium,Mac Local System,2026-05-21 01:46:21.572 Df ecosystemanalyticsd[53070:660b6c] [com.apple.xpc:connection] [0xa56c7c640] failed to do a bootstrap look-up: xpc_error=[159: Unknown error: 159]
2026-05-21 01:46:21.572711,Mac Failed Login,70,Medium,Mac Local System,2026-05-21 01:46:21.572 Df ecosystemanalyticsd[53070:660b6c] [com.apple.xpc:connection] [0xa56c7c640] invalidated after a failed init
2026-05-21 01:46:21.573466,Mac Failed Login,70,Medium,Mac Local System,2026-05-21 01:46:21.573 E  ecosystemanalyticsd[53070:660b6c] (EcosystemAnalytics) EcosystemAnalytics.framework:RosettaCoordinator: getCodeSignatureInfo: SecStaticCodeCreate Failed url: <private>
2026-05-21 01:46:21.580923,Mac Failed Login,70,Medium,Mac Local System,2026-05-21 01:46:21.580 Df ecosystemanalyticsd[53070:660b6c] [com.apple.xpc:connection] [0xa56c7c640] failed to do a bootstrap look-up: xpc_error=[159: Unknown error: 159]
2026-05-21 01:46:21.580990,Mac Failed Login,70,Medium,Mac Local System,2026-05-21 01:46:21.580 Df ecosystemanalyticsd[53070:660b6c] [com.apple.xpc:connection] [0xa56c7c640] invalidated after a failed init
2026-05-21 01:46:21.581369,Mac Failed Login,70,Medium,Mac Local System,2026-05-21 01:46:21.581 Df ecosystemd[6857:661451] [com.apple.xpc:connection] [0x906c89400] failed to do a bootstrap look-up: xpc_error=[159: Unknown error: 159]
2026-05-21 01:46:21.581417,Mac Failed Login,70,Medium,Mac Local System,2026-05-21 01:46:21.581 Df ecosystemd[6857:661451] [com.apple.xpc:connection] [0x906c89400] invalidated after a failed init
2026-05-21 01:46:21.581947,Mac Failed Login,70,Medium,Mac Local System,2026-05-21 01:46:21.581 E  ecosystemanalyticsd[53070:660b6c] (EcosystemAnalytics) EcosystemAnalytics.framework:RosettaCoordinator: getCodeSignatureInfo: SecStaticCodeCreate Failed url: <private>
2026-05-21 01:46:21.592940,Mac Failed Login,70,Medium,Mac Local System,2026-05-21 01:46:21.592 Df ecosystemd[6857:661451] [com.apple.xpc:connection] [0x906c89400] failed to do a bootstrap look-up: xpc_error=[159: Unknown error: 159]
2026-05-21 01:46:21.592996,Mac Failed Login,70,Medium,Mac Local System,2026-05-21 01:46:21.592 Df ecosystemd[6857:661451] [com.apple.xpc:connection] [0x906c89400] invalidated after a failed init
2026-05-21 01:46:21.595728,Mac Failed Login,70,Medium,Mac Local System,2026-05-21 01:46:21.595 Df ecosystemanalyticsd[53070:660b6c] [com.apple.xpc:connection] [0xa56c7c640] failed to do a bootstrap look-up: xpc_error=[159: Unknown error: 159]
2026-05-21 01:46:21.595803,Mac Failed Login,70,Medium,Mac Local System,2026-05-21 01:46:21.595 Df ecosystemanalyticsd[53070:660b6c] [com.apple.xpc:connection] [0xa56c7c640] invalidated after a failed init
2026-05-21 01:46:21.596519,Mac Failed Login,70,Medium,Mac Local System,2026-05-21 01:46:21.596 E  ecosystemanalyticsd[53070:660b6c] (EcosystemAnalytics) EcosystemAnalytics.framework:RosettaCoordinator: getCodeSignatureInfo: SecStaticCodeCreate Failed url: <private>
2026-05-21 01:46:21.602998,Mac Failed Login,70,Medium,Mac Local System,2026-05-21 01:46:21.602 Df ecosystemanalyticsd[53070:660b6c] [com.apple.xpc:connection] [0xa56c7c640] failed to do a bootstrap look-up: xpc_error=[159: Unknown error: 159]
2026-05-21 01:46:21.603049,Mac Failed Login,70,Medium,Mac Local System,2026-05-21 01:46:21.602 Df ecosystemanalyticsd[53070:660b6c] [com.apple.xpc:connection] [0xa56c7c640] invalidated after a failed init
2026-05-21 01:46:21.603702,Mac Failed Login,70,Medium,Mac Local System,2026-05-21 01:46:21.603 E  ecosystemanalyticsd[53070:660b6c] (EcosystemAnalytics) EcosystemAnalytics.framework:RosettaCoordinator: getCodeSignatureInfo: SecStaticCodeCreate Failed url: <private>
2026-05-21 01:46:21.609470,Mac Failed Login,70,Medium,Mac Local System,2026-05-21 01:46:21.609 Df ecosystemd[6857:661451] [com.apple.xpc:connection] [0x906c89400] failed to do a bootstrap look-up: xpc_error=[159: Unknown error: 159]
2026-05-21 01:46:21.609528,Mac Failed Login,70,Medium,Mac Local System,2026-05-21 01:46:21.609 Df ecosystemd[6857:661451] [com.apple.xpc:connection] [0x906c89400] invalidated after a failed init
2026-05-21 01:46:21.617292,Mac Failed Login,70,Medium,Mac Local System,2026-05-21 01:46:21.617 Df ecosystemanalyticsd[53070:660b6c] [com.apple.xpc:connection] [0xa56c7c640] failed to do a bootstrap look-up: xpc_error=[159: Unknown error: 159]
2026-05-21 01:46:21.617362,Mac Failed Login,70,Medium,Mac Local System,2026-05-21 01:46:21.617 Df ecosystemanalyticsd[53070:660b6c] [com.apple.xpc:connection] [0xa56c7c640] invalidated after a failed init
2026-05-21 01:46:21.618061,Mac Failed Login,70,Medium,Mac Local System,2026-05-21 01:46:21.617 E  ecosystemanalyticsd[53070:660b6c] (EcosystemAnalytics) EcosystemAnalytics.framework:RosettaCoordinator: getCodeSignatureInfo: SecStaticCodeCreate Failed url: <private>
2026-05-21 01:46:21.621826,Mac Failed Login,70,Medium,Mac Local System,2026-05-21 01:46:21.621 Df ecosystemd[6857:661451] [com.apple.xpc:connection] [0x906c89400] failed to do a bootstrap look-up: xpc_error=[159: Unknown error: 159]
2026-05-21 01:46:21.621886,Mac Failed Login,70,Medium,Mac Local System,2026-05-21 01:46:21.621 Df ecosystemd[6857:661451] [com.apple.xpc:connection] [0x906c89400] invalidated after a failed init
2026-05-21 01:46:21.623593,Mac Failed Login,70,Medium,Mac Local System,2026-05-21 01:46:21.623 Df ecosystemanalyticsd[53070:660b6c] [com.apple.xpc:connection] [0xa56c7c640] failed to do a bootstrap look-up: xpc_error=[159: Unknown error: 159]
2026-05-21 01:46:21.623653,Mac Failed Login,70,Medium,Mac Local System,2026-05-21 01:46:21.623 Df ecosystemanalyticsd[53070:660b6c] [com.apple.xpc:connection] [0xa56c7c640] invalidated after a failed init
2026-05-21 01:46:21.624594,Mac Failed Login,70,Medium,Mac Local System,2026-05-21 01:46:21.624 E  ecosystemanalyticsd[53070:660b6c] (EcosystemAnalytics) EcosystemAnalytics.framework:RosettaCoordinator: getCodeSignatureInfo: SecStaticCodeCreate Failed url: <private>
2026-05-21 01:46:21.641722,Mac Failed Login,70,Medium,Mac Local System,2026-05-21 01:46:21.641 Df ecosystemd[6857:661451] [com.apple.xpc:connection] [0x906c89400] failed to do a bootstrap look-up: xpc_error=[159: Unknown error: 159]
2026-05-21 01:46:21.641863,Mac Failed Login,70,Medium,Mac Local System,2026-05-21 01:46:21.641 Df ecosystemd[6857:661451] [com.apple.xpc:connection] [0x906c89400] invalidated after a failed init
2026-05-21 01:46:21.661555,Mac Failed Login,70,Medium,Mac Local System,2026-05-21 01:46:21.661 Df ecosystemd[6857:661451] [com.apple.xpc:connection] [0x906c89400] failed to do a bootstrap look-up: xpc_error=[159: Unknown error: 159]
2026-05-21 01:46:21.661584,Mac Failed Login,70,Medium,Mac Local System,2026-05-21 01:46:21.661 Df ecosystemd[6857:661451] [com.apple.xpc:connection] [0x906c89400] invalidated after a failed init
2026-05-21 01:46:23.535221,Mac Failed Login,70,Medium,Mac Local System,2026-05-21 01:46:23.534 Df ecosystemanalyticsd[53070:660b6c] [com.apple.xpc:connection] [0xa56c7c640] failed to do a bootstrap look-up: xpc_error=[159: Unknown error: 159]
2026-05-21 01:46:23.535377,Mac Failed Login,70,Medium,Mac Local System,2026-05-21 01:46:23.535 Df ecosystemanalyticsd[53070:660b6c] [com.apple.xpc:connection] [0xa56c7c640] invalidated after a failed init
2026-05-21 01:46:23.555624,Mac Failed Login,70,Medium,Mac Local System,2026-05-21 01:46:23.555 Df ecosystemd[6857:661451] [com.apple.xpc:connection] [0x906c89400] failed to do a bootstrap look-up: xpc_error=[159: Unknown error: 159]
2026-05-21 01:46:23.555744,Mac Failed Login,70,Medium,Mac Local System,2026-05-21 01:46:23.555 Df ecosystemd[6857:661451] [com.apple.xpc:connection] [0x906c89400] invalidated after a failed init
2026-05-21 01:46:23.556039,Mac Failed Login,70,Medium,Mac Local System,2026-05-21 01:46:23.555 Df ecosystemanalyticsd[53070:660b6c] [com.apple.xpc:connection] [0xa56c7c640] failed to do a bootstrap look-up: xpc_error=[159: Unknown error: 159]
2026-05-21 01:46:23.556107,Mac Failed Login,70,Medium,Mac Local System,2026-05-21 01:46:23.555 Df ecosystemanalyticsd[53070:660b6c] [com.apple.xpc:connection] [0xa56c7c640] invalidated after a failed init
2026-05-21 01:46:23.557508,Mac Failed Login,70,Medium,Mac Local System,2026-05-21 01:46:23.557 E  ecosystemd[6857:661451] (EcosystemAnalytics) EcosystemAnalytics.framework:RosettaCoordinator: getCodeSignatureInfo: SecStaticCodeCreate Failed url: <private>
2026-05-21 01:46:23.582105,Mac Failed Login,70,Medium,Mac Local System,2026-05-21 01:46:23.581 Df ecosystemd[6857:6614dc] [com.apple.xpc:connection] [0x906c89400] failed to do a bootstrap look-up: xpc_error=[159: Unknown error: 159]
2026-05-21 01:46:23.582253,Mac Failed Login,70,Medium,Mac Local System,2026-05-21 01:46:23.582 Df ecosystemd[6857:6614dc] [com.apple.xpc:connection] [0x906c89400] invalidated after a failed init
2026-05-21 01:46:23.583462,Mac Failed Login,70,Medium,Mac Local System,2026-05-21 01:46:23.583 E  ecosystemd[6857:6614dc] (EcosystemAnalytics) EcosystemAnalytics.framework:RosettaCoordinator: getCodeSignatureInfo: SecStaticCodeCreate Failed url: <private>
2026-05-21 01:46:26.099909,Mac Failed Login,70,Medium,Mac Local System,2026-05-21 01:46:26.099 E  Dock[1319:27dc] [com.apple.windowmanager:xpc] Failed to acquire remote transition coordination from WindowManager: WindowManager.AdminXPCConnectionError (1) <private>
2026-05-21 01:46:26.100550,Mac Failed Login,70,Medium,Mac Local System,2026-05-21 01:46:26.100 E  Dock[1319:27dc] [com.apple.dock:windowmanager] Failed to acquire transition coordinator from WindowManager: WindowManager.AdminXPCConnectionError (1) <private>
2026-05-21 01:46:26.116610,Mac Failed Login,70,Medium,Mac Local System,2026-05-21 01:46:26.116 Df WindowServer[603:1050] [com.apple.SkyLight:default] pid 944 failed to act on a ping it dequeued before timing out.
2026-05-21 01:46:26.152857,Mac Failed Login,70,Medium,Mac Local System,2026-05-21 01:46:26.152 Df Dock[1319:27dc] [com.apple.dock:dock-visibility] Space Forces Hidden: 1 <FullscreenSpace: 0xa234ba400> {uuid=D87A256E-D313-45EF-BE17-A28C0795CC82 fullscreen=true space=CGSSpace(spid: 3213)} {tiles=[<TileSpace: 0x0000000a23365860> {orig-uuid= pid=72979 appName=Code name=mac_failed_login_monitor.py — Threat-Intelligence-System space=CGSSpace(spid: 3215)}]
2026-05-21 01:46:26.591314,Mac Failed Login,70,Medium,Mac Local System,2026-05-21 01:46:26.582 Df Dock[1319:27dc] [com.apple.dock:dock-visibility] Space Forces Hidden: 1 <FullscreenSpace: 0xa234ba400> {uuid=D87A256E-D313-45EF-BE17-A28C0795CC82 fullscreen=true space=CGSSpace(spid: 3213)} {tiles=[<TileSpace: 0x0000000a23365860> {orig-uuid= pid=72979 appName=Code name=mac_failed_login_monitor.py — Threat-Intelligence-System space=CGSSpace(spid: 3215)}]
2026-05-21 01:46:27.609011,Mac Failed Login,70,Medium,Mac Local System,2026-05-21 01:46:27.594 E  Dock[1319:27dc] [com.apple.windowmanager:xpc] Failed to acquire remote transition coordination from WindowManager: WindowManager.AdminXPCConnectionError (1) <private>
2026-05-21 01:46:27.612018,Mac Failed Login,70,Medium,Mac Local System,2026-05-21 01:46:27.594 E  Dock[1319:27dc] [com.apple.dock:windowmanager] Failed to acquire transition coordinator from WindowManager: WindowManager.AdminXPCConnectionError (1) <private>
2026-05-21 01:46:27.612558,Mac Failed Login,70,Medium,Mac Local System,2026-05-21 01:46:27.606 Df Dock[1319:27dc] [com.apple.dock:dock-visibility] Space Forces Hidden: 1 <FullscreenSpace: 0xa234ba400> {uuid=D87A256E-D313-45EF-BE17-A28C0795CC82 fullscreen=true space=CGSSpace(spid: 3213)} {tiles=[<TileSpace: 0x0000000a23365860> {orig-uuid= pid=72979 appName=Code name=mac_failed_login_monitor.py — Threat-Intelligence-System space=CGSSpace(spid: 3215)}]
2026-05-21 01:46:27.636539,Mac Failed Login,70,Medium,Mac Local System,2026-05-21 01:46:27.631 Df airportd[633:660bc8] [com.apple.WiFiManager:] [corewifi] @[3170491.184938] -[CWFXPCRequestProxy __apple80211WithVirtualInterfaceRole:parentInterfaceName:] (CWFXPCRequestProxy.m:5565) Failed to match cached interface (role=nan-data parent=(null))
2026-05-21 01:46:27.876069,Mac Failed Login,70,Medium,Mac Local System,"2026-05-21 01:46:27.875 E  AirPlayXPCHelper[592:6614c2] [com.apple.airplay:HTTPClientBTLE] Connect failed: CID 0x5D4F0000, Peer 192.168.1.203, -6722/0xFFFFE5BE kTimeoutErr"
2026-05-21 01:46:28.227669,Mac Failed Login,70,Medium,Mac Local System,2026-05-21 01:46:28.227 Df Dock[1319:27dc] [com.apple.dock:dock-visibility] Space Forces Hidden: 1 <FullscreenSpace: 0xa234ba400> {uuid=D87A256E-D313-45EF-BE17-A28C0795CC82 fullscreen=true space=CGSSpace(spid: 3213)} {tiles=[<TileSpace: 0x0000000a23365860> {orig-uuid= pid=72979 appName=Code name=mac_failed_login_monitor.py — Threat-Intelligence-System space=CGSSpace(spid: 3215)}]
2026-05-21 01:46:29.728384,Mac Failed Login,70,Medium,Mac Local System,2026-05-21 01:46:29.726 Df airportd[633:660bc8] [com.apple.WiFiManager:] [corewifi] @[3170493.281016] -[CWFXPCRequestProxy __apple80211WithVirtualInterfaceRole:parentInterfaceName:] (CWFXPCRequestProxy.m:5565) Failed to match cached interface (role=nan-data parent=(null))
2026-05-21 01:46:31.761173,Mac Failed Login,70,Medium,Mac Local System,2026-05-21 01:46:31.761 Df ecosystemanalyticsd[53070:660b6c] [com.apple.xpc:connection] [0xa56c7c640] failed to do a bootstrap look-up: xpc_error=[159: Unknown error: 159]
2026-05-21 01:46:31.761290,Mac Failed Login,70,Medium,Mac Local System,2026-05-21 01:46:31.761 Df ecosystemanalyticsd[53070:660b6c] [com.apple.xpc:connection] [0xa56c7c640] invalidated after a failed init
2026-05-21 01:46:31.762206,Mac Failed Login,70,Medium,Mac Local System,2026-05-21 01:46:31.762 E  ecosystemanalyticsd[53070:660b6c] (EcosystemAnalytics) EcosystemAnalytics.framework:RosettaCoordinator: getCodeSignatureInfo: SecStaticCodeCreate Failed url: <private>
2026-05-21 01:46:31.778645,Mac Failed Login,70,Medium,Mac Local System,2026-05-21 01:46:31.778 Df ecosystemanalyticsd[53070:660b6c] [com.apple.xpc:connection] [0xa56c7c640] failed to do a bootstrap look-up: xpc_error=[159: Unknown error: 159]
2026-05-21 01:46:31.778846,Mac Failed Login,70,Medium,Mac Local System,2026-05-21 01:46:31.778 Df ecosystemanalyticsd[53070:660b6c] [com.apple.xpc:connection] [0xa56c7c640] invalidated after a failed init
2026-05-21 01:46:31.779218,Mac Failed Login,70,Medium,Mac Local System,2026-05-21 01:46:31.778 Df ecosystemd[6857:6614dc] [com.apple.xpc:connection] [0x906c89400] failed to do a bootstrap look-up: xpc_error=[159: Unknown error: 159]
2026-05-21 01:46:31.779373,Mac Failed Login,70,Medium,Mac Local System,2026-05-21 01:46:31.778 Df ecosystemd[6857:6614dc] [com.apple.xpc:connection] [0x906c89400] invalidated after a failed init
2026-05-21 01:46:31.780244,Mac Failed Login,70,Medium,Mac Local System,2026-05-21 01:46:31.780 E  ecosystemanalyticsd[53070:660b6c] (EcosystemAnalytics) EcosystemAnalytics.framework:RosettaCoordinator: getCodeSignatureInfo: SecStaticCodeCreate Failed url: <private>
2026-05-21 01:46:31.792275,Mac Failed Login,70,Medium,Mac Local System,2026-05-21 01:46:31.792 Df ecosystemanalyticsd[53070:660b6c] [com.apple.xpc:connection] [0xa56c7c640] failed to do a bootstrap look-up: xpc_error=[159: Unknown error: 159]
2026-05-21 01:46:31.792350,Mac Failed Login,70,Medium,Mac Local System,2026-05-21 01:46:31.792 Df ecosystemanalyticsd[53070:660b6c] [com.apple.xpc:connection] [0xa56c7c640] invalidated after a failed init
2026-05-21 01:46:31.793284,Mac Failed Login,70,Medium,Mac Local System,2026-05-21 01:46:31.793 E  ecosystemanalyticsd[53070:660b6c] (EcosystemAnalytics) EcosystemAnalytics.framework:RosettaCoordinator: getCodeSignatureInfo: SecStaticCodeCreate Failed url: <private>
2026-05-21 01:46:31.798025,Mac Failed Login,70,Medium,Mac Local System,2026-05-21 01:46:31.797 Df ecosystemd[6857:6614dc] [com.apple.xpc:connection] [0x906c89400] failed to do a bootstrap look-up: xpc_error=[159: Unknown error: 159]
2026-05-21 01:46:31.798206,Mac Failed Login,70,Medium,Mac Local System,2026-05-21 01:46:31.798 Df ecosystemd[6857:6614dc] [com.apple.xpc:connection] [0x906c89400] invalidated after a failed init
2026-05-21 01:46:31.801832,Mac Failed Login,70,Medium,Mac Local System,2026-05-21 01:46:31.801 Df ecosystemanalyticsd[53070:660b6c] [com.apple.xpc:connection] [0xa56c7c640] failed to do a bootstrap look-up: xpc_error=[159: Unknown error: 159]
2026-05-21 01:46:31.801898,Mac Failed Login,70,Medium,Mac Local System,2026-05-21 01:46:31.801 Df ecosystemanalyticsd[53070:660b6c] [com.apple.xpc:connection] [0xa56c7c640] invalidated after a failed init
2026-05-21 01:46:31.802663,Mac Failed Login,70,Medium,Mac Local System,2026-05-21 01:46:31.802 E  ecosystemanalyticsd[53070:660b6c] (EcosystemAnalytics) EcosystemAnalytics.framework:RosettaCoordinator: getCodeSignatureInfo: SecStaticCodeCreate Failed url: <private>
2026-05-21 01:46:31.818191,Mac Failed Login,70,Medium,Mac Local System,2026-05-21 01:46:31.818 Df ecosystemanalyticsd[53070:660b6c] [com.apple.xpc:connection] [0xa56c7c640] failed to do a bootstrap look-up: xpc_error=[159: Unknown error: 159]
2026-05-21 01:46:31.818237,Mac Failed Login,70,Medium,Mac Local System,2026-05-21 01:46:31.818 Df ecosystemanalyticsd[53070:660b6c] [com.apple.xpc:connection] [0xa56c7c640] invalidated after a failed init
2026-05-21 01:46:31.818313,Mac Failed Login,70,Medium,Mac Local System,2026-05-21 01:46:31.818 Df ecosystemd[6857:6614dc] [com.apple.xpc:connection] [0x906c89400] failed to do a bootstrap look-up: xpc_error=[159: Unknown error: 159]
2026-05-21 01:46:31.818341,Mac Failed Login,70,Medium,Mac Local System,2026-05-21 01:46:31.818 Df ecosystemd[6857:6614dc] [com.apple.xpc:connection] [0x906c89400] invalidated after a failed init
2026-05-21 01:46:31.818905,Mac Failed Login,70,Medium,Mac Local System,2026-05-21 01:46:31.818 E  ecosystemanalyticsd[53070:660b6c] (EcosystemAnalytics) EcosystemAnalytics.framework:RosettaCoordinator: getCodeSignatureInfo: SecStaticCodeCreate Failed url: <private>
2026-05-21 01:46:31.825184,Mac Failed Login,70,Medium,Mac Local System,2026-05-21 01:46:31.825 Df ecosystemanalyticsd[53070:660b6c] [com.apple.xpc:connection] [0xa56c7c640] failed to do a bootstrap look-up: xpc_error=[159: Unknown error: 159]
2026-05-21 01:46:31.825245,Mac Failed Login,70,Medium,Mac Local System,2026-05-21 01:46:31.825 Df ecosystemanalyticsd[53070:660b6c] [com.apple.xpc:connection] [0xa56c7c640] invalidated after a failed init
2026-05-21 01:46:31.826089,Mac Failed Login,70,Medium,Mac Local System,2026-05-21 01:46:31.825 E  ecosystemanalyticsd[53070:660b6c] (EcosystemAnalytics) EcosystemAnalytics.framework:RosettaCoordinator: getCodeSignatureInfo: SecStaticCodeCreate Failed url: <private>
2026-05-21 01:46:31.829564,Mac Failed Login,70,Medium,Mac Local System,2026-05-21 01:46:31.829 Df ecosystemd[6857:6614dc] [com.apple.xpc:connection] [0x906c89400] failed to do a bootstrap look-up: xpc_error=[159: Unknown error: 159]
2026-05-21 01:46:31.829599,Mac Failed Login,70,Medium,Mac Local System,2026-05-21 01:46:31.829 Df ecosystemd[6857:6614dc] [com.apple.xpc:connection] [0x906c89400] invalidated after a failed init
2026-05-21 01:46:31.835961,Mac Failed Login,70,Medium,Mac Local System,2026-05-21 01:46:31.835 Df ecosystemanalyticsd[53070:660b6c] [com.apple.xpc:connection] [0xa56c7c640] failed to do a bootstrap look-up: xpc_error=[159: Unknown error: 159]
2026-05-21 01:46:31.836025,Mac Failed Login,70,Medium,Mac Local System,2026-05-21 01:46:31.835 Df ecosystemanalyticsd[53070:660b6c] [com.apple.xpc:connection] [0xa56c7c640] invalidated after a failed init
2026-05-21 01:46:31.836714,Mac Failed Login,70,Medium,Mac Local System,2026-05-21 01:46:31.836 E  ecosystemanalyticsd[53070:660b6c] (EcosystemAnalytics) EcosystemAnalytics.framework:RosettaCoordinator: getCodeSignatureInfo: SecStaticCodeCreate Failed url: <private>
2026-05-21 01:46:31.842848,Mac Failed Login,70,Medium,Mac Local System,2026-05-21 01:46:31.842 Df ecosystemanalyticsd[53070:660b6c] [com.apple.xpc:connection] [0xa56c7c640] failed to do a bootstrap look-up: xpc_error=[159: Unknown error: 159]
2026-05-21 01:46:31.842891,Mac Failed Login,70,Medium,Mac Local System,2026-05-21 01:46:31.842 Df ecosystemanalyticsd[53070:660b6c] [com.apple.xpc:connection] [0xa56c7c640] invalidated after a failed init
2026-05-21 01:46:31.843510,Mac Failed Login,70,Medium,Mac Local System,2026-05-21 01:46:31.843 E  ecosystemanalyticsd[53070:660b6c] (EcosystemAnalytics) EcosystemAnalytics.framework:RosettaCoordinator: getCodeSignatureInfo: SecStaticCodeCreate Failed url: <private>
2026-05-21 01:46:31.847207,Mac Failed Login,70,Medium,Mac Local System,2026-05-21 01:46:31.847 Df ecosystemd[6857:6614dc] [com.apple.xpc:connection] [0x906c89400] failed to do a bootstrap look-up: xpc_error=[159: Unknown error: 159]
2026-05-21 01:46:31.847312,Mac Failed Login,70,Medium,Mac Local System,2026-05-21 01:46:31.847 Df ecosystemd[6857:6614dc] [com.apple.xpc:connection] [0x906c89400] invalidated after a failed init
2026-05-21 01:46:31.858560,Mac Failed Login,70,Medium,Mac Local System,2026-05-21 01:46:31.858 Df ecosystemd[6857:6614dc] [com.apple.xpc:connection] [0x906c89400] failed to do a bootstrap look-up: xpc_error=[159: Unknown error: 159]
2026-05-21 01:46:31.858702,Mac Failed Login,70,Medium,Mac Local System,2026-05-21 01:46:31.858 Df ecosystemd[6857:6614dc] [com.apple.xpc:connection] [0x906c89400] invalidated after a failed init
2026-05-21 01:46:31.875860,Mac Failed Login,70,Medium,Mac Local System,2026-05-21 01:46:31.875 Df ecosystemd[6857:6614dc] [com.apple.xpc:connection] [0x906c89400] failed to do a bootstrap look-up: xpc_error=[159: Unknown error: 159]
2026-05-21 01:46:31.875904,Mac Failed Login,70,Medium,Mac Local System,2026-05-21 01:46:31.875 Df ecosystemd[6857:6614dc] [com.apple.xpc:connection] [0x906c89400] invalidated after a failed init
2026-05-21 01:46:31.887233,Mac Failed Login,70,Medium,Mac Local System,2026-05-21 01:46:31.887 Df ecosystemd[6857:6614dc] [com.apple.xpc:connection] [0x906c89400] failed to do a bootstrap look-up: xpc_error=[159: Unknown error: 159]
2026-05-21 01:46:31.887274,Mac Failed Login,70,Medium,Mac Local System,2026-05-21 01:46:31.887 Df ecosystemd[6857:6614dc] [com.apple.xpc:connection] [0x906c89400] invalidated after a failed init
2026-05-21 01:46:37.885526,Mac Failed Login,70,Medium,Mac Local System,2026-05-21 01:46:37.885 Df WindowServer[603:1050] [com.apple.SkyLight:default] pid 944 failed to act on a ping it dequeued before timing out.
2026-05-21 01:49:21.683812,Mac Failed Login,70,Medium,Mac Local System,"Filtering the log data using ""process == ""sudo"" AND composedMessage CONTAINS[c] ""incorrect password"""""
2026-05-21 01:55:56.136641,Mac Failed Login,70,Medium,Mac Local System,Failed login attempt 1
2026-05-21 01:55:58.817048,Mac Failed Login,70,Medium,Mac Local System,Failed login attempt 2
