time,attack_type,process_name,pid,risk_score,risk_level,source,details
2026-05-21 11:53:09.631408,Suspicious Process Execution,launchd,1,85,High,Mac Real-Time Agent,N/A
2026-05-21 11:53:09.632283,Suspicious Process Execution,launchservicesd,566,85,High,Mac Real-Time Agent,N/A
2026-05-21 11:53:09.633558,Suspicious Process Execution,audioclocksyncd,664,85,High,Mac Real-Time Agent,N/A
2026-05-21 11:53:09.634375,Suspicious Process Execution,pet,845,85,High,Mac Real-Time Agent,N/A
2026-05-21 11:53:09.634480,Suspicious Process Execution,zsh,866,85,High,Mac Real-Time Agent,N/A
2026-05-21 11:53:09.634797,Suspicious Process Execution,universalaccessd,944,85,High,Mac Real-Time Agent,N/A
2026-05-21 11:53:09.635444,Suspicious Process Execution,CMFSyncAgent,1026,85,High,Mac Real-Time Agent,N/A
2026-05-21 11:53:09.635896,Suspicious Process Execution,NotificationCenter,1115,85,High,Mac Real-Time Agent,N/A
2026-05-21 11:53:09.636277,Suspicious Process Execution,Code Helper (Plugin),1203,85,High,Mac Real-Time Agent,N/A
2026-05-21 11:53:09.636383,Suspicious Process Execution,ShortcutsWidgetExtension,1208,85,High,Mac Real-Time Agent,N/A
2026-05-21 11:53:09.636470,Suspicious Process Execution,WindowManagerControlsExtension,1219,85,High,Mac Real-Time Agent,N/A
2026-05-21 11:53:09.636565,Suspicious Process Execution,WallpaperControlsExtension,1224,85,High,Mac Real-Time Agent,N/A
2026-05-21 11:53:09.636730,Suspicious Process Execution,PhotosReliveWidget,1228,85,High,Mac Real-Time Agent,N/A
2026-05-21 11:53:09.636852,Suspicious Process Execution,FindMyWidgetItems,1233,85,High,Mac Real-Time Agent,N/A
2026-05-21 11:53:09.636991,Suspicious Process Execution,avconferenced,1240,85,High,Mac Real-Time Agent,N/A
2026-05-21 11:53:09.637095,Suspicious Process Execution,DockControls,1247,85,High,Mac Real-Time Agent,N/A
2026-05-21 11:53:09.637168,Suspicious Process Execution,PodcastsWidget,1249,85,High,Mac Real-Time Agent,N/A
2026-05-21 11:53:09.637257,Suspicious Process Execution,PrintCenterWidgetExtension.macOS,1252,85,High,Mac Real-Time Agent,N/A
2026-05-21 11:53:09.637371,Suspicious Process Execution,TipsWidgetExtension,1256,85,High,Mac Real-Time Agent,N/A
2026-05-21 11:53:09.637453,Suspicious Process Execution,CalendarWidgetExtension,1257,85,High,Mac Real-Time Agent,N/A
2026-05-21 11:53:09.637532,Suspicious Process Execution,RemindersWidgetExtension,1263,85,High,Mac Real-Time Agent,N/A
2026-05-21 11:53:09.637648,Suspicious Process Execution,SafariWidgetExtension,1267,85,High,Mac Real-Time Agent,N/A
2026-05-21 11:53:09.637729,Suspicious Process Execution,ShortcutLiveActivityWidgetExtension,1272,85,High,Mac Real-Time Agent,N/A
2026-05-21 11:53:09.637807,Suspicious Process Execution,com.apple.Notes.WidgetExtension,1279,85,High,Mac Real-Time Agent,N/A
2026-05-21 11:53:09.638041,Suspicious Process Execution,WeatherWidget,1303,85,High,Mac Real-Time Agent,N/A
2026-05-21 11:53:09.638226,Suspicious Process Execution,FindMyWidgetPeople,1308,85,High,Mac Real-Time Agent,N/A
2026-05-21 11:53:09.638306,Suspicious Process Execution,JournalWidgetsSecure,1313,85,High,Mac Real-Time Agent,N/A
2026-05-21 11:53:09.638681,Suspicious Process Execution,AMPDeviceDiscoveryAgent,1336,85,High,Mac Real-Time Agent,N/A
2026-05-21 11:53:09.638798,Suspicious Process Execution,WallpaperAerialsExtension,1346,85,High,Mac Real-Time Agent,N/A
2026-05-21 11:53:09.638871,Suspicious Process Execution,imklaunchagent,1347,85,High,Mac Real-Time Agent,N/A
2026-05-21 11:53:09.638993,Suspicious Process Execution,com.apple.CloudDocs.iCloudDriveFileProvider,1352,85,High,Mac Real-Time Agent,N/A
2026-05-21 11:53:09.639104,Suspicious Process Execution,WallpaperImageExtension,1354,85,High,Mac Real-Time Agent,N/A
2026-05-21 11:53:09.639214,Suspicious Process Execution,ScreenTimeWidgetExtension,1371,85,High,Mac Real-Time Agent,N/A
2026-05-21 11:53:09.639355,Suspicious Process Execution,HomeWidget,1387,85,High,Mac Real-Time Agent,N/A
2026-05-21 11:53:09.639434,Suspicious Process Execution,BatteriesAvocadoWidgetExtension,1388,85,High,Mac Real-Time Agent,N/A
2026-05-21 11:53:09.639512,Suspicious Process Execution,WorldClockWidget,1390,85,High,Mac Real-Time Agent,N/A
2026-05-21 11:53:09.639724,Suspicious Process Execution,HomeEnergyWidgetsExtension,1398,85,High,Mac Real-Time Agent,N/A
2026-05-21 11:53:09.639839,Suspicious Process Execution,VoiceMemosSettingsWidgetExtension,1399,85,High,Mac Real-Time Agent,N/A
2026-05-21 11:53:09.639910,Suspicious Process Execution,JournalWidgets,1400,85,High,Mac Real-Time Agent,N/A
2026-05-21 11:53:09.640018,Suspicious Process Execution,StocksWidget,1403,85,High,Mac Real-Time Agent,N/A
2026-05-21 11:53:09.640098,Suspicious Process Execution,RecordWidgetExtension,1405,85,High,Mac Real-Time Agent,N/A
2026-05-21 11:53:09.640211,Suspicious Process Execution,AMPLibraryAgent,1442,85,High,Mac Real-Time Agent,N/A
2026-05-21 11:53:09.640510,Suspicious Process Execution,UserNotificationCenter,1499,85,High,Mac Real-Time Agent,N/A
2026-05-21 11:53:09.640922,Suspicious Process Execution,AirPlayUIAgent,1659,85,High,Mac Real-Time Agent,N/A
2026-05-21 11:53:09.641185,Suspicious Process Execution,PeopleWidget_macOSExtension,1738,85,High,Mac Real-Time Agent,N/A
2026-05-21 11:53:09.641316,Suspicious Process Execution,NeptuneOneWallpaper,1740,85,High,Mac Real-Time Agent,N/A
2026-05-21 11:53:09.641439,Suspicious Process Execution,WallpaperLegacyExtension,1741,85,High,Mac Real-Time Agent,N/A
2026-05-21 11:53:09.641532,Suspicious Process Execution,WallpaperMacintoshExtension,1742,85,High,Mac Real-Time Agent,N/A
2026-05-21 11:53:09.641615,Suspicious Process Execution,WallpaperGradientExtension,1743,85,High,Mac Real-Time Agent,N/A
2026-05-21 11:53:09.641696,Suspicious Process Execution,WallpaperSequoiaExtension,1744,85,High,Mac Real-Time Agent,N/A
2026-05-21 11:53:09.641778,Suspicious Process Execution,WallpaperSonomaExtension,1745,85,High,Mac Real-Time Agent,N/A
2026-05-21 11:53:09.641856,Suspicious Process Execution,WallpaperDynamicExtension,1746,85,High,Mac Real-Time Agent,N/A
2026-05-21 11:53:09.641990,Suspicious Process Execution,Python,1899,85,High,Mac Real-Time Agent,N/A
2026-05-21 11:53:09.642168,Suspicious Process Execution,Python,2100,85,High,Mac Real-Time Agent,N/A
2026-05-21 11:53:09.642268,Suspicious Process Execution,Python,2476,85,High,Mac Real-Time Agent,N/A
2026-05-21 11:53:09.642354,Suspicious Process Execution,Brave Browser Helper (Renderer),2575,85,High,Mac Real-Time Agent,N/A
2026-05-21 11:53:09.642501,Suspicious Process Execution,Brave Browser Helper (Renderer),2910,85,High,Mac Real-Time Agent,N/A
2026-05-21 11:53:09.642584,Suspicious Process Execution,Brave Browser Helper (Renderer),2923,85,High,Mac Real-Time Agent,N/A
2026-05-21 11:53:09.642671,Suspicious Process Execution,Brave Browser Helper (Renderer),2930,85,High,Mac Real-Time Agent,N/A
2026-05-21 11:53:09.642859,Suspicious Process Execution,IMAutomaticHistoryDeletionAgent,3084,85,High,Mac Real-Time Agent,N/A
2026-05-21 11:53:09.642928,Suspicious Process Execution,Python,4291,85,High,Mac Real-Time Agent,N/A
2026-05-21 11:53:09.643393,Suspicious Process Execution,Python,6603,85,High,Mac Real-Time Agent,N/A
2026-05-21 11:53:09.643660,Suspicious Process Execution,ScreenshotControls,6768,85,High,Mac Real-Time Agent,N/A
2026-05-21 11:53:09.643788,Suspicious Process Execution,Google Chrome Helper (Renderer),7019,85,High,Mac Real-Time Agent,N/A
2026-05-21 11:53:09.644078,Suspicious Process Execution,liveactivitiesd,8417,85,High,Mac Real-Time Agent,N/A
2026-05-21 11:53:09.644216,Suspicious Process Execution,Python,9377,85,High,Mac Real-Time Agent,N/A
2026-05-21 11:53:09.644358,Suspicious Process Execution,Python,9611,85,High,Mac Real-Time Agent,N/A
2026-05-21 11:53:09.644511,Suspicious Process Execution,Python,11008,85,High,Mac Real-Time Agent,N/A
2026-05-21 11:53:09.644580,Suspicious Process Execution,log,11009,85,High,Mac Real-Time Agent,N/A
2026-05-21 11:53:09.644708,Suspicious Process Execution,Python,11210,85,High,Mac Real-Time Agent,N/A
2026-05-21 11:53:09.644776,Suspicious Process Execution,log,11211,85,High,Mac Real-Time Agent,N/A
2026-05-21 11:53:09.644858,Suspicious Process Execution,Brave Browser Helper (Renderer),11436,85,High,Mac Real-Time Agent,N/A
2026-05-21 11:53:09.644926,Suspicious Process Execution,Python,11952,85,High,Mac Real-Time Agent,N/A
2026-05-21 11:53:09.645029,Suspicious Process Execution,Python,12123,85,High,Mac Real-Time Agent,N/A
2026-05-21 11:53:09.645132,Suspicious Process Execution,Python,12251,85,High,Mac Real-Time Agent,N/A
2026-05-21 11:53:09.645280,Suspicious Process Execution,Python,12840,85,High,Mac Real-Time Agent,N/A
2026-05-21 11:53:09.645355,Suspicious Process Execution,log,12841,85,High,Mac Real-Time Agent,N/A
2026-05-21 11:53:09.645460,Suspicious Process Execution,Python,13078,85,High,Mac Real-Time Agent,N/A
2026-05-21 11:53:09.645586,Suspicious Process Execution,log,13079,85,High,Mac Real-Time Agent,N/A
2026-05-21 11:53:09.645669,Suspicious Process Execution,Python,13315,85,High,Mac Real-Time Agent,N/A
2026-05-21 11:53:09.645748,Suspicious Process Execution,log,13316,85,High,Mac Real-Time Agent,N/A
2026-05-21 11:53:09.645929,Suspicious Process Execution,zsh,14038,85,High,Mac Real-Time Agent,N/A
2026-05-21 11:53:09.646080,Suspicious Process Execution,Python,14325,85,High,Mac Real-Time Agent,N/A
2026-05-21 11:53:09.646223,Suspicious Process Execution,Python,15186,85,High,Mac Real-Time Agent,N/A
2026-05-21 11:53:09.646333,Suspicious Process Execution,Python,15686,85,High,Mac Real-Time Agent,N/A
2026-05-21 11:53:09.646406,Suspicious Process Execution,Python,16116,85,High,Mac Real-Time Agent,N/A
2026-05-21 11:53:09.646517,Suspicious Process Execution,Python,16251,85,High,Mac Real-Time Agent,N/A
2026-05-21 11:53:09.648225,Suspicious Process Execution,SafariBookmarksSyncAgent,18858,85,High,Mac Real-Time Agent,N/A
2026-05-21 11:53:09.648402,Suspicious Process Execution,zsh,18872,85,High,Mac Real-Time Agent,N/A
2026-05-21 11:53:09.648486,Suspicious Process Execution,powerexperienced,18950,85,High,Mac Real-Time Agent,N/A
2026-05-21 11:53:09.648606,Suspicious Process Execution,Brave Browser Helper (Renderer),19029,85,High,Mac Real-Time Agent,N/A
2026-05-21 11:53:09.649392,Suspicious Process Execution,Python,19821,85,High,Mac Real-Time Agent,N/A
2026-05-21 11:53:09.649643,Suspicious Process Execution,PaperKitExtension,42173,85,High,Mac Real-Time Agent,N/A
2026-05-21 11:53:09.649761,Suspicious Process Execution,Google Chrome Helper (Renderer),47927,85,High,Mac Real-Time Agent,N/A
2026-05-21 11:53:09.649851,Suspicious Process Execution,Google Chrome Helper (Renderer),47932,85,High,Mac Real-Time Agent,N/A
2026-05-21 11:53:09.649976,Suspicious Process Execution,IMDPersistenceAgent,52138,85,High,Mac Real-Time Agent,N/A
2026-05-21 11:53:09.650297,Suspicious Process Execution,python3.13,60144,85,High,Mac Real-Time Agent,N/A
2026-05-21 11:53:09.650810,Suspicious Process Execution,Code Helper (GPU),72991,85,High,Mac Real-Time Agent,N/A
2026-05-21 11:53:09.650901,Suspicious Process Execution,Code Helper,72992,85,High,Mac Real-Time Agent,N/A
2026-05-21 11:53:09.650993,Suspicious Process Execution,Code Helper,73003,85,High,Mac Real-Time Agent,N/A
2026-05-21 11:53:09.651087,Suspicious Process Execution,Code Helper,73179,85,High,Mac Real-Time Agent,N/A
2026-05-21 11:53:09.651294,Suspicious Process Execution,Brave Browser Helper,76076,85,High,Mac Real-Time Agent,N/A
2026-05-21 11:53:09.651486,Suspicious Process Execution,Brave Browser Helper (Renderer),76083,85,High,Mac Real-Time Agent,N/A
2026-05-21 11:53:09.651645,Suspicious Process Execution,Brave Browser Helper (Renderer),76095,85,High,Mac Real-Time Agent,N/A
2026-05-21 11:53:09.651742,Suspicious Process Execution,Brave Browser Helper (Renderer),76138,85,High,Mac Real-Time Agent,N/A
2026-05-21 11:53:09.651832,Suspicious Process Execution,Brave Browser Helper (Renderer),76139,85,High,Mac Real-Time Agent,N/A
2026-05-21 11:53:09.651968,Suspicious Process Execution,Brave Browser Helper (Renderer),76252,85,High,Mac Real-Time Agent,N/A
2026-05-21 11:53:09.652104,Suspicious Process Execution,Google Chrome Helper (Renderer),76541,85,High,Mac Real-Time Agent,N/A
2026-05-21 11:53:09.652191,Suspicious Process Execution,Brave Browser Helper (Renderer),76614,85,High,Mac Real-Time Agent,N/A
2026-05-21 11:53:09.652276,Suspicious Process Execution,Brave Browser Helper (Renderer),76615,85,High,Mac Real-Time Agent,N/A
2026-05-21 11:53:09.652362,Suspicious Process Execution,Brave Browser Helper (Renderer),76732,85,High,Mac Real-Time Agent,N/A
2026-05-21 11:53:09.652446,Suspicious Process Execution,Brave Browser Helper (Renderer),76742,85,High,Mac Real-Time Agent,N/A
2026-05-21 11:53:09.652569,Suspicious Process Execution,Brave Browser Helper (Renderer),76745,85,High,Mac Real-Time Agent,N/A
2026-05-21 11:53:09.652656,Suspicious Process Execution,Brave Browser Helper (Renderer),76746,85,High,Mac Real-Time Agent,N/A
2026-05-21 11:53:09.652743,Suspicious Process Execution,Brave Browser Helper (Renderer),76762,85,High,Mac Real-Time Agent,N/A
2026-05-21 11:53:09.652829,Suspicious Process Execution,Brave Browser Helper (Renderer),76835,85,High,Mac Real-Time Agent,N/A
2026-05-21 11:53:09.652915,Suspicious Process Execution,Brave Browser Helper (Renderer),76837,85,High,Mac Real-Time Agent,N/A
2026-05-21 11:53:09.653001,Suspicious Process Execution,Brave Browser Helper (Renderer),76846,85,High,Mac Real-Time Agent,N/A
2026-05-21 11:53:09.653086,Suspicious Process Execution,Brave Browser Helper (Renderer),76917,85,High,Mac Real-Time Agent,N/A
2026-05-21 11:53:09.653210,Suspicious Process Execution,Brave Browser Helper (Renderer),77084,85,High,Mac Real-Time Agent,N/A
2026-05-21 11:53:09.653319,Suspicious Process Execution,mdsync,84827,85,High,Mac Real-Time Agent,N/A
2026-05-21 11:53:09.653478,Suspicious Process Execution,Brave Browser Helper (Renderer),88525,85,High,Mac Real-Time Agent,N/A
2026-05-21 11:53:09.653563,Suspicious Process Execution,Brave Browser Helper (Renderer),88735,85,High,Mac Real-Time Agent,N/A
2026-05-21 11:53:09.653687,Suspicious Process Execution,Brave Browser Helper (Renderer),89059,85,High,Mac Real-Time Agent,N/A
2026-05-21 11:53:09.653775,Suspicious Process Execution,Brave Browser Helper (Renderer),89329,85,High,Mac Real-Time Agent,N/A
2026-05-21 11:53:09.653867,Suspicious Process Execution,Brave Browser Helper (Renderer),89482,85,High,Mac Real-Time Agent,N/A
2026-05-21 11:53:09.654026,Suspicious Process Execution,Google Chrome Helper,89893,85,High,Mac Real-Time Agent,N/A
2026-05-21 11:53:09.654200,Suspicious Process Execution,Google Chrome Helper (Renderer),89934,85,High,Mac Real-Time Agent,N/A
2026-05-21 11:53:09.654415,Suspicious Process Execution,Brave Browser Helper (Renderer),90160,85,High,Mac Real-Time Agent,N/A
2026-05-21 11:53:09.654831,Suspicious Process Execution,Brave Browser Helper (Renderer),93134,85,High,Mac Real-Time Agent,N/A
2026-05-21 11:53:09.654995,Suspicious Process Execution,Brave Browser Helper (Renderer),94263,85,High,Mac Real-Time Agent,N/A
2026-05-21 11:53:09.655247,Suspicious Process Execution,Brave Browser Helper (Renderer),95297,85,High,Mac Real-Time Agent,N/A
2026-05-21 11:53:09.655371,Suspicious Process Execution,Brave Browser Helper (Renderer),95812,85,High,Mac Real-Time Agent,N/A
2026-05-21 11:53:09.655627,Suspicious Process Execution,syncdefaultsd,96455,85,High,Mac Real-Time Agent,N/A
2026-05-21 11:53:09.655724,Suspicious Process Execution,routined,96708,85,High,Mac Real-Time Agent,N/A
2026-05-21 11:53:09.655874,Suspicious Process Execution,Siri,98579,85,High,Mac Real-Time Agent,N/A
2026-05-21 11:53:09.656269,Suspicious Process Execution,SiriNCService,98661,85,High,Mac Real-Time Agent,N/A
2026-05-21 11:53:09.656654,Suspicious Process Execution,Brave Browser Helper (Renderer),98821,85,High,Mac Real-Time Agent,N/A
2026-05-21 11:53:09.656758,Suspicious Process Execution,Brave Browser Helper (Renderer),98823,85,High,Mac Real-Time Agent,N/A
2026-05-21 11:53:09.657018,Suspicious Process Execution,IntelligencePlatformComputeService,98929,85,High,Mac Real-Time Agent,N/A
2026-05-21 11:53:09.657478,Suspicious Process Execution,Code Helper (Renderer),99424,85,High,Mac Real-Time Agent,N/A
2026-05-21 11:53:09.657690,Suspicious Process Execution,Code Helper,99433,85,High,Mac Real-Time Agent,N/A
2026-05-21 11:53:09.658210,Suspicious Process Execution,Code Helper (Plugin),99434,85,High,Mac Real-Time Agent,N/A
2026-05-21 11:53:09.658369,Suspicious Process Execution,zsh,99472,85,High,Mac Real-Time Agent,N/A
2026-05-21 11:53:43.115260,Suspicious Process Execution,python3.13,19843,85,High,Mac Real-Time Agent,N/A
2026-05-21 11:53:52.225455,Suspicious Process Execution,intelligencecontextd,19855,85,High,Mac Real-Time Agent,N/A
2026-05-21 11:53:52.226919,Suspicious Process Execution,intelligenceplatformd,19869,85,High,Mac Real-Time Agent,N/A
2026-05-21 11:54:01.345561,Suspicious Process Execution,python3.13,19896,85,High,Mac Real-Time Agent,N/A
2026-05-21 11:54:04.389317,Suspicious Process Execution,zsh,19899,85,High,Mac Real-Time Agent,N/A
2026-05-21 11:54:43.970050,Suspicious Process Execution,python3.13,19970,85,High,Mac Real-Time Agent,N/A
2026-05-21 11:55:29.612185,Suspicious Process Execution,screencaptureui,20078,85,High,Mac Real-Time Agent,N/A
2026-05-21 11:55:35.673706,Suspicious Process Execution,python3.9,20084,85,High,Mac Real-Time Agent,N/A
2026-05-21 11:55:35.674521,Suspicious Process Execution,python3.9,20085,85,High,Mac Real-Time Agent,N/A
2026-05-21 12:05:22.061861,Suspicious Command Execution,Python,21579,85,High,Mac Real-Time Agent,N/A
2026-05-21 12:22:46.829218,Suspicious Process Execution,launchd,1,85,High,Mac Real-Time Agent,Detected suspicious keyword: nc
2026-05-21 12:22:46.830259,Suspicious Process Execution,launchservicesd,566,85,High,Mac Real-Time Agent,Detected suspicious keyword: nc
2026-05-21 12:22:46.831594,Suspicious Process Execution,audioclocksyncd,664,85,High,Mac Real-Time Agent,Detected suspicious keyword: nc
2026-05-21 12:22:46.832800,Suspicious Process Execution,universalaccessd,944,85,High,Mac Real-Time Agent,Detected suspicious keyword: nc
2026-05-21 12:22:46.833507,Suspicious Process Execution,CMFSyncAgent,1026,85,High,Mac Real-Time Agent,Detected suspicious keyword: nc
2026-05-21 12:22:46.833975,Suspicious Process Execution,NotificationCenter,1115,85,High,Mac Real-Time Agent,Detected suspicious keyword: nc
2026-05-21 12:22:46.834406,Suspicious Process Execution,Code Helper (Plugin),1203,85,High,Mac Real-Time Agent,Detected suspicious keyword: nc
2026-05-21 12:22:46.834518,Suspicious Process Execution,ShortcutsWidgetExtension,1208,85,High,Mac Real-Time Agent,Detected suspicious keyword: nc
2026-05-21 12:22:46.834618,Suspicious Process Execution,WindowManagerControlsExtension,1219,85,High,Mac Real-Time Agent,Detected suspicious keyword: nc
2026-05-21 12:22:46.834709,Suspicious Process Execution,WallpaperControlsExtension,1224,85,High,Mac Real-Time Agent,Detected suspicious keyword: nc
2026-05-21 12:22:46.834861,Suspicious Process Execution,PhotosReliveWidget,1228,85,High,Mac Real-Time Agent,Detected suspicious keyword: nc
2026-05-21 12:22:46.834993,Suspicious Process Execution,FindMyWidgetItems,1233,85,High,Mac Real-Time Agent,Detected suspicious keyword: nc
2026-05-21 12:22:46.835146,Suspicious Process Execution,avconferenced,1240,85,High,Mac Real-Time Agent,Detected suspicious keyword: nc
2026-05-21 12:22:46.835268,Suspicious Process Execution,DockControls,1247,85,High,Mac Real-Time Agent,Detected suspicious keyword: nc
2026-05-21 12:22:46.835355,Suspicious Process Execution,PodcastsWidget,1249,85,High,Mac Real-Time Agent,Detected suspicious keyword: nc
2026-05-21 12:22:46.835441,Suspicious Process Execution,PrintCenterWidgetExtension.macOS,1252,85,High,Mac Real-Time Agent,Detected suspicious keyword: nc
2026-05-21 12:22:46.835560,Suspicious Process Execution,TipsWidgetExtension,1256,85,High,Mac Real-Time Agent,Detected suspicious keyword: nc
2026-05-21 12:22:46.835657,Suspicious Process Execution,CalendarWidgetExtension,1257,85,High,Mac Real-Time Agent,Detected suspicious keyword: nc
2026-05-21 12:22:46.835739,Suspicious Process Execution,RemindersWidgetExtension,1263,85,High,Mac Real-Time Agent,Detected suspicious keyword: nc
2026-05-21 12:22:46.835866,Suspicious Process Execution,SafariWidgetExtension,1267,85,High,Mac Real-Time Agent,Detected suspicious keyword: nc
2026-05-21 12:22:46.835948,Suspicious Process Execution,ShortcutLiveActivityWidgetExtension,1272,85,High,Mac Real-Time Agent,Detected suspicious keyword: nc
2026-05-21 12:22:46.836069,Suspicious Process Execution,com.apple.Notes.WidgetExtension,1279,85,High,Mac Real-Time Agent,Detected suspicious keyword: nc
2026-05-21 12:22:46.836404,Suspicious Process Execution,WeatherWidget,1303,85,High,Mac Real-Time Agent,Detected suspicious keyword: nc
2026-05-21 12:22:46.836658,Suspicious Process Execution,FindMyWidgetPeople,1308,85,High,Mac Real-Time Agent,Detected suspicious keyword: nc
2026-05-21 12:22:46.836790,Suspicious Process Execution,JournalWidgetsSecure,1313,85,High,Mac Real-Time Agent,Detected suspicious keyword: nc
2026-05-21 12:22:46.837162,Suspicious Process Execution,AMPDeviceDiscoveryAgent,1336,85,High,Mac Real-Time Agent,Detected suspicious keyword: nc
2026-05-21 12:22:46.837287,Suspicious Process Execution,WallpaperAerialsExtension,1346,85,High,Mac Real-Time Agent,Detected suspicious keyword: nc
2026-05-21 12:22:46.837489,Suspicious Process Execution,imklaunchagent,1347,85,High,Mac Real-Time Agent,Detected suspicious keyword: nc
2026-05-21 12:22:46.837664,Suspicious Process Execution,com.apple.CloudDocs.iCloudDriveFileProvider,1352,85,High,Mac Real-Time Agent,Detected suspicious keyword: nc
2026-05-21 12:22:46.837989,Suspicious Process Execution,WallpaperImageExtension,1354,85,High,Mac Real-Time Agent,Detected suspicious keyword: nc
2026-05-21 12:22:46.838448,Suspicious Process Execution,ScreenTimeWidgetExtension,1371,85,High,Mac Real-Time Agent,Detected suspicious keyword: nc
2026-05-21 12:22:46.838847,Suspicious Process Execution,HomeWidget,1387,85,High,Mac Real-Time Agent,Detected suspicious keyword: nc
2026-05-21 12:22:46.838986,Suspicious Process Execution,BatteriesAvocadoWidgetExtension,1388,85,High,Mac Real-Time Agent,Detected suspicious keyword: nc
2026-05-21 12:22:46.839088,Suspicious Process Execution,WorldClockWidget,1390,85,High,Mac Real-Time Agent,Detected suspicious keyword: nc
2026-05-21 12:22:46.839292,Suspicious Process Execution,HomeEnergyWidgetsExtension,1398,85,High,Mac Real-Time Agent,Detected suspicious keyword: nc
2026-05-21 12:22:46.839458,Suspicious Process Execution,VoiceMemosSettingsWidgetExtension,1399,85,High,Mac Real-Time Agent,Detected suspicious keyword: nc
2026-05-21 12:22:46.839609,Suspicious Process Execution,JournalWidgets,1400,85,High,Mac Real-Time Agent,Detected suspicious keyword: nc
2026-05-21 12:22:46.839777,Suspicious Process Execution,StocksWidget,1403,85,High,Mac Real-Time Agent,Detected suspicious keyword: nc
2026-05-21 12:22:46.839880,Suspicious Process Execution,RecordWidgetExtension,1405,85,High,Mac Real-Time Agent,Detected suspicious keyword: nc
2026-05-21 12:22:46.840006,Suspicious Process Execution,AMPLibraryAgent,1442,85,High,Mac Real-Time Agent,Detected suspicious keyword: nc
2026-05-21 12:22:46.840225,Suspicious Process Execution,UserNotificationCenter,1499,85,High,Mac Real-Time Agent,Detected suspicious keyword: nc
2026-05-21 12:22:46.840438,Suspicious Process Execution,AirPlayUIAgent,1659,85,High,Mac Real-Time Agent,Detected suspicious keyword: nc
2026-05-21 12:22:46.840571,Suspicious Process Execution,PeopleWidget_macOSExtension,1738,85,High,Mac Real-Time Agent,Detected suspicious keyword: nc
2026-05-21 12:22:46.840660,Suspicious Process Execution,NeptuneOneWallpaper,1740,85,High,Mac Real-Time Agent,Detected suspicious keyword: nc
2026-05-21 12:22:46.840765,Suspicious Process Execution,WallpaperLegacyExtension,1741,85,High,Mac Real-Time Agent,Detected suspicious keyword: nc
2026-05-21 12:22:46.840863,Suspicious Process Execution,WallpaperMacintoshExtension,1742,85,High,Mac Real-Time Agent,Detected suspicious keyword: nc
2026-05-21 12:22:46.840949,Suspicious Process Execution,WallpaperGradientExtension,1743,85,High,Mac Real-Time Agent,Detected suspicious keyword: nc
2026-05-21 12:22:46.841034,Suspicious Process Execution,WallpaperSequoiaExtension,1744,85,High,Mac Real-Time Agent,Detected suspicious keyword: nc
2026-05-21 12:22:46.841129,Suspicious Process Execution,WallpaperSonomaExtension,1745,85,High,Mac Real-Time Agent,Detected suspicious keyword: nc
2026-05-21 12:22:46.841233,Suspicious Process Execution,WallpaperDynamicExtension,1746,85,High,Mac Real-Time Agent,Detected suspicious keyword: nc
2026-05-21 12:22:46.841408,Suspicious Process Execution,Python,1899,85,High,Mac Real-Time Agent,Detected suspicious keyword: nc
2026-05-21 12:22:46.841706,Suspicious Process Execution,Python,2100,85,High,Mac Real-Time Agent,Detected suspicious keyword: nc
2026-05-21 12:22:46.841900,Suspicious Process Execution,Python,2476,85,High,Mac Real-Time Agent,Detected suspicious keyword: nc
2026-05-21 12:22:46.842047,Suspicious Process Execution,Brave Browser Helper (Renderer),2575,85,High,Mac Real-Time Agent,Detected suspicious keyword: nc
2026-05-21 12:22:46.842224,Suspicious Process Execution,Brave Browser Helper (Renderer),2910,85,High,Mac Real-Time Agent,Detected suspicious keyword: nc
2026-05-21 12:22:46.842328,Suspicious Process Execution,Brave Browser Helper (Renderer),2923,85,High,Mac Real-Time Agent,Detected suspicious keyword: nc
2026-05-21 12:22:46.842423,Suspicious Process Execution,Brave Browser Helper (Renderer),2930,85,High,Mac Real-Time Agent,Detected suspicious keyword: nc
2026-05-21 12:22:46.842636,Suspicious Process Execution,IMAutomaticHistoryDeletionAgent,3084,85,High,Mac Real-Time Agent,Detected suspicious keyword: nc
2026-05-21 12:22:46.842720,Suspicious Process Execution,Python,4291,85,High,Mac Real-Time Agent,Detected suspicious keyword: nc
2026-05-21 12:22:46.843179,Suspicious Process Execution,Python,6603,85,High,Mac Real-Time Agent,Detected suspicious keyword: nc
2026-05-21 12:22:46.843384,Suspicious Process Execution,ScreenshotControls,6768,85,High,Mac Real-Time Agent,Detected suspicious keyword: nc
2026-05-21 12:22:46.843514,Suspicious Process Execution,Google Chrome Helper (Renderer),7019,85,High,Mac Real-Time Agent,Detected suspicious keyword: nc
2026-05-21 12:22:46.843938,Suspicious Process Execution,Python,9377,85,High,Mac Real-Time Agent,Detected suspicious keyword: nc
2026-05-21 12:22:46.844130,Suspicious Process Execution,Python,9611,85,High,Mac Real-Time Agent,Detected suspicious keyword: nc
2026-05-21 12:22:46.844325,Suspicious Process Execution,log,11009,85,High,Mac Real-Time Agent,Detected suspicious keyword: nc
2026-05-21 12:22:46.844480,Suspicious Process Execution,log,11211,85,High,Mac Real-Time Agent,Detected suspicious keyword: nc
2026-05-21 12:22:46.844592,Suspicious Process Execution,Brave Browser Helper (Renderer),11436,85,High,Mac Real-Time Agent,Detected suspicious keyword: nc
2026-05-21 12:22:46.844673,Suspicious Process Execution,Python,11952,85,High,Mac Real-Time Agent,Detected suspicious keyword: nc
2026-05-21 12:22:46.844794,Suspicious Process Execution,Python,12123,85,High,Mac Real-Time Agent,Detected suspicious keyword: nc
2026-05-21 12:22:46.844903,Suspicious Process Execution,Python,12251,85,High,Mac Real-Time Agent,Detected suspicious keyword: nc
2026-05-21 12:22:46.845008,Suspicious Process Execution,log,12841,85,High,Mac Real-Time Agent,Detected suspicious keyword: nc
2026-05-21 12:22:46.845113,Suspicious Process Execution,log,13079,85,High,Mac Real-Time Agent,Detected suspicious keyword: nc
2026-05-21 12:22:46.845214,Suspicious Process Execution,log,13316,85,High,Mac Real-Time Agent,Detected suspicious keyword: nc
2026-05-21 12:22:46.845491,Suspicious Process Execution,Python,15186,85,High,Mac Real-Time Agent,Detected suspicious keyword: nc
2026-05-21 12:22:46.845635,Suspicious Process Execution,Python,16116,85,High,Mac Real-Time Agent,Detected suspicious keyword: nc
2026-05-21 12:22:46.845751,Suspicious Process Execution,Python,16251,85,High,Mac Real-Time Agent,Detected suspicious keyword: nc
2026-05-21 12:22:46.846173,Suspicious Process Execution,SafariBookmarksSyncAgent,18858,85,High,Mac Real-Time Agent,Detected suspicious keyword: nc
2026-05-21 12:22:46.846311,Suspicious Process Execution,Brave Browser Helper (Renderer),19029,85,High,Mac Real-Time Agent,Detected suspicious keyword: nc
2026-05-21 12:22:46.846439,Suspicious Process Execution,intelligencecontextd,19855,85,High,Mac Real-Time Agent,Detected suspicious keyword: nc
2026-05-21 12:22:46.847236,Suspicious Process Execution,powerexperienced,22522,85,High,Mac Real-Time Agent,Detected suspicious keyword: nc
2026-05-21 12:22:46.847429,Suspicious Process Execution,Python,22640,85,High,Mac Real-Time Agent,Detected suspicious keyword: nc
2026-05-21 12:22:46.849332,Suspicious Process Execution,liveactivitiesd,22934,85,High,Mac Real-Time Agent,Detected suspicious keyword: nc
2026-05-21 12:22:46.853938,Suspicious Process Execution,PaperKitExtension,42173,85,High,Mac Real-Time Agent,Detected suspicious keyword: nc
2026-05-21 12:22:46.854314,Suspicious Process Execution,Google Chrome Helper (Renderer),47927,85,High,Mac Real-Time Agent,Detected suspicious keyword: nc
2026-05-21 12:22:46.854541,Suspicious Process Execution,Google Chrome Helper (Renderer),47932,85,High,Mac Real-Time Agent,Detected suspicious keyword: nc
2026-05-21 12:22:46.854773,Suspicious Process Execution,IMDPersistenceAgent,52138,85,High,Mac Real-Time Agent,Detected suspicious keyword: nc
2026-05-21 12:22:46.856722,Suspicious Process Execution,Code Helper (GPU),72991,85,High,Mac Real-Time Agent,Detected suspicious keyword: nc
2026-05-21 12:22:46.856958,Suspicious Process Execution,Code Helper,72992,85,High,Mac Real-Time Agent,Detected suspicious keyword: nc
2026-05-21 12:22:46.857109,Suspicious Process Execution,Code Helper,73003,85,High,Mac Real-Time Agent,Detected suspicious keyword: nc
2026-05-21 12:22:46.857223,Suspicious Process Execution,Code Helper,73179,85,High,Mac Real-Time Agent,Detected suspicious keyword: nc
2026-05-21 12:22:46.857617,Suspicious Process Execution,Brave Browser Helper,76076,85,High,Mac Real-Time Agent,Detected suspicious keyword: nc
2026-05-21 12:22:46.857958,Suspicious Process Execution,Brave Browser Helper (Renderer),76083,85,High,Mac Real-Time Agent,Detected suspicious keyword: nc
2026-05-21 12:22:46.858173,Suspicious Process Execution,Brave Browser Helper (Renderer),76095,85,High,Mac Real-Time Agent,Detected suspicious keyword: nc
2026-05-21 12:22:46.858308,Suspicious Process Execution,Brave Browser Helper (Renderer),76138,85,High,Mac Real-Time Agent,Detected suspicious keyword: nc
2026-05-21 12:22:46.858453,Suspicious Process Execution,Brave Browser Helper (Renderer),76139,85,High,Mac Real-Time Agent,Detected suspicious keyword: nc
2026-05-21 12:22:46.859725,Suspicious Process Execution,Brave Browser Helper (Renderer),76252,85,High,Mac Real-Time Agent,Detected suspicious keyword: nc
2026-05-21 12:22:46.859886,Suspicious Process Execution,Google Chrome Helper (Renderer),76541,85,High,Mac Real-Time Agent,Detected suspicious keyword: nc
2026-05-21 12:22:46.860014,Suspicious Process Execution,Brave Browser Helper (Renderer),76614,85,High,Mac Real-Time Agent,Detected suspicious keyword: nc
2026-05-21 12:22:46.860122,Suspicious Process Execution,Brave Browser Helper (Renderer),76615,85,High,Mac Real-Time Agent,Detected suspicious keyword: nc
2026-05-21 12:22:46.860226,Suspicious Process Execution,Brave Browser Helper (Renderer),76732,85,High,Mac Real-Time Agent,Detected suspicious keyword: nc
2026-05-21 12:22:46.860325,Suspicious Process Execution,Brave Browser Helper (Renderer),76742,85,High,Mac Real-Time Agent,Detected suspicious keyword: nc
2026-05-21 12:22:46.860429,Suspicious Process Execution,Brave Browser Helper (Renderer),76745,85,High,Mac Real-Time Agent,Detected suspicious keyword: nc
2026-05-21 12:22:46.860540,Suspicious Process Execution,Brave Browser Helper (Renderer),76746,85,High,Mac Real-Time Agent,Detected suspicious keyword: nc
2026-05-21 12:22:46.860676,Suspicious Process Execution,Brave Browser Helper (Renderer),76762,85,High,Mac Real-Time Agent,Detected suspicious keyword: nc
2026-05-21 12:22:46.860833,Suspicious Process Execution,Brave Browser Helper (Renderer),76835,85,High,Mac Real-Time Agent,Detected suspicious keyword: nc
2026-05-21 12:22:46.860956,Suspicious Process Execution,Brave Browser Helper (Renderer),76837,85,High,Mac Real-Time Agent,Detected suspicious keyword: nc
2026-05-21 12:22:46.861060,Suspicious Process Execution,Brave Browser Helper (Renderer),76846,85,High,Mac Real-Time Agent,Detected suspicious keyword: nc
2026-05-21 12:22:46.861162,Suspicious Process Execution,Brave Browser Helper (Renderer),76917,85,High,Mac Real-Time Agent,Detected suspicious keyword: nc
2026-05-21 12:22:46.861309,Suspicious Process Execution,Brave Browser Helper (Renderer),77084,85,High,Mac Real-Time Agent,Detected suspicious keyword: nc
2026-05-21 12:22:46.861433,Suspicious Process Execution,mdsync,84827,85,High,Mac Real-Time Agent,Detected suspicious keyword: nc
2026-05-21 12:22:46.861635,Suspicious Process Execution,Brave Browser Helper (Renderer),88525,85,High,Mac Real-Time Agent,Detected suspicious keyword: nc
2026-05-21 12:22:46.861728,Suspicious Process Execution,Brave Browser Helper (Renderer),88735,85,High,Mac Real-Time Agent,Detected suspicious keyword: nc
2026-05-21 12:22:46.861852,Suspicious Process Execution,Brave Browser Helper (Renderer),89059,85,High,Mac Real-Time Agent,Detected suspicious keyword: nc
2026-05-21 12:22:46.861942,Suspicious Process Execution,Brave Browser Helper (Renderer),89329,85,High,Mac Real-Time Agent,Detected suspicious keyword: nc
2026-05-21 12:22:46.862027,Suspicious Process Execution,Brave Browser Helper (Renderer),89482,85,High,Mac Real-Time Agent,Detected suspicious keyword: nc
2026-05-21 12:22:46.862182,Suspicious Process Execution,Google Chrome Helper,89893,85,High,Mac Real-Time Agent,Detected suspicious keyword: nc
2026-05-21 12:22:46.862359,Suspicious Process Execution,Google Chrome Helper (Renderer),89934,85,High,Mac Real-Time Agent,Detected suspicious keyword: nc
2026-05-21 12:22:46.862568,Suspicious Process Execution,Brave Browser Helper (Renderer),90160,85,High,Mac Real-Time Agent,Detected suspicious keyword: nc
2026-05-21 12:22:46.862900,Suspicious Process Execution,Brave Browser Helper (Renderer),93134,85,High,Mac Real-Time Agent,Detected suspicious keyword: nc
2026-05-21 12:22:46.863007,Suspicious Process Execution,Brave Browser Helper (Renderer),94263,85,High,Mac Real-Time Agent,Detected suspicious keyword: nc
2026-05-21 12:22:46.863184,Suspicious Process Execution,Brave Browser Helper (Renderer),95297,85,High,Mac Real-Time Agent,Detected suspicious keyword: nc
2026-05-21 12:22:46.863280,Suspicious Process Execution,Brave Browser Helper (Renderer),95812,85,High,Mac Real-Time Agent,Detected suspicious keyword: nc
2026-05-21 12:22:46.863455,Suspicious Process Execution,syncdefaultsd,96455,85,High,Mac Real-Time Agent,Detected suspicious keyword: nc
2026-05-21 12:22:46.863527,Suspicious Process Execution,routined,96708,85,High,Mac Real-Time Agent,Detected suspicious keyword: nc
2026-05-21 12:22:46.863660,Suspicious Process Execution,Siri,98579,85,High,Mac Real-Time Agent,Detected suspicious keyword: nc
2026-05-21 12:22:46.863929,Suspicious Process Execution,SiriNCService,98661,85,High,Mac Real-Time Agent,Detected suspicious keyword: nc
2026-05-21 12:22:46.864189,Suspicious Process Execution,Brave Browser Helper (Renderer),98821,85,High,Mac Real-Time Agent,Detected suspicious keyword: nc
2026-05-21 12:22:46.864279,Suspicious Process Execution,Brave Browser Helper (Renderer),98823,85,High,Mac Real-Time Agent,Detected suspicious keyword: nc
2026-05-21 12:22:46.864573,Suspicious Process Execution,IntelligencePlatformComputeService,98929,85,High,Mac Real-Time Agent,Detected suspicious keyword: nc
2026-05-21 12:22:46.864935,Suspicious Process Execution,Code Helper (Renderer),99424,85,High,Mac Real-Time Agent,Detected suspicious keyword: nc
2026-05-21 12:22:46.865336,Suspicious Process Execution,Code Helper,99433,85,High,Mac Real-Time Agent,Detected suspicious keyword: nc
2026-05-21 12:22:46.865512,Suspicious Process Execution,Code Helper (Plugin),99434,85,High,Mac Real-Time Agent,Detected suspicious keyword: nc
2026-05-21 12:24:20.121894,Suspicious Process Execution,screencaptureui,24274,85,High,Mac Real-Time Agent,Detected suspicious keyword: nc
2026-05-21 12:27:28.835127,Suspicious Process Execution,Python,24530,85,High,Mac Real-Time Agent,Detected suspicious keyword: nc
2026-05-21 12:27:28.837177,Suspicious Process Execution,CarbonComponentScannerXPC,24538,85,High,Mac Real-Time Agent,Detected suspicious keyword: nc
2026-05-21 12:28:13.327128,Suspicious Process Execution,screencapture,24594,85,High,Mac Real-Time Agent,Detected suspicious keyword: nc
2026-05-21 12:28:15.357849,Suspicious Process Execution,screencaptureui,24598,85,High,Mac Real-Time Agent,Detected suspicious keyword: nc
2026-05-21 12:29:01.822684,Suspicious Process Execution,screencaptureui,24655,85,High,Mac Real-Time Agent,Detected suspicious keyword: nc
2026-05-21 12:29:07.887381,Suspicious Process Execution,intelligenceplatformd,24667,85,High,Mac Real-Time Agent,Detected suspicious keyword: nc
2026-05-21 12:31:37.553450,Suspicious Process Execution,Python,24899,85,High,Mac Real-Time Agent,Detected suspicious keyword: nc
2026-05-21 12:35:38.296529,Suspicious Process Execution,Python,25229,85,High,Mac Real-Time Agent,Detected suspicious keyword: nc
2026-05-21 12:39:45.019527,Suspicious Process Execution,AddressBookSourceSync,25678,85,High,Mac Real-Time Agent,Detected suspicious keyword: nc
2026-05-21 12:44:40.338674,Suspicious Process Execution,powerexperienced,26094,85,High,Mac Real-Time Agent,Detected suspicious keyword: nc
2026-05-21 13:46:05.186555,Failed Password Attempt,sudo,N/A,75,High,Mac Failed Login Monitor,"2026-05-21 13:46:05.174 E  coreauthd[994:68beef] [com.apple.LocalAuthentication:Environment] companionForUser:501 type:1 -> Error Domain=com.apple.LocalAuthentication Code=-1000 ""companions not supported"" UserInfo={NSDebugDescription=companions not supported, NSLocalizedDescription=Authentication failure.}"
2026-05-21 13:46:05.186787,Failed Password Attempt,sudo,N/A,75,High,Mac Failed Login Monitor,"2026-05-21 13:46:05.174 E  coreauthd[994:68beef] [com.apple.LocalAuthentication:Environment] companionForUser:501 type:2 -> Error Domain=com.apple.LocalAuthentication Code=-1000 ""companions not supported"" UserInfo={NSDebugDescription=companions not supported, NSLocalizedDescription=Authentication failure.}"
2026-05-21 13:46:05.186852,Failed Password Attempt,sudo,N/A,75,High,Mac Failed Login Monitor,"2026-05-21 13:46:05.175 E  coreauthd[994:68beef] [com.apple.LocalAuthentication:Environment] companionForUser:501 type:4 -> Error Domain=com.apple.LocalAuthentication Code=-1000 ""companions not supported"" UserInfo={NSDebugDescription=companions not supported, NSLocalizedDescription=Authentication failure.}"
2026-05-21 13:46:05.392327,Failed Password Attempt,sudo,N/A,75,High,Mac Failed Login Monitor,"2026-05-21 13:46:05.391 E  coreauthd[994:68beef] [com.apple.LocalAuthentication:Environment] companionForUser:501 type:1 -> Error Domain=com.apple.LocalAuthentication Code=-1000 ""companions not supported"" UserInfo={NSDebugDescription=companions not supported, NSLocalizedDescription=Authentication failure.}"
2026-05-21 13:46:05.393133,Failed Password Attempt,sudo,N/A,75,High,Mac Failed Login Monitor,"2026-05-21 13:46:05.392 E  coreauthd[994:68beef] [com.apple.LocalAuthentication:Environment] companionForUser:501 type:2 -> Error Domain=com.apple.LocalAuthentication Code=-1000 ""companions not supported"" UserInfo={NSDebugDescription=companions not supported, NSLocalizedDescription=Authentication failure.}"
2026-05-21 13:46:05.393435,Failed Password Attempt,sudo,N/A,75,High,Mac Failed Login Monitor,"2026-05-21 13:46:05.393 E  coreauthd[994:68beef] [com.apple.LocalAuthentication:Environment] companionForUser:501 type:4 -> Error Domain=com.apple.LocalAuthentication Code=-1000 ""companions not supported"" UserInfo={NSDebugDescription=companions not supported, NSLocalizedDescription=Authentication failure.}"
2026-05-21 13:46:14.190431,Failed Password Attempt,sudo,N/A,75,High,Mac Failed Login Monitor,"2026-05-21 13:46:14.188 E  coreauthd[994:68beef] [com.apple.LocalAuthentication:Environment] companionForUser:501 type:1 -> Error Domain=com.apple.LocalAuthentication Code=-1000 ""companions not supported"" UserInfo={NSDebugDescription=companions not supported, NSLocalizedDescription=Authentication failure.}"
2026-05-21 13:46:14.191031,Failed Password Attempt,sudo,N/A,75,High,Mac Failed Login Monitor,"2026-05-21 13:46:14.188 E  coreauthd[994:68beef] [com.apple.LocalAuthentication:Environment] companionForUser:501 type:2 -> Error Domain=com.apple.LocalAuthentication Code=-1000 ""companions not supported"" UserInfo={NSDebugDescription=companions not supported, NSLocalizedDescription=Authentication failure.}"
2026-05-21 13:46:14.191310,Failed Password Attempt,sudo,N/A,75,High,Mac Failed Login Monitor,"2026-05-21 13:46:14.188 E  coreauthd[994:68beef] [com.apple.LocalAuthentication:Environment] companionForUser:501 type:4 -> Error Domain=com.apple.LocalAuthentication Code=-1000 ""companions not supported"" UserInfo={NSDebugDescription=companions not supported, NSLocalizedDescription=Authentication failure.}"
2026-05-21 13:46:14.203907,Failed Password Attempt,sudo,N/A,75,High,Mac Failed Login Monitor,"2026-05-21 13:46:14.203 E  coreauthd[994:68c328] [com.apple.LocalAuthentication:Environment] companionForUser:501 type:1 -> Error Domain=com.apple.LocalAuthentication Code=-1000 ""companions not supported"" UserInfo={NSDebugDescription=companions not supported, NSLocalizedDescription=Authentication failure.}"
2026-05-21 13:46:14.204354,Failed Password Attempt,sudo,N/A,75,High,Mac Failed Login Monitor,"2026-05-21 13:46:14.203 E  coreauthd[994:68c328] [com.apple.LocalAuthentication:Environment] companionForUser:501 type:2 -> Error Domain=com.apple.LocalAuthentication Code=-1000 ""companions not supported"" UserInfo={NSDebugDescription=companions not supported, NSLocalizedDescription=Authentication failure.}"
2026-05-21 13:46:14.204771,Failed Password Attempt,sudo,N/A,75,High,Mac Failed Login Monitor,"2026-05-21 13:46:14.204 E  coreauthd[994:68c328] [com.apple.LocalAuthentication:Environment] companionForUser:501 type:4 -> Error Domain=com.apple.LocalAuthentication Code=-1000 ""companions not supported"" UserInfo={NSDebugDescription=companions not supported, NSLocalizedDescription=Authentication failure.}"
2026-05-21 17:26:21.100675,Failed Password Attempt,sudo,N/A,75,High,Mac Failed Login Monitor,"2026-05-21 17:26:21.094 E  coreauthd[994:6922bb] [com.apple.LocalAuthentication:Environment] companionForUser:501 type:1 -> Error Domain=com.apple.LocalAuthentication Code=-1000 ""companions not supported"" UserInfo={NSDebugDescription=companions not supported, NSLocalizedDescription=Authentication failure.}"
2026-05-21 17:26:21.101260,Failed Password Attempt,sudo,N/A,75,High,Mac Failed Login Monitor,"2026-05-21 17:26:21.095 E  coreauthd[994:6922bb] [com.apple.LocalAuthentication:Environment] companionForUser:501 type:2 -> Error Domain=com.apple.LocalAuthentication Code=-1000 ""companions not supported"" UserInfo={NSDebugDescription=companions not supported, NSLocalizedDescription=Authentication failure.}"
2026-05-21 17:26:21.101410,Failed Password Attempt,sudo,N/A,75,High,Mac Failed Login Monitor,"2026-05-21 17:26:21.095 E  coreauthd[994:6922bb] [com.apple.LocalAuthentication:Environment] companionForUser:501 type:4 -> Error Domain=com.apple.LocalAuthentication Code=-1000 ""companions not supported"" UserInfo={NSDebugDescription=companions not supported, NSLocalizedDescription=Authentication failure.}"
2026-05-21 17:26:21.132375,Failed Password Attempt,sudo,N/A,75,High,Mac Failed Login Monitor,"2026-05-21 17:26:21.132 E  coreauthd[994:6922bc] [com.apple.LocalAuthentication:Environment] companionForUser:501 type:1 -> Error Domain=com.apple.LocalAuthentication Code=-1000 ""companions not supported"" UserInfo={NSDebugDescription=companions not supported, NSLocalizedDescription=Authentication failure.}"
2026-05-21 17:26:21.132627,Failed Password Attempt,sudo,N/A,75,High,Mac Failed Login Monitor,"2026-05-21 17:26:21.132 E  coreauthd[994:6922bc] [com.apple.LocalAuthentication:Environment] companionForUser:501 type:2 -> Error Domain=com.apple.LocalAuthentication Code=-1000 ""companions not supported"" UserInfo={NSDebugDescription=companions not supported, NSLocalizedDescription=Authentication failure.}"
2026-05-21 17:26:21.132731,Failed Password Attempt,sudo,N/A,75,High,Mac Failed Login Monitor,"2026-05-21 17:26:21.132 E  coreauthd[994:6922bc] [com.apple.LocalAuthentication:Environment] companionForUser:501 type:4 -> Error Domain=com.apple.LocalAuthentication Code=-1000 ""companions not supported"" UserInfo={NSDebugDescription=companions not supported, NSLocalizedDescription=Authentication failure.}"
2026-05-21 17:26:21.136098,Failed Password Attempt,sudo,N/A,75,High,Mac Failed Login Monitor,"2026-05-21 17:26:21.135 E  coreauthd[994:6922bb] [com.apple.LocalAuthentication:Environment] companionForUser:501 type:1 -> Error Domain=com.apple.LocalAuthentication Code=-1000 ""companions not supported"" UserInfo={NSDebugDescription=companions not supported, NSLocalizedDescription=Authentication failure.}"
2026-05-21 17:26:21.137084,Failed Password Attempt,sudo,N/A,75,High,Mac Failed Login Monitor,"2026-05-21 17:26:21.135 E  coreauthd[994:6922bb] [com.apple.LocalAuthentication:Environment] companionForUser:501 type:2 -> Error Domain=com.apple.LocalAuthentication Code=-1000 ""companions not supported"" UserInfo={NSDebugDescription=companions not supported, NSLocalizedDescription=Authentication failure.}"
2026-05-21 17:26:21.137208,Failed Password Attempt,sudo,N/A,75,High,Mac Failed Login Monitor,"2026-05-21 17:26:21.136 E  coreauthd[994:6922bb] [com.apple.LocalAuthentication:Environment] companionForUser:501 type:4 -> Error Domain=com.apple.LocalAuthentication Code=-1000 ""companions not supported"" UserInfo={NSDebugDescription=companions not supported, NSLocalizedDescription=Authentication failure.}"
2026-05-21 17:26:21.153964,Failed Password Attempt,sudo,N/A,75,High,Mac Failed Login Monitor,"2026-05-21 17:26:21.153 E  coreauthd[994:6922bc] [com.apple.LocalAuthentication:Environment] companionForUser:501 type:1 -> Error Domain=com.apple.LocalAuthentication Code=-1000 ""companions not supported"" UserInfo={NSDebugDescription=companions not supported, NSLocalizedDescription=Authentication failure.}"
2026-05-21 17:26:21.154111,Failed Password Attempt,sudo,N/A,75,High,Mac Failed Login Monitor,"2026-05-21 17:26:21.153 E  coreauthd[994:6922bc] [com.apple.LocalAuthentication:Environment] companionForUser:501 type:2 -> Error Domain=com.apple.LocalAuthentication Code=-1000 ""companions not supported"" UserInfo={NSDebugDescription=companions not supported, NSLocalizedDescription=Authentication failure.}"
2026-05-21 17:26:21.154195,Failed Password Attempt,sudo,N/A,75,High,Mac Failed Login Monitor,"2026-05-21 17:26:21.153 E  coreauthd[994:6922bc] [com.apple.LocalAuthentication:Environment] companionForUser:501 type:4 -> Error Domain=com.apple.LocalAuthentication Code=-1000 ""companions not supported"" UserInfo={NSDebugDescription=companions not supported, NSLocalizedDescription=Authentication failure.}"
2026-05-21 17:47:35.077403,Failed Password Attempt,sudo,N/A,75,High,Mac Failed Login Monitor,"2026-05-21 17:47:35.066 E  coreauthd[994:6967a0] [com.apple.LocalAuthentication:Environment] companionForUser:501 type:1 -> Error Domain=com.apple.LocalAuthentication Code=-1000 ""companions not supported"" UserInfo={NSDebugDescription=companions not supported, NSLocalizedDescription=Authentication failure.}"
2026-05-21 17:47:35.079647,Failed Password Attempt,sudo,N/A,75,High,Mac Failed Login Monitor,"2026-05-21 17:47:35.066 E  coreauthd[994:6967a0] [com.apple.LocalAuthentication:Environment] companionForUser:501 type:2 -> Error Domain=com.apple.LocalAuthentication Code=-1000 ""companions not supported"" UserInfo={NSDebugDescription=companions not supported, NSLocalizedDescription=Authentication failure.}"
2026-05-21 17:47:35.079817,Failed Password Attempt,sudo,N/A,75,High,Mac Failed Login Monitor,"2026-05-21 17:47:35.066 E  coreauthd[994:6967a0] [com.apple.LocalAuthentication:Environment] companionForUser:501 type:4 -> Error Domain=com.apple.LocalAuthentication Code=-1000 ""companions not supported"" UserInfo={NSDebugDescription=companions not supported, NSLocalizedDescription=Authentication failure.}"
2026-05-21 17:47:35.190176,Failed Password Attempt,sudo,N/A,75,High,Mac Failed Login Monitor,"2026-05-21 17:47:35.189 E  coreauthd[994:692c4e] [com.apple.LocalAuthentication:Environment] companionForUser:501 type:1 -> Error Domain=com.apple.LocalAuthentication Code=-1000 ""companions not supported"" UserInfo={NSDebugDescription=companions not supported, NSLocalizedDescription=Authentication failure.}"
2026-05-21 17:47:35.190785,Failed Password Attempt,sudo,N/A,75,High,Mac Failed Login Monitor,"2026-05-21 17:47:35.189 E  coreauthd[994:692c4e] [com.apple.LocalAuthentication:Environment] companionForUser:501 type:2 -> Error Domain=com.apple.LocalAuthentication Code=-1000 ""companions not supported"" UserInfo={NSDebugDescription=companions not supported, NSLocalizedDescription=Authentication failure.}"
2026-05-21 17:47:35.190899,Failed Password Attempt,sudo,N/A,75,High,Mac Failed Login Monitor,"2026-05-21 17:47:35.189 E  coreauthd[994:692c4e] [com.apple.LocalAuthentication:Environment] companionForUser:501 type:4 -> Error Domain=com.apple.LocalAuthentication Code=-1000 ""companions not supported"" UserInfo={NSDebugDescription=companions not supported, NSLocalizedDescription=Authentication failure.}"
2026-05-21 17:47:45.314265,Failed Password Attempt,sudo,N/A,75,High,Mac Failed Login Monitor,"2026-05-21 17:47:45.311 E  coreauthd[994:692c4e] [com.apple.LocalAuthentication:Environment] companionForUser:501 type:1 -> Error Domain=com.apple.LocalAuthentication Code=-1000 ""companions not supported"" UserInfo={NSDebugDescription=companions not supported, NSLocalizedDescription=Authentication failure.}"
2026-05-21 17:47:45.314972,Failed Password Attempt,sudo,N/A,75,High,Mac Failed Login Monitor,"2026-05-21 17:47:45.311 E  coreauthd[994:692c4e] [com.apple.LocalAuthentication:Environment] companionForUser:501 type:2 -> Error Domain=com.apple.LocalAuthentication Code=-1000 ""companions not supported"" UserInfo={NSDebugDescription=companions not supported, NSLocalizedDescription=Authentication failure.}"
2026-05-21 17:47:45.315142,Failed Password Attempt,sudo,N/A,75,High,Mac Failed Login Monitor,"2026-05-21 17:47:45.311 E  coreauthd[994:692c4e] [com.apple.LocalAuthentication:Environment] companionForUser:501 type:4 -> Error Domain=com.apple.LocalAuthentication Code=-1000 ""companions not supported"" UserInfo={NSDebugDescription=companions not supported, NSLocalizedDescription=Authentication failure.}"
2026-05-21 17:47:45.534456,Failed Password Attempt,sudo,N/A,75,High,Mac Failed Login Monitor,"2026-05-21 17:47:45.534 E  coreauthd[994:692c4e] [com.apple.LocalAuthentication:Environment] companionForUser:501 type:1 -> Error Domain=com.apple.LocalAuthentication Code=-1000 ""companions not supported"" UserInfo={NSDebugDescription=companions not supported, NSLocalizedDescription=Authentication failure.}"
2026-05-21 17:47:45.534570,Failed Password Attempt,sudo,N/A,75,High,Mac Failed Login Monitor,"2026-05-21 17:47:45.534 E  coreauthd[994:692c4e] [com.apple.LocalAuthentication:Environment] companionForUser:501 type:2 -> Error Domain=com.apple.LocalAuthentication Code=-1000 ""companions not supported"" UserInfo={NSDebugDescription=companions not supported, NSLocalizedDescription=Authentication failure.}"
2026-05-21 17:47:45.534631,Failed Password Attempt,sudo,N/A,75,High,Mac Failed Login Monitor,"2026-05-21 17:47:45.534 E  coreauthd[994:692c4e] [com.apple.LocalAuthentication:Environment] companionForUser:501 type:4 -> Error Domain=com.apple.LocalAuthentication Code=-1000 ""companions not supported"" UserInfo={NSDebugDescription=companions not supported, NSLocalizedDescription=Authentication failure.}"
2026-05-21 17:50:08.420014,Failed Password Attempt,sudo,N/A,75,High,Mac Failed Login Monitor,"2026-05-21 17:50:08.417 E  coreauthd[994:692c4e] [com.apple.LocalAuthentication:Environment] companionForUser:501 type:1 -> Error Domain=com.apple.LocalAuthentication Code=-1000 ""companions not supported"" UserInfo={NSDebugDescription=companions not supported, NSLocalizedDescription=Authentication failure.}"
2026-05-21 17:50:08.420371,Failed Password Attempt,sudo,N/A,75,High,Mac Failed Login Monitor,"2026-05-21 17:50:08.419 E  coreauthd[994:692c4e] [com.apple.LocalAuthentication:Environment] companionForUser:501 type:2 -> Error Domain=com.apple.LocalAuthentication Code=-1000 ""companions not supported"" UserInfo={NSDebugDescription=companions not supported, NSLocalizedDescription=Authentication failure.}"
2026-05-21 17:50:08.420439,Failed Password Attempt,sudo,N/A,75,High,Mac Failed Login Monitor,"2026-05-21 17:50:08.419 E  coreauthd[994:692c4e] [com.apple.LocalAuthentication:Environment] companionForUser:501 type:4 -> Error Domain=com.apple.LocalAuthentication Code=-1000 ""companions not supported"" UserInfo={NSDebugDescription=companions not supported, NSLocalizedDescription=Authentication failure.}"
2026-05-21 17:50:08.561603,Failed Password Attempt,sudo,N/A,75,High,Mac Failed Login Monitor,"2026-05-21 17:50:08.561 E  coreauthd[994:6967a0] [com.apple.LocalAuthentication:Environment] companionForUser:501 type:1 -> Error Domain=com.apple.LocalAuthentication Code=-1000 ""companions not supported"" UserInfo={NSDebugDescription=companions not supported, NSLocalizedDescription=Authentication failure.}"
2026-05-21 17:50:08.561790,Failed Password Attempt,sudo,N/A,75,High,Mac Failed Login Monitor,"2026-05-21 17:50:08.561 E  coreauthd[994:6967a0] [com.apple.LocalAuthentication:Environment] companionForUser:501 type:2 -> Error Domain=com.apple.LocalAuthentication Code=-1000 ""companions not supported"" UserInfo={NSDebugDescription=companions not supported, NSLocalizedDescription=Authentication failure.}"
2026-05-21 17:50:08.561876,Failed Password Attempt,sudo,N/A,75,High,Mac Failed Login Monitor,"2026-05-21 17:50:08.561 E  coreauthd[994:6967a0] [com.apple.LocalAuthentication:Environment] companionForUser:501 type:4 -> Error Domain=com.apple.LocalAuthentication Code=-1000 ""companions not supported"" UserInfo={NSDebugDescription=companions not supported, NSLocalizedDescription=Authentication failure.}"
2026-05-21 17:50:08.566199,Failed Password Attempt,sudo,N/A,75,High,Mac Failed Login Monitor,"2026-05-21 17:50:08.566 E  coreauthd[994:692c4e] [com.apple.LocalAuthentication:Environment] companionForUser:501 type:1 -> Error Domain=com.apple.LocalAuthentication Code=-1000 ""companions not supported"" UserInfo={NSDebugDescription=companions not supported, NSLocalizedDescription=Authentication failure.}"
2026-05-21 17:50:08.566344,Failed Password Attempt,sudo,N/A,75,High,Mac Failed Login Monitor,"2026-05-21 17:50:08.566 E  coreauthd[994:692c4e] [com.apple.LocalAuthentication:Environment] companionForUser:501 type:2 -> Error Domain=com.apple.LocalAuthentication Code=-1000 ""companions not supported"" UserInfo={NSDebugDescription=companions not supported, NSLocalizedDescription=Authentication failure.}"
2026-05-21 17:50:08.566459,Failed Password Attempt,sudo,N/A,75,High,Mac Failed Login Monitor,"2026-05-21 17:50:08.566 E  coreauthd[994:692c4e] [com.apple.LocalAuthentication:Environment] companionForUser:501 type:4 -> Error Domain=com.apple.LocalAuthentication Code=-1000 ""companions not supported"" UserInfo={NSDebugDescription=companions not supported, NSLocalizedDescription=Authentication failure.}"
2026-05-21 17:50:08.574203,Failed Password Attempt,sudo,N/A,75,High,Mac Failed Login Monitor,"2026-05-21 17:50:08.573 E  coreauthd[994:6967a0] [com.apple.LocalAuthentication:Environment] companionForUser:501 type:1 -> Error Domain=com.apple.LocalAuthentication Code=-1000 ""companions not supported"" UserInfo={NSDebugDescription=companions not supported, NSLocalizedDescription=Authentication failure.}"
2026-05-21 17:50:08.574443,Failed Password Attempt,sudo,N/A,75,High,Mac Failed Login Monitor,"2026-05-21 17:50:08.573 E  coreauthd[994:6967a0] [com.apple.LocalAuthentication:Environment] companionForUser:501 type:2 -> Error Domain=com.apple.LocalAuthentication Code=-1000 ""companions not supported"" UserInfo={NSDebugDescription=companions not supported, NSLocalizedDescription=Authentication failure.}"
2026-05-21 17:50:08.574525,Failed Password Attempt,sudo,N/A,75,High,Mac Failed Login Monitor,"2026-05-21 17:50:08.574 E  coreauthd[994:6967a0] [com.apple.LocalAuthentication:Environment] companionForUser:501 type:4 -> Error Domain=com.apple.LocalAuthentication Code=-1000 ""companions not supported"" UserInfo={NSDebugDescription=companions not supported, NSLocalizedDescription=Authentication failure.}"
2026-05-21 19:25:50.930975,Failed Password Attempt,sudo,N/A,75,High,Mac Failed Login Monitor,"2026-05-21 19:25:50.922 E  coreauthd[994:6acb84] [com.apple.LocalAuthentication:Environment] companionForUser:501 type:1 -> Error Domain=com.apple.LocalAuthentication Code=-1000 ""companions not supported"" UserInfo={NSDebugDescription=companions not supported, NSLocalizedDescription=Authentication failure.}"
2026-05-21 19:25:50.931990,Failed Password Attempt,sudo,N/A,75,High,Mac Failed Login Monitor,"2026-05-21 19:25:50.924 E  coreauthd[994:6acb84] [com.apple.LocalAuthentication:Environment] companionForUser:501 type:2 -> Error Domain=com.apple.LocalAuthentication Code=-1000 ""companions not supported"" UserInfo={NSDebugDescription=companions not supported, NSLocalizedDescription=Authentication failure.}"
2026-05-21 19:25:50.932064,Failed Password Attempt,sudo,N/A,75,High,Mac Failed Login Monitor,"2026-05-21 19:25:50.925 E  coreauthd[994:6acb84] [com.apple.LocalAuthentication:Environment] companionForUser:501 type:4 -> Error Domain=com.apple.LocalAuthentication Code=-1000 ""companions not supported"" UserInfo={NSDebugDescription=companions not supported, NSLocalizedDescription=Authentication failure.}"
2026-05-21 19:25:51.103109,Failed Password Attempt,sudo,N/A,75,High,Mac Failed Login Monitor,"2026-05-21 19:25:51.102 E  coreauthd[994:6af0ab] [com.apple.LocalAuthentication:Environment] companionForUser:501 type:1 -> Error Domain=com.apple.LocalAuthentication Code=-1000 ""companions not supported"" UserInfo={NSDebugDescription=companions not supported, NSLocalizedDescription=Authentication failure.}"
2026-05-21 19:25:51.103224,Failed Password Attempt,sudo,N/A,75,High,Mac Failed Login Monitor,"2026-05-21 19:25:51.103 E  coreauthd[994:6af0ab] [com.apple.LocalAuthentication:Environment] companionForUser:501 type:2 -> Error Domain=com.apple.LocalAuthentication Code=-1000 ""companions not supported"" UserInfo={NSDebugDescription=companions not supported, NSLocalizedDescription=Authentication failure.}"
2026-05-21 19:25:51.103301,Failed Password Attempt,sudo,N/A,75,High,Mac Failed Login Monitor,"2026-05-21 19:25:51.103 E  coreauthd[994:6af0ab] [com.apple.LocalAuthentication:Environment] companionForUser:501 type:4 -> Error Domain=com.apple.LocalAuthentication Code=-1000 ""companions not supported"" UserInfo={NSDebugDescription=companions not supported, NSLocalizedDescription=Authentication failure.}"
2026-05-21 19:25:59.322946,Failed Password Attempt,sudo,N/A,75,High,Mac Failed Login Monitor,"2026-05-21 19:25:59.319 E  coreauthd[994:6af357] [com.apple.LocalAuthentication:Environment] companionForUser:501 type:1 -> Error Domain=com.apple.LocalAuthentication Code=-1000 ""companions not supported"" UserInfo={NSDebugDescription=companions not supported, NSLocalizedDescription=Authentication failure.}"
2026-05-21 19:25:59.323994,Failed Password Attempt,sudo,N/A,75,High,Mac Failed Login Monitor,"2026-05-21 19:25:59.319 E  coreauthd[994:6af357] [com.apple.LocalAuthentication:Environment] companionForUser:501 type:2 -> Error Domain=com.apple.LocalAuthentication Code=-1000 ""companions not supported"" UserInfo={NSDebugDescription=companions not supported, NSLocalizedDescription=Authentication failure.}"
2026-05-21 19:25:59.324216,Failed Password Attempt,sudo,N/A,75,High,Mac Failed Login Monitor,"2026-05-21 19:25:59.319 E  coreauthd[994:6af357] [com.apple.LocalAuthentication:Environment] companionForUser:501 type:4 -> Error Domain=com.apple.LocalAuthentication Code=-1000 ""companions not supported"" UserInfo={NSDebugDescription=companions not supported, NSLocalizedDescription=Authentication failure.}"
2026-05-21 19:25:59.358495,Failed Password Attempt,sudo,N/A,75,High,Mac Failed Login Monitor,"2026-05-21 19:25:59.357 E  coreauthd[994:6acb84] [com.apple.LocalAuthentication:Environment] companionForUser:501 type:1 -> Error Domain=com.apple.LocalAuthentication Code=-1000 ""companions not supported"" UserInfo={NSDebugDescription=companions not supported, NSLocalizedDescription=Authentication failure.}"
2026-05-21 19:25:59.358883,Failed Password Attempt,sudo,N/A,75,High,Mac Failed Login Monitor,"2026-05-21 19:25:59.357 E  coreauthd[994:6acb84] [com.apple.LocalAuthentication:Environment] companionForUser:501 type:2 -> Error Domain=com.apple.LocalAuthentication Code=-1000 ""companions not supported"" UserInfo={NSDebugDescription=companions not supported, NSLocalizedDescription=Authentication failure.}"
2026-05-21 19:25:59.359287,Failed Password Attempt,sudo,N/A,75,High,Mac Failed Login Monitor,"2026-05-21 19:25:59.358 E  coreauthd[994:6acb84] [com.apple.LocalAuthentication:Environment] companionForUser:501 type:4 -> Error Domain=com.apple.LocalAuthentication Code=-1000 ""companions not supported"" UserInfo={NSDebugDescription=companions not supported, NSLocalizedDescription=Authentication failure.}"
2026-05-21 19:31:08.147202,Failed Password Attempt,sudo,N/A,75,High,Mac Failed Login Monitor,"2026-05-21 19:31:08.110 Df mobileassetd[98637:6afdb2] [com.apple.mobileassetd:Download] Sending download result 61 (MADownloadNetworkConnectionLost) <B6BF210D-CCC9-40DC-8D6C-9A24375D22D0> for DownloadInfo taskDescriptor: com_apple_MobileAsset_CoreSuggestions.xml . task: LocalDataTask <B6BF210D-CCC9-40DC-8D6C-9A24375D22D0>.<50> taskState: completed statusCode: -1 downloadSize: 0 progress: 0 / 0 isStalled: NO numStalls: 0 numNoLongerStalls: 0 backtracks: 0 callbackCount: 2 hasExtractor: NO extractorRequired: NO originalUrl: (null) cacheServerUrl: (null) assetType: com.apple.MobileAsset.CoreSuggestions purpose: (null) shouldRetry: YES ifModifiedDate: (null) options: MADownloadOptions allowsCellular: 0 resourceTimeout: 900 canUseCacheServer: 0 discretionary: 1 disableUI: 0 sessionId: (null) additionalServerParams:(null) allowsExpensiveAccess:1 requiresPowerPluggedIn: 0 prefersInfraWiFi: 1 liveServerOnly: -1 DownloadAuthorizationHeader: not present analyticsData: not present allowDaemonConnectionRetries: 0  + MAMsuDownloadOptions reqProdVersion: (null) reqBuildVersion: (null) delayPeriod: 0 managedDevice: 0 allowSameVersion: 0 prereqBuild: (null) prereqVersion: (null) prereqReleaseType: (default) liveAssetAudienceUUID: (null) purpose: (null) error: Error Domain=NSURLErrorDomain Code=-1005 ""The network connection was lost."" UserInfo={NSUnderlyingError=0x9dc4cedc0 {Error Domain=kCFErrorDomainCFNetwork Code=-1005 ""(null)"" UserInfo={NSErrorPeerAddressKey=<CFData 0x9dea3c690 [0x1f7dd7380]>{length = 16, capacity = 16, bytes = 0x100201bb1189a2030000000000000000}, _kCFStreamErrorCodeKey=57, _kCFStreamErrorDomainKey=1}}, NSErrorFailingURLStringKey=https://gdmf.apple.com/v2/assets, NSErrorFailingURLKey=https://gdmf.apple.com/v2/assets, _kCFStreamErrorDomainKey=1, _kCFStreamErrorCodeKey=57, NSLocalizedDescription=The network connection was lost.} nsurlsessiontaskID:(null) serviceManaged:NO"
2026-05-21 19:31:08.148485,Failed Password Attempt,sudo,N/A,75,High,Mac Failed Login Monitor,"2026-05-21 19:31:08.143 Df mobileassetd[98637:6afdb2] [com.apple.mobileassetd:Download] reporting download attempt DownloadInfo taskDescriptor: com_apple_MobileAsset_CoreSuggestions.xml . task: LocalDataTask <B6BF210D-CCC9-40DC-8D6C-9A24375D22D0>.<50> taskState: completed statusCode: -1 downloadSize: 0 progress: 0 / 0 isStalled: NO numStalls: 0 numNoLongerStalls: 0 backtracks: 0 callbackCount: 2 hasExtractor: NO extractorRequired: NO originalUrl: (null) cacheServerUrl: (null) assetType: com.apple.MobileAsset.CoreSuggestions purpose: (null) shouldRetry: YES ifModifiedDate: (null) options: MADownloadOptions allowsCellular: 0 resourceTimeout: 900 canUseCacheServer: 0 discretionary: 1 disableUI: 0 sessionId: (null) additionalServerParams:(null) allowsExpensiveAccess:1 requiresPowerPluggedIn: 0 prefersInfraWiFi: 1 liveServerOnly: -1 DownloadAuthorizationHeader: not present analyticsData: not present allowDaemonConnectionRetries: 0  + MAMsuDownloadOptions reqProdVersion: (null) reqBuildVersion: (null) delayPeriod: 0 managedDevice: 0 allowSameVersion: 0 prereqBuild: (null) prereqVersion: (null) prereqReleaseType: (default) liveAssetAudienceUUID: (null) purpose: (null) error: Error Domain=NSURLErrorDomain Code=-1005 ""The network connection was lost."" UserInfo={NSUnderlyingError=0x9dc4cedc0 {Error Domain=kCFErrorDomainCFNetwork Code=-1005 ""(null)"" UserInfo={NSErrorPeerAddressKey=<CFData 0x9dea3c690 [0x1f7dd7380]>{length = 16, capacity = 16, bytes = 0x100201bb1189a2030000000000000000}, _kCFStreamErrorCodeKey=57, _kCFStreamErrorDomainKey=1}}, NSErrorFailingURLStringKey=https://gdmf.apple.com/v2/assets, NSErrorFailingURLKey=https://gdmf.apple.com/v2/assets, _kCFStreamErrorDomainKey=1, _kCFStreamErrorCodeKey=57, NSLocalizedDescription=The network connection was lost.} nsurlsessiontaskID:(null) serviceManaged:NO"
2026-05-21 19:38:59.873805,Failed Password Attempt,sudo,N/A,75,High,Mac Failed Login Monitor,"2026-05-21 19:38:59.867 E  coreauthd[994:6b0107] [com.apple.LocalAuthentication:Environment] companionForUser:501 type:1 -> Error Domain=com.apple.LocalAuthentication Code=-1000 ""companions not supported"" UserInfo={NSDebugDescription=companions not supported, NSLocalizedDescription=Authentication failure.}"
2026-05-21 19:38:59.874453,Failed Password Attempt,sudo,N/A,75,High,Mac Failed Login Monitor,"2026-05-21 19:38:59.868 E  coreauthd[994:6b0107] [com.apple.LocalAuthentication:Environment] companionForUser:501 type:2 -> Error Domain=com.apple.LocalAuthentication Code=-1000 ""companions not supported"" UserInfo={NSDebugDescription=companions not supported, NSLocalizedDescription=Authentication failure.}"
2026-05-21 19:38:59.874542,Failed Password Attempt,sudo,N/A,75,High,Mac Failed Login Monitor,"2026-05-21 19:38:59.868 E  coreauthd[994:6b0107] [com.apple.LocalAuthentication:Environment] companionForUser:501 type:4 -> Error Domain=com.apple.LocalAuthentication Code=-1000 ""companions not supported"" UserInfo={NSDebugDescription=companions not supported, NSLocalizedDescription=Authentication failure.}"
2026-05-21 19:38:59.892575,Failed Password Attempt,sudo,N/A,75,High,Mac Failed Login Monitor,"2026-05-21 19:38:59.892 E  coreauthd[994:6b0107] [com.apple.LocalAuthentication:Environment] companionForUser:501 type:1 -> Error Domain=com.apple.LocalAuthentication Code=-1000 ""companions not supported"" UserInfo={NSDebugDescription=companions not supported, NSLocalizedDescription=Authentication failure.}"
2026-05-21 19:38:59.892796,Failed Password Attempt,sudo,N/A,75,High,Mac Failed Login Monitor,"2026-05-21 19:38:59.892 E  coreauthd[994:6b0107] [com.apple.LocalAuthentication:Environment] companionForUser:501 type:2 -> Error Domain=com.apple.LocalAuthentication Code=-1000 ""companions not supported"" UserInfo={NSDebugDescription=companions not supported, NSLocalizedDescription=Authentication failure.}"
2026-05-21 19:38:59.892992,Failed Password Attempt,sudo,N/A,75,High,Mac Failed Login Monitor,"2026-05-21 19:38:59.892 E  coreauthd[994:6b0107] [com.apple.LocalAuthentication:Environment] companionForUser:501 type:4 -> Error Domain=com.apple.LocalAuthentication Code=-1000 ""companions not supported"" UserInfo={NSDebugDescription=companions not supported, NSLocalizedDescription=Authentication failure.}"
2026-05-21 19:38:59.894839,Failed Password Attempt,sudo,N/A,75,High,Mac Failed Login Monitor,"2026-05-21 19:38:59.894 E  coreauthd[994:6b0107] [com.apple.LocalAuthentication:Environment] companionForUser:501 type:1 -> Error Domain=com.apple.LocalAuthentication Code=-1000 ""companions not supported"" UserInfo={NSDebugDescription=companions not supported, NSLocalizedDescription=Authentication failure.}"
2026-05-21 19:38:59.899600,Failed Password Attempt,sudo,N/A,75,High,Mac Failed Login Monitor,"2026-05-21 19:38:59.898 E  coreauthd[994:6b0107] [com.apple.LocalAuthentication:Environment] companionForUser:501 type:2 -> Error Domain=com.apple.LocalAuthentication Code=-1000 ""companions not supported"" UserInfo={NSDebugDescription=companions not supported, NSLocalizedDescription=Authentication failure.}"
2026-05-21 19:38:59.899699,Failed Password Attempt,sudo,N/A,75,High,Mac Failed Login Monitor,"2026-05-21 19:38:59.899 E  coreauthd[994:6b0107] [com.apple.LocalAuthentication:Environment] companionForUser:501 type:4 -> Error Domain=com.apple.LocalAuthentication Code=-1000 ""companions not supported"" UserInfo={NSDebugDescription=companions not supported, NSLocalizedDescription=Authentication failure.}"
2026-05-21 19:38:59.905031,Failed Password Attempt,sudo,N/A,75,High,Mac Failed Login Monitor,"2026-05-21 19:38:59.902 E  coreauthd[994:6b0553] [com.apple.LocalAuthentication:Environment] companionForUser:501 type:1 -> Error Domain=com.apple.LocalAuthentication Code=-1000 ""companions not supported"" UserInfo={NSDebugDescription=companions not supported, NSLocalizedDescription=Authentication failure.}"
2026-05-21 19:38:59.905221,Failed Password Attempt,sudo,N/A,75,High,Mac Failed Login Monitor,"2026-05-21 19:38:59.902 E  coreauthd[994:6b0553] [com.apple.LocalAuthentication:Environment] companionForUser:501 type:2 -> Error Domain=com.apple.LocalAuthentication Code=-1000 ""companions not supported"" UserInfo={NSDebugDescription=companions not supported, NSLocalizedDescription=Authentication failure.}"
2026-05-21 19:38:59.905303,Failed Password Attempt,sudo,N/A,75,High,Mac Failed Login Monitor,"2026-05-21 19:38:59.902 E  coreauthd[994:6b0553] [com.apple.LocalAuthentication:Environment] companionForUser:501 type:4 -> Error Domain=com.apple.LocalAuthentication Code=-1000 ""companions not supported"" UserInfo={NSDebugDescription=companions not supported, NSLocalizedDescription=Authentication failure.}"
2026-05-21 22:39:55.119264,Failed Password Attempt,sudo,N/A,75,High,Mac Failed Login Monitor,"2026-05-21 22:39:55.108 E  coreauthd[994:6e1a36] [com.apple.LocalAuthentication:Environment] companionForUser:501 type:1 -> Error Domain=com.apple.LocalAuthentication Code=-1000 ""companions not supported"" UserInfo={NSDebugDescription=companions not supported, NSLocalizedDescription=Authentication failure.}"
2026-05-21 22:39:55.122276,Failed Password Attempt,sudo,N/A,75,High,Mac Failed Login Monitor,"2026-05-21 22:39:55.108 E  coreauthd[994:6e1a36] [com.apple.LocalAuthentication:Environment] companionForUser:501 type:2 -> Error Domain=com.apple.LocalAuthentication Code=-1000 ""companions not supported"" UserInfo={NSDebugDescription=companions not supported, NSLocalizedDescription=Authentication failure.}"
2026-05-21 22:39:55.122377,Failed Password Attempt,sudo,N/A,75,High,Mac Failed Login Monitor,"2026-05-21 22:39:55.109 E  coreauthd[994:6e1a36] [com.apple.LocalAuthentication:Environment] companionForUser:501 type:4 -> Error Domain=com.apple.LocalAuthentication Code=-1000 ""companions not supported"" UserInfo={NSDebugDescription=companions not supported, NSLocalizedDescription=Authentication failure.}"
2026-05-21 22:39:55.194962,Failed Password Attempt,sudo,N/A,75,High,Mac Failed Login Monitor,"2026-05-21 22:39:55.194 E  coreauthd[994:6e192a] [com.apple.LocalAuthentication:Environment] companionForUser:501 type:1 -> Error Domain=com.apple.LocalAuthentication Code=-1000 ""companions not supported"" UserInfo={NSDebugDescription=companions not supported, NSLocalizedDescription=Authentication failure.}"
2026-05-21 22:39:55.195098,Failed Password Attempt,sudo,N/A,75,High,Mac Failed Login Monitor,"2026-05-21 22:39:55.194 E  coreauthd[994:6e192a] [com.apple.LocalAuthentication:Environment] companionForUser:501 type:2 -> Error Domain=com.apple.LocalAuthentication Code=-1000 ""companions not supported"" UserInfo={NSDebugDescription=companions not supported, NSLocalizedDescription=Authentication failure.}"
2026-05-21 22:39:55.195179,Failed Password Attempt,sudo,N/A,75,High,Mac Failed Login Monitor,"2026-05-21 22:39:55.194 E  coreauthd[994:6e192a] [com.apple.LocalAuthentication:Environment] companionForUser:501 type:4 -> Error Domain=com.apple.LocalAuthentication Code=-1000 ""companions not supported"" UserInfo={NSDebugDescription=companions not supported, NSLocalizedDescription=Authentication failure.}"
2026-05-21 22:40:04.006963,Failed Password Attempt,sudo,N/A,75,High,Mac Failed Login Monitor,"2026-05-21 22:40:04.001 E  coreauthd[994:6e1a36] [com.apple.LocalAuthentication:Environment] companionForUser:501 type:1 -> Error Domain=com.apple.LocalAuthentication Code=-1000 ""companions not supported"" UserInfo={NSDebugDescription=companions not supported, NSLocalizedDescription=Authentication failure.}"
2026-05-21 22:40:04.008016,Failed Password Attempt,sudo,N/A,75,High,Mac Failed Login Monitor,"2026-05-21 22:40:04.001 E  coreauthd[994:6e1a36] [com.apple.LocalAuthentication:Environment] companionForUser:501 type:2 -> Error Domain=com.apple.LocalAuthentication Code=-1000 ""companions not supported"" UserInfo={NSDebugDescription=companions not supported, NSLocalizedDescription=Authentication failure.}"
2026-05-21 22:40:04.008498,Failed Password Attempt,sudo,N/A,75,High,Mac Failed Login Monitor,"2026-05-21 22:40:04.002 E  coreauthd[994:6e1a36] [com.apple.LocalAuthentication:Environment] companionForUser:501 type:4 -> Error Domain=com.apple.LocalAuthentication Code=-1000 ""companions not supported"" UserInfo={NSDebugDescription=companions not supported, NSLocalizedDescription=Authentication failure.}"
2026-05-21 22:40:04.027525,Failed Password Attempt,sudo,N/A,75,High,Mac Failed Login Monitor,"2026-05-21 22:40:04.027 E  coreauthd[994:6e1a36] [com.apple.LocalAuthentication:Environment] companionForUser:501 type:1 -> Error Domain=com.apple.LocalAuthentication Code=-1000 ""companions not supported"" UserInfo={NSDebugDescription=companions not supported, NSLocalizedDescription=Authentication failure.}"
2026-05-21 22:40:04.027661,Failed Password Attempt,sudo,N/A,75,High,Mac Failed Login Monitor,"2026-05-21 22:40:04.027 E  coreauthd[994:6e1a36] [com.apple.LocalAuthentication:Environment] companionForUser:501 type:2 -> Error Domain=com.apple.LocalAuthentication Code=-1000 ""companions not supported"" UserInfo={NSDebugDescription=companions not supported, NSLocalizedDescription=Authentication failure.}"
2026-05-21 22:40:04.027738,Failed Password Attempt,sudo,N/A,75,High,Mac Failed Login Monitor,"2026-05-21 22:40:04.027 E  coreauthd[994:6e1a36] [com.apple.LocalAuthentication:Environment] companionForUser:501 type:4 -> Error Domain=com.apple.LocalAuthentication Code=-1000 ""companions not supported"" UserInfo={NSDebugDescription=companions not supported, NSLocalizedDescription=Authentication failure.}"
2026-05-21 22:54:15.530945,Failed Password Attempt,sudo,N/A,75,High,Mac Failed Login Monitor,"2026-05-21 22:54:15.528 E  coreauthd[994:6e4166] [com.apple.LocalAuthentication:Environment] companionForUser:501 type:1 -> Error Domain=com.apple.LocalAuthentication Code=-1000 ""companions not supported"" UserInfo={NSDebugDescription=companions not supported, NSLocalizedDescription=Authentication failure.}"
2026-05-21 22:54:15.531709,Failed Password Attempt,sudo,N/A,75,High,Mac Failed Login Monitor,"2026-05-21 22:54:15.528 E  coreauthd[994:6e4166] [com.apple.LocalAuthentication:Environment] companionForUser:501 type:2 -> Error Domain=com.apple.LocalAuthentication Code=-1000 ""companions not supported"" UserInfo={NSDebugDescription=companions not supported, NSLocalizedDescription=Authentication failure.}"
2026-05-21 22:54:15.531779,Failed Password Attempt,sudo,N/A,75,High,Mac Failed Login Monitor,"2026-05-21 22:54:15.528 E  coreauthd[994:6e4166] [com.apple.LocalAuthentication:Environment] companionForUser:501 type:4 -> Error Domain=com.apple.LocalAuthentication Code=-1000 ""companions not supported"" UserInfo={NSDebugDescription=companions not supported, NSLocalizedDescription=Authentication failure.}"
2026-05-21 22:54:15.599945,Failed Password Attempt,sudo,N/A,75,High,Mac Failed Login Monitor,"2026-05-21 22:54:15.598 E  coreauthd[994:6e4166] [com.apple.LocalAuthentication:Environment] companionForUser:501 type:1 -> Error Domain=com.apple.LocalAuthentication Code=-1000 ""companions not supported"" UserInfo={NSDebugDescription=companions not supported, NSLocalizedDescription=Authentication failure.}"
2026-05-21 22:54:15.600628,Failed Password Attempt,sudo,N/A,75,High,Mac Failed Login Monitor,"2026-05-21 22:54:15.599 E  coreauthd[994:6e4166] [com.apple.LocalAuthentication:Environment] companionForUser:501 type:2 -> Error Domain=com.apple.LocalAuthentication Code=-1000 ""companions not supported"" UserInfo={NSDebugDescription=companions not supported, NSLocalizedDescription=Authentication failure.}"
2026-05-21 22:54:15.608122,Failed Password Attempt,sudo,N/A,75,High,Mac Failed Login Monitor,"2026-05-21 22:54:15.606 E  coreauthd[994:6e4166] [com.apple.LocalAuthentication:Environment] companionForUser:501 type:4 -> Error Domain=com.apple.LocalAuthentication Code=-1000 ""companions not supported"" UserInfo={NSDebugDescription=companions not supported, NSLocalizedDescription=Authentication failure.}"
2026-05-21 22:54:15.636098,Failed Password Attempt,sudo,N/A,75,High,Mac Failed Login Monitor,"2026-05-21 22:54:15.635 E  coreauthd[994:6e4166] [com.apple.LocalAuthentication:Environment] companionForUser:501 type:1 -> Error Domain=com.apple.LocalAuthentication Code=-1000 ""companions not supported"" UserInfo={NSDebugDescription=companions not supported, NSLocalizedDescription=Authentication failure.}"
2026-05-21 22:54:15.636382,Failed Password Attempt,sudo,N/A,75,High,Mac Failed Login Monitor,"2026-05-21 22:54:15.635 E  coreauthd[994:6e4166] [com.apple.LocalAuthentication:Environment] companionForUser:501 type:2 -> Error Domain=com.apple.LocalAuthentication Code=-1000 ""companions not supported"" UserInfo={NSDebugDescription=companions not supported, NSLocalizedDescription=Authentication failure.}"
2026-05-21 22:54:15.636491,Failed Password Attempt,sudo,N/A,75,High,Mac Failed Login Monitor,"2026-05-21 22:54:15.635 E  coreauthd[994:6e4166] [com.apple.LocalAuthentication:Environment] companionForUser:501 type:4 -> Error Domain=com.apple.LocalAuthentication Code=-1000 ""companions not supported"" UserInfo={NSDebugDescription=companions not supported, NSLocalizedDescription=Authentication failure.}"
2026-05-21 22:54:15.675549,Failed Password Attempt,sudo,N/A,75,High,Mac Failed Login Monitor,"2026-05-21 22:54:15.675 E  coreauthd[994:6e3957] [com.apple.LocalAuthentication:Environment] companionForUser:501 type:1 -> Error Domain=com.apple.LocalAuthentication Code=-1000 ""companions not supported"" UserInfo={NSDebugDescription=companions not supported, NSLocalizedDescription=Authentication failure.}"
2026-05-21 22:54:15.675665,Failed Password Attempt,sudo,N/A,75,High,Mac Failed Login Monitor,"2026-05-21 22:54:15.675 E  coreauthd[994:6e3957] [com.apple.LocalAuthentication:Environment] companionForUser:501 type:2 -> Error Domain=com.apple.LocalAuthentication Code=-1000 ""companions not supported"" UserInfo={NSDebugDescription=companions not supported, NSLocalizedDescription=Authentication failure.}"
2026-05-21 22:54:15.675787,Failed Password Attempt,sudo,N/A,75,High,Mac Failed Login Monitor,"2026-05-21 22:54:15.675 E  coreauthd[994:6e3957] [com.apple.LocalAuthentication:Environment] companionForUser:501 type:4 -> Error Domain=com.apple.LocalAuthentication Code=-1000 ""companions not supported"" UserInfo={NSDebugDescription=companions not supported, NSLocalizedDescription=Authentication failure.}"
2026-05-21 23:22:51.877682,Failed Password Attempt,sudo,N/A,75,High,Mac Failed Login Monitor,"2026-05-21 23:22:51.875 E  coreauthd[994:6e6ca7] [com.apple.LocalAuthentication:Environment] companionForUser:501 type:1 -> Error Domain=com.apple.LocalAuthentication Code=-1000 ""companions not supported"" UserInfo={NSDebugDescription=companions not supported, NSLocalizedDescription=Authentication failure.}"
2026-05-21 23:22:51.878213,Failed Password Attempt,sudo,N/A,75,High,Mac Failed Login Monitor,"2026-05-21 23:22:51.875 E  coreauthd[994:6e6ca7] [com.apple.LocalAuthentication:Environment] companionForUser:501 type:2 -> Error Domain=com.apple.LocalAuthentication Code=-1000 ""companions not supported"" UserInfo={NSDebugDescription=companions not supported, NSLocalizedDescription=Authentication failure.}"
2026-05-21 23:22:51.878327,Failed Password Attempt,sudo,N/A,75,High,Mac Failed Login Monitor,"2026-05-21 23:22:51.875 E  coreauthd[994:6e6ca7] [com.apple.LocalAuthentication:Environment] companionForUser:501 type:4 -> Error Domain=com.apple.LocalAuthentication Code=-1000 ""companions not supported"" UserInfo={NSDebugDescription=companions not supported, NSLocalizedDescription=Authentication failure.}"
2026-05-21 23:22:51.886176,Failed Password Attempt,sudo,N/A,75,High,Mac Failed Login Monitor,"2026-05-21 23:22:51.885 E  coreauthd[994:6e6ca7] [com.apple.LocalAuthentication:Environment] companionForUser:501 type:1 -> Error Domain=com.apple.LocalAuthentication Code=-1000 ""companions not supported"" UserInfo={NSDebugDescription=companions not supported, NSLocalizedDescription=Authentication failure.}"
2026-05-21 23:22:51.886299,Failed Password Attempt,sudo,N/A,75,High,Mac Failed Login Monitor,"2026-05-21 23:22:51.885 E  coreauthd[994:6e6ca7] [com.apple.LocalAuthentication:Environment] companionForUser:501 type:2 -> Error Domain=com.apple.LocalAuthentication Code=-1000 ""companions not supported"" UserInfo={NSDebugDescription=companions not supported, NSLocalizedDescription=Authentication failure.}"
2026-05-21 23:22:51.886385,Failed Password Attempt,sudo,N/A,75,High,Mac Failed Login Monitor,"2026-05-21 23:22:51.886 E  coreauthd[994:6e6ca7] [com.apple.LocalAuthentication:Environment] companionForUser:501 type:4 -> Error Domain=com.apple.LocalAuthentication Code=-1000 ""companions not supported"" UserInfo={NSDebugDescription=companions not supported, NSLocalizedDescription=Authentication failure.}"
2026-05-21 23:23:01.605912,Failed Password Attempt,sudo,N/A,75,High,Mac Failed Login Monitor,"2026-05-21 23:23:01.604 E  coreauthd[994:6e68a1] [com.apple.LocalAuthentication:Environment] companionForUser:501 type:1 -> Error Domain=com.apple.LocalAuthentication Code=-1000 ""companions not supported"" UserInfo={NSDebugDescription=companions not supported, NSLocalizedDescription=Authentication failure.}"
2026-05-21 23:23:01.606369,Failed Password Attempt,sudo,N/A,75,High,Mac Failed Login Monitor,"2026-05-21 23:23:01.604 E  coreauthd[994:6e68a1] [com.apple.LocalAuthentication:Environment] companionForUser:501 type:2 -> Error Domain=com.apple.LocalAuthentication Code=-1000 ""companions not supported"" UserInfo={NSDebugDescription=companions not supported, NSLocalizedDescription=Authentication failure.}"
2026-05-21 23:23:01.606598,Failed Password Attempt,sudo,N/A,75,High,Mac Failed Login Monitor,"2026-05-21 23:23:01.604 E  coreauthd[994:6e68a1] [com.apple.LocalAuthentication:Environment] companionForUser:501 type:4 -> Error Domain=com.apple.LocalAuthentication Code=-1000 ""companions not supported"" UserInfo={NSDebugDescription=companions not supported, NSLocalizedDescription=Authentication failure.}"
2026-05-21 23:23:01.629408,Failed Password Attempt,sudo,N/A,75,High,Mac Failed Login Monitor,"2026-05-21 23:23:01.628 E  coreauthd[994:6e68a1] [com.apple.LocalAuthentication:Environment] companionForUser:501 type:1 -> Error Domain=com.apple.LocalAuthentication Code=-1000 ""companions not supported"" UserInfo={NSDebugDescription=companions not supported, NSLocalizedDescription=Authentication failure.}"
2026-05-21 23:23:01.629791,Failed Password Attempt,sudo,N/A,75,High,Mac Failed Login Monitor,"2026-05-21 23:23:01.628 E  coreauthd[994:6e68a1] [com.apple.LocalAuthentication:Environment] companionForUser:501 type:2 -> Error Domain=com.apple.LocalAuthentication Code=-1000 ""companions not supported"" UserInfo={NSDebugDescription=companions not supported, NSLocalizedDescription=Authentication failure.}"
2026-05-21 23:23:01.630009,Failed Password Attempt,sudo,N/A,75,High,Mac Failed Login Monitor,"2026-05-21 23:23:01.629 E  coreauthd[994:6e68a1] [com.apple.LocalAuthentication:Environment] companionForUser:501 type:4 -> Error Domain=com.apple.LocalAuthentication Code=-1000 ""companions not supported"" UserInfo={NSDebugDescription=companions not supported, NSLocalizedDescription=Authentication failure.}"
2026-05-22 03:23:20.233986,Failed Password Attempt,sudo,N/A,75,High,Mac Failed Login Monitor,"2026-05-22 03:23:20.232 E  coreauthd[994:6eed6c] [com.apple.LocalAuthentication:Environment] companionForUser:501 type:1 -> Error Domain=com.apple.LocalAuthentication Code=-1000 ""companions not supported"" UserInfo={NSDebugDescription=companions not supported, NSLocalizedDescription=Authentication failure.}"
2026-05-22 03:23:20.234343,Failed Password Attempt,sudo,N/A,75,High,Mac Failed Login Monitor,"2026-05-22 03:23:20.232 E  coreauthd[994:6eed6c] [com.apple.LocalAuthentication:Environment] companionForUser:501 type:2 -> Error Domain=com.apple.LocalAuthentication Code=-1000 ""companions not supported"" UserInfo={NSDebugDescription=companions not supported, NSLocalizedDescription=Authentication failure.}"
2026-05-22 03:23:20.234410,Failed Password Attempt,sudo,N/A,75,High,Mac Failed Login Monitor,"2026-05-22 03:23:20.232 E  coreauthd[994:6eed6c] [com.apple.LocalAuthentication:Environment] companionForUser:501 type:4 -> Error Domain=com.apple.LocalAuthentication Code=-1000 ""companions not supported"" UserInfo={NSDebugDescription=companions not supported, NSLocalizedDescription=Authentication failure.}"
2026-05-22 03:23:20.250058,Failed Password Attempt,sudo,N/A,75,High,Mac Failed Login Monitor,"2026-05-22 03:23:20.249 E  coreauthd[994:6eef27] [com.apple.LocalAuthentication:Environment] companionForUser:501 type:1 -> Error Domain=com.apple.LocalAuthentication Code=-1000 ""companions not supported"" UserInfo={NSDebugDescription=companions not supported, NSLocalizedDescription=Authentication failure.}"
2026-05-22 03:23:20.250167,Failed Password Attempt,sudo,N/A,75,High,Mac Failed Login Monitor,"2026-05-22 03:23:20.249 E  coreauthd[994:6eef27] [com.apple.LocalAuthentication:Environment] companionForUser:501 type:2 -> Error Domain=com.apple.LocalAuthentication Code=-1000 ""companions not supported"" UserInfo={NSDebugDescription=companions not supported, NSLocalizedDescription=Authentication failure.}"
2026-05-22 03:23:20.250227,Failed Password Attempt,sudo,N/A,75,High,Mac Failed Login Monitor,"2026-05-22 03:23:20.249 E  coreauthd[994:6eef27] [com.apple.LocalAuthentication:Environment] companionForUser:501 type:4 -> Error Domain=com.apple.LocalAuthentication Code=-1000 ""companions not supported"" UserInfo={NSDebugDescription=companions not supported, NSLocalizedDescription=Authentication failure.}"
2026-05-22 03:40:51.216946,Failed Password Attempt,sudo,N/A,75,High,Mac Failed Login Monitor,"2026-05-22 03:40:51.216 E  coreauthd[994:6eed6c] [com.apple.LocalAuthentication:Environment] companionForUser:501 type:1 -> Error Domain=com.apple.LocalAuthentication Code=-1000 ""companions not supported"" UserInfo={NSDebugDescription=companions not supported, NSLocalizedDescription=Authentication failure.}"
2026-05-22 03:40:51.217105,Failed Password Attempt,sudo,N/A,75,High,Mac Failed Login Monitor,"2026-05-22 03:40:51.216 E  coreauthd[994:6eed6c] [com.apple.LocalAuthentication:Environment] companionForUser:501 type:2 -> Error Domain=com.apple.LocalAuthentication Code=-1000 ""companions not supported"" UserInfo={NSDebugDescription=companions not supported, NSLocalizedDescription=Authentication failure.}"
2026-05-22 03:40:51.217174,Failed Password Attempt,sudo,N/A,75,High,Mac Failed Login Monitor,"2026-05-22 03:40:51.216 E  coreauthd[994:6eed6c] [com.apple.LocalAuthentication:Environment] companionForUser:501 type:4 -> Error Domain=com.apple.LocalAuthentication Code=-1000 ""companions not supported"" UserInfo={NSDebugDescription=companions not supported, NSLocalizedDescription=Authentication failure.}"
2026-05-22 03:40:51.231429,Failed Password Attempt,sudo,N/A,75,High,Mac Failed Login Monitor,"2026-05-22 03:40:51.231 E  coreauthd[994:6eed6c] [com.apple.LocalAuthentication:Environment] companionForUser:501 type:1 -> Error Domain=com.apple.LocalAuthentication Code=-1000 ""companions not supported"" UserInfo={NSDebugDescription=companions not supported, NSLocalizedDescription=Authentication failure.}"
2026-05-22 03:40:51.231599,Failed Password Attempt,sudo,N/A,75,High,Mac Failed Login Monitor,"2026-05-22 03:40:51.231 E  coreauthd[994:6eed6c] [com.apple.LocalAuthentication:Environment] companionForUser:501 type:2 -> Error Domain=com.apple.LocalAuthentication Code=-1000 ""companions not supported"" UserInfo={NSDebugDescription=companions not supported, NSLocalizedDescription=Authentication failure.}"
2026-05-22 03:40:51.231748,Failed Password Attempt,sudo,N/A,75,High,Mac Failed Login Monitor,"2026-05-22 03:40:51.231 E  coreauthd[994:6eed6c] [com.apple.LocalAuthentication:Environment] companionForUser:501 type:4 -> Error Domain=com.apple.LocalAuthentication Code=-1000 ""companions not supported"" UserInfo={NSDebugDescription=companions not supported, NSLocalizedDescription=Authentication failure.}"
2026-05-22 09:30:34.018423,Failed Password Attempt,sudo,N/A,75,High,Mac Failed Login Monitor,2026-05-22 09:30:34.016 Df loginwindow[597:ff2] [com.apple.loginwindow.logging:Standard] -[LWDefaultScreenLockUI authFailWithMessage:] | enter. INCORRECT password
2026-05-22 09:30:53.742240,Failed Password Attempt,sudo,N/A,75,High,Mac Failed Login Monitor,"2026-05-22 09:30:53.738 E  coreauthd[994:6f3c36] [com.apple.LocalAuthentication:Environment] companionForUser:501 type:1 -> Error Domain=com.apple.LocalAuthentication Code=-1000 ""companions not supported"" UserInfo={NSDebugDescription=companions not supported, NSLocalizedDescription=Authentication failure.}"
2026-05-22 09:30:53.742877,Failed Password Attempt,sudo,N/A,75,High,Mac Failed Login Monitor,"2026-05-22 09:30:53.738 E  coreauthd[994:6f3c36] [com.apple.LocalAuthentication:Environment] companionForUser:501 type:2 -> Error Domain=com.apple.LocalAuthentication Code=-1000 ""companions not supported"" UserInfo={NSDebugDescription=companions not supported, NSLocalizedDescription=Authentication failure.}"
2026-05-22 09:30:53.743427,Failed Password Attempt,sudo,N/A,75,High,Mac Failed Login Monitor,"2026-05-22 09:30:53.739 E  coreauthd[994:6f3c36] [com.apple.LocalAuthentication:Environment] companionForUser:501 type:4 -> Error Domain=com.apple.LocalAuthentication Code=-1000 ""companions not supported"" UserInfo={NSDebugDescription=companions not supported, NSLocalizedDescription=Authentication failure.}"
2026-05-22 09:30:53.801052,Failed Password Attempt,sudo,N/A,75,High,Mac Failed Login Monitor,"2026-05-22 09:30:53.800 E  coreauthd[994:6f48fd] [com.apple.LocalAuthentication:Environment] companionForUser:501 type:1 -> Error Domain=com.apple.LocalAuthentication Code=-1000 ""companions not supported"" UserInfo={NSDebugDescription=companions not supported, NSLocalizedDescription=Authentication failure.}"
2026-05-22 09:30:53.801387,Failed Password Attempt,sudo,N/A,75,High,Mac Failed Login Monitor,"2026-05-22 09:30:53.800 E  coreauthd[994:6f48fd] [com.apple.LocalAuthentication:Environment] companionForUser:501 type:2 -> Error Domain=com.apple.LocalAuthentication Code=-1000 ""companions not supported"" UserInfo={NSDebugDescription=companions not supported, NSLocalizedDescription=Authentication failure.}"
2026-05-22 09:30:53.801650,Failed Password Attempt,sudo,N/A,75,High,Mac Failed Login Monitor,"2026-05-22 09:30:53.800 E  coreauthd[994:6f48fd] [com.apple.LocalAuthentication:Environment] companionForUser:501 type:4 -> Error Domain=com.apple.LocalAuthentication Code=-1000 ""companions not supported"" UserInfo={NSDebugDescription=companions not supported, NSLocalizedDescription=Authentication failure.}"
2026-05-22 09:30:54.809744,Failed Password Attempt,sudo,N/A,75,High,Mac Failed Login Monitor,"2026-05-22 09:30:54.809 E  coreauthd[994:6f3c36] [com.apple.LocalAuthentication:Environment] companionForUser:501 type:1 -> Error Domain=com.apple.LocalAuthentication Code=-1000 ""companions not supported"" UserInfo={NSDebugDescription=companions not supported, NSLocalizedDescription=Authentication failure.}"
2026-05-22 09:30:54.810089,Failed Password Attempt,sudo,N/A,75,High,Mac Failed Login Monitor,"2026-05-22 09:30:54.809 E  coreauthd[994:6f3c36] [com.apple.LocalAuthentication:Environment] companionForUser:501 type:2 -> Error Domain=com.apple.LocalAuthentication Code=-1000 ""companions not supported"" UserInfo={NSDebugDescription=companions not supported, NSLocalizedDescription=Authentication failure.}"
2026-05-22 09:30:54.810271,Failed Password Attempt,sudo,N/A,75,High,Mac Failed Login Monitor,"2026-05-22 09:30:54.809 E  coreauthd[994:6f3c36] [com.apple.LocalAuthentication:Environment] companionForUser:501 type:4 -> Error Domain=com.apple.LocalAuthentication Code=-1000 ""companions not supported"" UserInfo={NSDebugDescription=companions not supported, NSLocalizedDescription=Authentication failure.}"
2026-05-22 09:30:55.024906,Failed Password Attempt,sudo,N/A,75,High,Mac Failed Login Monitor,"2026-05-22 09:30:55.024 E  coreauthd[994:6f3c36] [com.apple.LocalAuthentication:Environment] companionForUser:501 type:1 -> Error Domain=com.apple.LocalAuthentication Code=-1000 ""companions not supported"" UserInfo={NSDebugDescription=companions not supported, NSLocalizedDescription=Authentication failure.}"
2026-05-22 09:30:55.025237,Failed Password Attempt,sudo,N/A,75,High,Mac Failed Login Monitor,"2026-05-22 09:30:55.024 E  coreauthd[994:6f3c36] [com.apple.LocalAuthentication:Environment] companionForUser:501 type:2 -> Error Domain=com.apple.LocalAuthentication Code=-1000 ""companions not supported"" UserInfo={NSDebugDescription=companions not supported, NSLocalizedDescription=Authentication failure.}"
2026-05-22 09:30:55.025414,Failed Password Attempt,sudo,N/A,75,High,Mac Failed Login Monitor,"2026-05-22 09:30:55.024 E  coreauthd[994:6f3c36] [com.apple.LocalAuthentication:Environment] companionForUser:501 type:4 -> Error Domain=com.apple.LocalAuthentication Code=-1000 ""companions not supported"" UserInfo={NSDebugDescription=companions not supported, NSLocalizedDescription=Authentication failure.}"
2026-05-22 09:30:55.027701,Failed Password Attempt,sudo,N/A,75,High,Mac Failed Login Monitor,"2026-05-22 09:30:55.027 E  coreauthd[994:6f3c36] [com.apple.LocalAuthentication:Environment] companionForUser:501 type:1 -> Error Domain=com.apple.LocalAuthentication Code=-1000 ""companions not supported"" UserInfo={NSDebugDescription=companions not supported, NSLocalizedDescription=Authentication failure.}"
2026-05-22 09:30:55.028069,Failed Password Attempt,sudo,N/A,75,High,Mac Failed Login Monitor,"2026-05-22 09:30:55.027 E  coreauthd[994:6f3c36] [com.apple.LocalAuthentication:Environment] companionForUser:501 type:2 -> Error Domain=com.apple.LocalAuthentication Code=-1000 ""companions not supported"" UserInfo={NSDebugDescription=companions not supported, NSLocalizedDescription=Authentication failure.}"
2026-05-22 09:30:55.028161,Failed Password Attempt,sudo,N/A,75,High,Mac Failed Login Monitor,"2026-05-22 09:30:55.027 E  coreauthd[994:6f3c36] [com.apple.LocalAuthentication:Environment] companionForUser:501 type:4 -> Error Domain=com.apple.LocalAuthentication Code=-1000 ""companions not supported"" UserInfo={NSDebugDescription=companions not supported, NSLocalizedDescription=Authentication failure.}"
2026-05-22 09:30:55.029956,Failed Password Attempt,sudo,N/A,75,High,Mac Failed Login Monitor,"2026-05-22 09:30:55.029 E  coreauthd[994:6f492e] [com.apple.LocalAuthentication:Environment] companionForUser:501 type:1 -> Error Domain=com.apple.LocalAuthentication Code=-1000 ""companions not supported"" UserInfo={NSDebugDescription=companions not supported, NSLocalizedDescription=Authentication failure.}"
2026-05-22 09:30:55.030056,Failed Password Attempt,sudo,N/A,75,High,Mac Failed Login Monitor,"2026-05-22 09:30:55.029 E  coreauthd[994:6f492e] [com.apple.LocalAuthentication:Environment] companionForUser:501 type:2 -> Error Domain=com.apple.LocalAuthentication Code=-1000 ""companions not supported"" UserInfo={NSDebugDescription=companions not supported, NSLocalizedDescription=Authentication failure.}"
2026-05-22 09:30:55.030113,Failed Password Attempt,sudo,N/A,75,High,Mac Failed Login Monitor,"2026-05-22 09:30:55.029 E  coreauthd[994:6f492e] [com.apple.LocalAuthentication:Environment] companionForUser:501 type:4 -> Error Domain=com.apple.LocalAuthentication Code=-1000 ""companions not supported"" UserInfo={NSDebugDescription=companions not supported, NSLocalizedDescription=Authentication failure.}"
2026-05-22 09:30:59.849856,Failed Password Attempt,sudo,N/A,75,High,Mac Failed Login Monitor,"2026-05-22 09:30:59.848 E  coreauthd[994:6f492e] [com.apple.LocalAuthentication:Environment] companionForUser:501 type:1 -> Error Domain=com.apple.LocalAuthentication Code=-1000 ""companions not supported"" UserInfo={NSDebugDescription=companions not supported, NSLocalizedDescription=Authentication failure.}"
2026-05-22 09:30:59.850209,Failed Password Attempt,sudo,N/A,75,High,Mac Failed Login Monitor,"2026-05-22 09:30:59.849 E  coreauthd[994:6f492e] [com.apple.LocalAuthentication:Environment] companionForUser:501 type:2 -> Error Domain=com.apple.LocalAuthentication Code=-1000 ""companions not supported"" UserInfo={NSDebugDescription=companions not supported, NSLocalizedDescription=Authentication failure.}"
2026-05-22 09:30:59.850303,Failed Password Attempt,sudo,N/A,75,High,Mac Failed Login Monitor,"2026-05-22 09:30:59.849 E  coreauthd[994:6f492e] [com.apple.LocalAuthentication:Environment] companionForUser:501 type:4 -> Error Domain=com.apple.LocalAuthentication Code=-1000 ""companions not supported"" UserInfo={NSDebugDescription=companions not supported, NSLocalizedDescription=Authentication failure.}"
2026-05-22 09:30:59.860433,Failed Password Attempt,sudo,N/A,75,High,Mac Failed Login Monitor,"2026-05-22 09:30:59.860 E  coreauthd[994:6f492e] [com.apple.LocalAuthentication:Environment] companionForUser:501 type:1 -> Error Domain=com.apple.LocalAuthentication Code=-1000 ""companions not supported"" UserInfo={NSDebugDescription=companions not supported, NSLocalizedDescription=Authentication failure.}"
2026-05-22 09:30:59.860537,Failed Password Attempt,sudo,N/A,75,High,Mac Failed Login Monitor,"2026-05-22 09:30:59.860 E  coreauthd[994:6f492e] [com.apple.LocalAuthentication:Environment] companionForUser:501 type:2 -> Error Domain=com.apple.LocalAuthentication Code=-1000 ""companions not supported"" UserInfo={NSDebugDescription=companions not supported, NSLocalizedDescription=Authentication failure.}"
2026-05-22 09:30:59.860614,Failed Password Attempt,sudo,N/A,75,High,Mac Failed Login Monitor,"2026-05-22 09:30:59.860 E  coreauthd[994:6f492e] [com.apple.LocalAuthentication:Environment] companionForUser:501 type:4 -> Error Domain=com.apple.LocalAuthentication Code=-1000 ""companions not supported"" UserInfo={NSDebugDescription=companions not supported, NSLocalizedDescription=Authentication failure.}"
2026-05-22 09:31:08.674389,Failed Password Attempt,sudo,N/A,75,High,Mac Failed Login Monitor,"2026-05-22 09:31:08.673 Df mobileassetd[48741:6f45b1] [com.apple.mobileassetd:Download] Sending download result 65 (MADownloadNotConnectedToInternet) <96CE6EA7-FE07-4B99-9279-ABE5E4185900> for DownloadInfo taskDescriptor: com_apple_MobileAsset_MacSoftwareUpdate.xml . task: LocalDataTask <96CE6EA7-FE07-4B99-9279-ABE5E4185900>.<7> taskState: completed statusCode: -1 downloadSize: 0 progress: 0 / 0 isStalled: NO numStalls: 0 numNoLongerStalls: 0 backtracks: 0 callbackCount: 1 hasExtractor: NO extractorRequired: NO originalUrl: (null) cacheServerUrl: (null) assetType: com.apple.MobileAsset.MacSoftwareUpdate purpose: (null) shouldRetry: YES ifModifiedDate: (null) options: MADownloadOptions allowsCellular: 0 resourceTimeout: 30 canUseCacheServer: 0 discretionary: 1 disableUI: 0 sessionId: A73DCA61-5A54-55AE-B622-53CB68CD0381 additionalServerParams:{     AllowSameBuildVersion = false;     AllowSameRestoreVersion = false;     BuildVersion = 25E253;     DeviceCheck = Background;     DeviceName = Mac;     HWModelStr = J313AP;     InstalledSFRVersion = 25E253;     ProductType = ""MacBookAir10,1"";     RestoreVersion = ""25.5.253.0.0,0"";     ScanRequestCount = 1; } allowsExpensiveAccess:1 requiresPowerPluggedIn: 0 prefersInfraWiFi: 1 liveServerOnly: -1 DownloadAuthorizationHeader: not present analyticsData: not present allowDaemonConnectionRetries: 0  + MAMsuDownloadOptions reqProdVersion: (null) reqBuildVersion: (null) delayPeriod: 0 managedDevice: 0 allowSameVersion: 0 prereqBuild: 25E253 prereqVersion: 26.4.1 prereqReleaseType: (null) liveAssetAudienceUUID: (null) purpose: (null) error: Error Domain=NSURLErrorDomain Code=-1009 ""The Internet connection appears to be offline."" UserInfo={NSUnderlyingError=0x77ef72820 {Error Domain=kCFErrorDomainCFNetwork Code=-1009 ""(null)"" UserInfo={_kCFStreamErrorDomainKey=1, _kCFStreamErrorCodeKey=50, _NSURLErrorNWResolutionReportKey=Resolved 0 endpoints in 2ms using unknown from cache, _NSURLErrorNWPathKey=unsatisfied (No network route)}}, NSErrorFailingURLStringKey=https://gdmf.apple.com/v2/assets, NSErrorFailingURLKey=https://gdmf.apple.com/v2/assets, _kCFStreamErrorDomainKey=1, _kCFStreamErrorCodeKey=50, NSLocalizedDescription=The Internet connection appears to be offline.} nsurlsessiontaskID:(null) serviceManaged:NO"
2026-05-22 09:31:08.674857,Failed Password Attempt,sudo,N/A,75,High,Mac Failed Login Monitor,"2026-05-22 09:31:08.674 Df mobileassetd[48741:6f45b1] [com.apple.mobileassetd:Download] reporting download attempt DownloadInfo taskDescriptor: com_apple_MobileAsset_MacSoftwareUpdate.xml . task: LocalDataTask <96CE6EA7-FE07-4B99-9279-ABE5E4185900>.<7> taskState: completed statusCode: -1 downloadSize: 0 progress: 0 / 0 isStalled: NO numStalls: 0 numNoLongerStalls: 0 backtracks: 0 callbackCount: 1 hasExtractor: NO extractorRequired: NO originalUrl: (null) cacheServerUrl: (null) assetType: com.apple.MobileAsset.MacSoftwareUpdate purpose: (null) shouldRetry: YES ifModifiedDate: (null) options: MADownloadOptions allowsCellular: 0 resourceTimeout: 30 canUseCacheServer: 0 discretionary: 1 disableUI: 0 sessionId: A73DCA61-5A54-55AE-B622-53CB68CD0381 additionalServerParams:{     AllowSameBuildVersion = false;     AllowSameRestoreVersion = false;     BuildVersion = 25E253;     DeviceCheck = Background;     DeviceName = Mac;     HWModelStr = J313AP;     InstalledSFRVersion = 25E253;     ProductType = ""MacBookAir10,1"";     RestoreVersion = ""25.5.253.0.0,0"";     ScanRequestCount = 1; } allowsExpensiveAccess:1 requiresPowerPluggedIn: 0 prefersInfraWiFi: 1 liveServerOnly: -1 DownloadAuthorizationHeader: not present analyticsData: not present allowDaemonConnectionRetries: 0  + MAMsuDownloadOptions reqProdVersion: (null) reqBuildVersion: (null) delayPeriod: 0 managedDevice: 0 allowSameVersion: 0 prereqBuild: 25E253 prereqVersion: 26.4.1 prereqReleaseType: (null) liveAssetAudienceUUID: (null) purpose: (null) error: Error Domain=NSURLErrorDomain Code=-1009 ""The Internet connection appears to be offline."" UserInfo={NSUnderlyingError=0x77ef72820 {Error Domain=kCFErrorDomainCFNetwork Code=-1009 ""(null)"" UserInfo={_kCFStreamErrorDomainKey=1, _kCFStreamErrorCodeKey=50, _NSURLErrorNWResolutionReportKey=Resolved 0 endpoints in 2ms using unknown from cache, _NSURLErrorNWPathKey=unsatisfied (No network route)}}, NSErrorFailingURLStringKey=https://gdmf.apple.com/v2/assets, NSErrorFailingURLKey=https://gdmf.apple.com/v2/assets, _kCFStreamErrorDomainKey=1, _kCFStreamErrorCodeKey=50, NSLocalizedDescription=The Internet connection appears to be offline.} nsurlsessiontaskID:(null) serviceManaged:NO"
2026-05-22 09:31:08.727323,Failed Password Attempt,sudo,N/A,75,High,Mac Failed Login Monitor,"2026-05-22 09:31:08.726 Df mobileassetd[48741:6f45b1] [com.apple.mobileassetd:Download] Sending download result 65 (MADownloadNotConnectedToInternet) <718C9D4A-7A4D-4DF4-88DC-A4DFF07EEA27> for DownloadInfo taskDescriptor: com_apple_MobileAsset_MacSplatSoftwareUpdate.xml . task: LocalDataTask <718C9D4A-7A4D-4DF4-88DC-A4DFF07EEA27>.<8> taskState: completed statusCode: -1 downloadSize: 0 progress: 0 / 0 isStalled: NO numStalls: 0 numNoLongerStalls: 0 backtracks: 0 callbackCount: 1 hasExtractor: NO extractorRequired: NO originalUrl: (null) cacheServerUrl: (null) assetType: com.apple.MobileAsset.MacSplatSoftwareUpdate purpose: (null) shouldRetry: YES ifModifiedDate: (null) options: MADownloadOptions allowsCellular: 0 resourceTimeout: 30 canUseCacheServer: 0 discretionary: 1 disableUI: 0 sessionId: A73DCA61-5A54-55AE-B622-53CB68CD0381 additionalServerParams:{     AllowSameBuildVersion = false;     AllowSameRestoreVersion = false;     Build = 25E253;     BuildVersion = 25E253;     DeviceCheck = Background;     DeviceName = Mac;     HWModelStr = J313AP;     InstalledSFRVersion = 25E253;     InstalledSplatRestoreVersion = ""25.5.253.0.0,0"";     ProductType = ""MacBookAir10,1"";     RestoreVersion = ""25.5.253.0.0,0"";     ScanRequestCount = 1; } allowsExpensiveAccess:1 requiresPowerPluggedIn: 0 prefersInfraWiFi: 1 liveServerOnly: -1 DownloadAuthorizationHeader: not present analyticsData: not present allowDaemonConnectionRetries: 0  + MAMsuDownloadOptions reqProdVersion: (null) reqBuildVersion: (null) delayPeriod: 0 managedDevice: 0 allowSameVersion: 0 prereqBuild: 25E253 prereqVersion: 26.4.1 prereqReleaseType: (null) liveAssetAudienceUUID: (null) purpose: (null) error: Error Domain=NSURLErrorDomain Code=-1009 ""The Internet connection appears to be offline."" UserInfo={NSUnderlyingError=0x77ef73990 {Error Domain=kCFErrorDomainCFNetwork Code=-1009 ""(null)"" UserInfo={_kCFStreamErrorDomainKey=1, _kCFStreamErrorCodeKey=50, _NSURLErrorNWResolutionReportKey=Resolved 0 endpoints in 1ms using unknown from cache, _NSURLErrorNWPathKey=unsatisfied (No network route)}}, NSErrorFailingURLStringKey=https://gdmf.apple.com/v2/assets, NSErrorFailingURLKey=https://gdmf.apple.com/v2/assets, _kCFStreamErrorDomainKey=1, _kCFStreamErrorCodeKey=50, NSLocalizedDescription=The Internet connection appears to be offline.} nsurlsessiontaskID:(null) serviceManaged:NO"
2026-05-22 09:31:08.727765,Failed Password Attempt,sudo,N/A,75,High,Mac Failed Login Monitor,"2026-05-22 09:31:08.727 Df mobileassetd[48741:6f45b1] [com.apple.mobileassetd:Download] reporting download attempt DownloadInfo taskDescriptor: com_apple_MobileAsset_MacSplatSoftwareUpdate.xml . task: LocalDataTask <718C9D4A-7A4D-4DF4-88DC-A4DFF07EEA27>.<8> taskState: completed statusCode: -1 downloadSize: 0 progress: 0 / 0 isStalled: NO numStalls: 0 numNoLongerStalls: 0 backtracks: 0 callbackCount: 1 hasExtractor: NO extractorRequired: NO originalUrl: (null) cacheServerUrl: (null) assetType: com.apple.MobileAsset.MacSplatSoftwareUpdate purpose: (null) shouldRetry: YES ifModifiedDate: (null) options: MADownloadOptions allowsCellular: 0 resourceTimeout: 30 canUseCacheServer: 0 discretionary: 1 disableUI: 0 sessionId: A73DCA61-5A54-55AE-B622-53CB68CD0381 additionalServerParams:{     AllowSameBuildVersion = false;     AllowSameRestoreVersion = false;     Build = 25E253;     BuildVersion = 25E253;     DeviceCheck = Background;     DeviceName = Mac;     HWModelStr = J313AP;     InstalledSFRVersion = 25E253;     InstalledSplatRestoreVersion = ""25.5.253.0.0,0"";     ProductType = ""MacBookAir10,1"";     RestoreVersion = ""25.5.253.0.0,0"";     ScanRequestCount = 1; } allowsExpensiveAccess:1 requiresPowerPluggedIn: 0 prefersInfraWiFi: 1 liveServerOnly: -1 DownloadAuthorizationHeader: not present analyticsData: not present allowDaemonConnectionRetries: 0  + MAMsuDownloadOptions reqProdVersion: (null) reqBuildVersion: (null) delayPeriod: 0 managedDevice: 0 allowSameVersion: 0 prereqBuild: 25E253 prereqVersion: 26.4.1 prereqReleaseType: (null) liveAssetAudienceUUID: (null) purpose: (null) error: Error Domain=NSURLErrorDomain Code=-1009 ""The Internet connection appears to be offline."" UserInfo={NSUnderlyingError=0x77ef73990 {Error Domain=kCFErrorDomainCFNetwork Code=-1009 ""(null)"" UserInfo={_kCFStreamErrorDomainKey=1, _kCFStreamErrorCodeKey=50, _NSURLErrorNWResolutionReportKey=Resolved 0 endpoints in 1ms using unknown from cache, _NSURLErrorNWPathKey=unsatisfied (No network route)}}, NSErrorFailingURLStringKey=https://gdmf.apple.com/v2/assets, NSErrorFailingURLKey=https://gdmf.apple.com/v2/assets, _kCFStreamErrorDomainKey=1, _kCFStreamErrorCodeKey=50, NSLocalizedDescription=The Internet connection appears to be offline.} nsurlsessiontaskID:(null) serviceManaged:NO"
2026-05-22 09:53:56.677768,Failed Password Attempt,sudo,N/A,75,High,Mac Failed Login Monitor,"2026-05-22 09:53:56.653 E  coreauthd[994:6f8e34] [com.apple.LocalAuthentication:Environment] companionForUser:501 type:1 -> Error Domain=com.apple.LocalAuthentication Code=-1000 ""companions not supported"" UserInfo={NSDebugDescription=companions not supported, NSLocalizedDescription=Authentication failure.}"
2026-05-22 09:53:56.681613,Failed Password Attempt,sudo,N/A,75,High,Mac Failed Login Monitor,"2026-05-22 09:53:56.653 E  coreauthd[994:6f8e34] [com.apple.LocalAuthentication:Environment] companionForUser:501 type:2 -> Error Domain=com.apple.LocalAuthentication Code=-1000 ""companions not supported"" UserInfo={NSDebugDescription=companions not supported, NSLocalizedDescription=Authentication failure.}"
2026-05-22 09:53:56.681859,Failed Password Attempt,sudo,N/A,75,High,Mac Failed Login Monitor,"2026-05-22 09:53:56.653 E  coreauthd[994:6f8e34] [com.apple.LocalAuthentication:Environment] companionForUser:501 type:4 -> Error Domain=com.apple.LocalAuthentication Code=-1000 ""companions not supported"" UserInfo={NSDebugDescription=companions not supported, NSLocalizedDescription=Authentication failure.}"
2026-05-22 09:53:56.708788,Failed Password Attempt,sudo,N/A,75,High,Mac Failed Login Monitor,"2026-05-22 09:53:56.708 E  coreauthd[994:6f8f18] [com.apple.LocalAuthentication:Environment] companionForUser:501 type:1 -> Error Domain=com.apple.LocalAuthentication Code=-1000 ""companions not supported"" UserInfo={NSDebugDescription=companions not supported, NSLocalizedDescription=Authentication failure.}"
2026-05-22 09:53:56.708909,Failed Password Attempt,sudo,N/A,75,High,Mac Failed Login Monitor,"2026-05-22 09:53:56.708 E  coreauthd[994:6f8f18] [com.apple.LocalAuthentication:Environment] companionForUser:501 type:2 -> Error Domain=com.apple.LocalAuthentication Code=-1000 ""companions not supported"" UserInfo={NSDebugDescription=companions not supported, NSLocalizedDescription=Authentication failure.}"
2026-05-22 09:53:56.708997,Failed Password Attempt,sudo,N/A,75,High,Mac Failed Login Monitor,"2026-05-22 09:53:56.708 E  coreauthd[994:6f8f18] [com.apple.LocalAuthentication:Environment] companionForUser:501 type:4 -> Error Domain=com.apple.LocalAuthentication Code=-1000 ""companions not supported"" UserInfo={NSDebugDescription=companions not supported, NSLocalizedDescription=Authentication failure.}"
2026-05-22 09:54:05.513727,Failed Password Attempt,sudo,N/A,75,High,Mac Failed Login Monitor,"2026-05-22 09:54:05.509 E  coreauthd[994:6f8f18] [com.apple.LocalAuthentication:Environment] companionForUser:501 type:1 -> Error Domain=com.apple.LocalAuthentication Code=-1000 ""companions not supported"" UserInfo={NSDebugDescription=companions not supported, NSLocalizedDescription=Authentication failure.}"
2026-05-22 09:54:05.514453,Failed Password Attempt,sudo,N/A,75,High,Mac Failed Login Monitor,"2026-05-22 09:54:05.509 E  coreauthd[994:6f8f18] [com.apple.LocalAuthentication:Environment] companionForUser:501 type:2 -> Error Domain=com.apple.LocalAuthentication Code=-1000 ""companions not supported"" UserInfo={NSDebugDescription=companions not supported, NSLocalizedDescription=Authentication failure.}"
2026-05-22 09:54:05.514666,Failed Password Attempt,sudo,N/A,75,High,Mac Failed Login Monitor,"2026-05-22 09:54:05.509 E  coreauthd[994:6f8f18] [com.apple.LocalAuthentication:Environment] companionForUser:501 type:4 -> Error Domain=com.apple.LocalAuthentication Code=-1000 ""companions not supported"" UserInfo={NSDebugDescription=companions not supported, NSLocalizedDescription=Authentication failure.}"
2026-05-22 09:54:05.519696,Failed Password Attempt,sudo,N/A,75,High,Mac Failed Login Monitor,"2026-05-22 09:54:05.519 E  coreauthd[994:6f8e34] [com.apple.LocalAuthentication:Environment] companionForUser:501 type:1 -> Error Domain=com.apple.LocalAuthentication Code=-1000 ""companions not supported"" UserInfo={NSDebugDescription=companions not supported, NSLocalizedDescription=Authentication failure.}"
2026-05-22 09:54:05.520015,Failed Password Attempt,sudo,N/A,75,High,Mac Failed Login Monitor,"2026-05-22 09:54:05.519 E  coreauthd[994:6f8e34] [com.apple.LocalAuthentication:Environment] companionForUser:501 type:2 -> Error Domain=com.apple.LocalAuthentication Code=-1000 ""companions not supported"" UserInfo={NSDebugDescription=companions not supported, NSLocalizedDescription=Authentication failure.}"
2026-05-22 09:54:05.520215,Failed Password Attempt,sudo,N/A,75,High,Mac Failed Login Monitor,"2026-05-22 09:54:05.519 E  coreauthd[994:6f8e34] [com.apple.LocalAuthentication:Environment] companionForUser:501 type:4 -> Error Domain=com.apple.LocalAuthentication Code=-1000 ""companions not supported"" UserInfo={NSDebugDescription=companions not supported, NSLocalizedDescription=Authentication failure.}"
2026-05-22 10:26:00.865245,Failed Password Attempt,sudo,N/A,75,High,Mac Failed Login Monitor,"2026-05-22 10:26:00.854 E  coreauthd[994:6f9a52] [com.apple.LocalAuthentication:Environment] companionForUser:501 type:1 -> Error Domain=com.apple.LocalAuthentication Code=-1000 ""companions not supported"" UserInfo={NSDebugDescription=companions not supported, NSLocalizedDescription=Authentication failure.}"
2026-05-22 10:26:00.867494,Failed Password Attempt,sudo,N/A,75,High,Mac Failed Login Monitor,"2026-05-22 10:26:00.854 E  coreauthd[994:6f9a52] [com.apple.LocalAuthentication:Environment] companionForUser:501 type:2 -> Error Domain=com.apple.LocalAuthentication Code=-1000 ""companions not supported"" UserInfo={NSDebugDescription=companions not supported, NSLocalizedDescription=Authentication failure.}"
2026-05-22 10:26:00.868687,Failed Password Attempt,sudo,N/A,75,High,Mac Failed Login Monitor,"2026-05-22 10:26:00.854 E  coreauthd[994:6f9a52] [com.apple.LocalAuthentication:Environment] companionForUser:501 type:4 -> Error Domain=com.apple.LocalAuthentication Code=-1000 ""companions not supported"" UserInfo={NSDebugDescription=companions not supported, NSLocalizedDescription=Authentication failure.}"
2026-05-22 10:26:00.992555,Failed Password Attempt,sudo,N/A,75,High,Mac Failed Login Monitor,"2026-05-22 10:26:00.992 E  coreauthd[994:6f9f4a] [com.apple.LocalAuthentication:Environment] companionForUser:501 type:1 -> Error Domain=com.apple.LocalAuthentication Code=-1000 ""companions not supported"" UserInfo={NSDebugDescription=companions not supported, NSLocalizedDescription=Authentication failure.}"
2026-05-22 10:26:00.992686,Failed Password Attempt,sudo,N/A,75,High,Mac Failed Login Monitor,"2026-05-22 10:26:00.992 E  coreauthd[994:6f9f4a] [com.apple.LocalAuthentication:Environment] companionForUser:501 type:2 -> Error Domain=com.apple.LocalAuthentication Code=-1000 ""companions not supported"" UserInfo={NSDebugDescription=companions not supported, NSLocalizedDescription=Authentication failure.}"
2026-05-22 10:26:00.992760,Failed Password Attempt,sudo,N/A,75,High,Mac Failed Login Monitor,"2026-05-22 10:26:00.992 E  coreauthd[994:6f9f4a] [com.apple.LocalAuthentication:Environment] companionForUser:501 type:4 -> Error Domain=com.apple.LocalAuthentication Code=-1000 ""companions not supported"" UserInfo={NSDebugDescription=companions not supported, NSLocalizedDescription=Authentication failure.}"
2026-05-22 10:26:02.089064,Failed Password Attempt,sudo,N/A,75,High,Mac Failed Login Monitor,"2026-05-22 10:26:02.088 E  coreauthd[994:6f9f4a] [com.apple.LocalAuthentication:Environment] companionForUser:501 type:1 -> Error Domain=com.apple.LocalAuthentication Code=-1000 ""companions not supported"" UserInfo={NSDebugDescription=companions not supported, NSLocalizedDescription=Authentication failure.}"
2026-05-22 10:26:02.089947,Failed Password Attempt,sudo,N/A,75,High,Mac Failed Login Monitor,"2026-05-22 10:26:02.088 E  coreauthd[994:6f9f4a] [com.apple.LocalAuthentication:Environment] companionForUser:501 type:2 -> Error Domain=com.apple.LocalAuthentication Code=-1000 ""companions not supported"" UserInfo={NSDebugDescription=companions not supported, NSLocalizedDescription=Authentication failure.}"
2026-05-22 10:26:02.090016,Failed Password Attempt,sudo,N/A,75,High,Mac Failed Login Monitor,"2026-05-22 10:26:02.088 E  coreauthd[994:6f9f4a] [com.apple.LocalAuthentication:Environment] companionForUser:501 type:4 -> Error Domain=com.apple.LocalAuthentication Code=-1000 ""companions not supported"" UserInfo={NSDebugDescription=companions not supported, NSLocalizedDescription=Authentication failure.}"
2026-05-22 10:26:02.092621,Failed Password Attempt,sudo,N/A,75,High,Mac Failed Login Monitor,"2026-05-22 10:26:02.092 E  coreauthd[994:6f9a52] [com.apple.LocalAuthentication:Environment] companionForUser:501 type:1 -> Error Domain=com.apple.LocalAuthentication Code=-1000 ""companions not supported"" UserInfo={NSDebugDescription=companions not supported, NSLocalizedDescription=Authentication failure.}"
2026-05-22 10:26:02.092855,Failed Password Attempt,sudo,N/A,75,High,Mac Failed Login Monitor,"2026-05-22 10:26:02.092 E  coreauthd[994:6f9a52] [com.apple.LocalAuthentication:Environment] companionForUser:501 type:2 -> Error Domain=com.apple.LocalAuthentication Code=-1000 ""companions not supported"" UserInfo={NSDebugDescription=companions not supported, NSLocalizedDescription=Authentication failure.}"
2026-05-22 10:26:02.092959,Failed Password Attempt,sudo,N/A,75,High,Mac Failed Login Monitor,"2026-05-22 10:26:02.092 E  coreauthd[994:6f9a52] [com.apple.LocalAuthentication:Environment] companionForUser:501 type:4 -> Error Domain=com.apple.LocalAuthentication Code=-1000 ""companions not supported"" UserInfo={NSDebugDescription=companions not supported, NSLocalizedDescription=Authentication failure.}"
2026-05-22 10:26:02.121488,Failed Password Attempt,sudo,N/A,75,High,Mac Failed Login Monitor,"2026-05-22 10:26:02.121 E  coreauthd[994:6f9f4a] [com.apple.LocalAuthentication:Environment] companionForUser:501 type:1 -> Error Domain=com.apple.LocalAuthentication Code=-1000 ""companions not supported"" UserInfo={NSDebugDescription=companions not supported, NSLocalizedDescription=Authentication failure.}"
2026-05-22 10:26:02.121593,Failed Password Attempt,sudo,N/A,75,High,Mac Failed Login Monitor,"2026-05-22 10:26:02.121 E  coreauthd[994:6f9f4a] [com.apple.LocalAuthentication:Environment] companionForUser:501 type:2 -> Error Domain=com.apple.LocalAuthentication Code=-1000 ""companions not supported"" UserInfo={NSDebugDescription=companions not supported, NSLocalizedDescription=Authentication failure.}"
2026-05-22 10:26:02.121682,Failed Password Attempt,sudo,N/A,75,High,Mac Failed Login Monitor,"2026-05-22 10:26:02.121 E  coreauthd[994:6f9f4a] [com.apple.LocalAuthentication:Environment] companionForUser:501 type:4 -> Error Domain=com.apple.LocalAuthentication Code=-1000 ""companions not supported"" UserInfo={NSDebugDescription=companions not supported, NSLocalizedDescription=Authentication failure.}"
2026-05-22 10:26:02.282551,Failed Password Attempt,sudo,N/A,75,High,Mac Failed Login Monitor,"2026-05-22 10:26:02.282 E  coreauthd[994:6f9f4a] [com.apple.LocalAuthentication:Environment] companionForUser:501 type:1 -> Error Domain=com.apple.LocalAuthentication Code=-1000 ""companions not supported"" UserInfo={NSDebugDescription=companions not supported, NSLocalizedDescription=Authentication failure.}"
2026-05-22 10:26:02.282755,Failed Password Attempt,sudo,N/A,75,High,Mac Failed Login Monitor,"2026-05-22 10:26:02.282 E  coreauthd[994:6f9f4a] [com.apple.LocalAuthentication:Environment] companionForUser:501 type:2 -> Error Domain=com.apple.LocalAuthentication Code=-1000 ""companions not supported"" UserInfo={NSDebugDescription=companions not supported, NSLocalizedDescription=Authentication failure.}"
2026-05-22 10:26:02.283270,Failed Password Attempt,sudo,N/A,75,High,Mac Failed Login Monitor,"2026-05-22 10:26:02.282 E  coreauthd[994:6f9f4a] [com.apple.LocalAuthentication:Environment] companionForUser:501 type:4 -> Error Domain=com.apple.LocalAuthentication Code=-1000 ""companions not supported"" UserInfo={NSDebugDescription=companions not supported, NSLocalizedDescription=Authentication failure.}"
2026-05-22 11:04:04.777212,Failed Password Attempt,sudo,N/A,75,High,Mac Failed Login Monitor,"2026-05-22 11:04:04.767 E  coreauthd[994:6fe85f] [com.apple.LocalAuthentication:Environment] companionForUser:501 type:1 -> Error Domain=com.apple.LocalAuthentication Code=-1000 ""companions not supported"" UserInfo={NSDebugDescription=companions not supported, NSLocalizedDescription=Authentication failure.}"
2026-05-22 11:04:04.780152,Failed Password Attempt,sudo,N/A,75,High,Mac Failed Login Monitor,"2026-05-22 11:04:04.767 E  coreauthd[994:6fe85f] [com.apple.LocalAuthentication:Environment] companionForUser:501 type:2 -> Error Domain=com.apple.LocalAuthentication Code=-1000 ""companions not supported"" UserInfo={NSDebugDescription=companions not supported, NSLocalizedDescription=Authentication failure.}"
2026-05-22 11:04:04.780286,Failed Password Attempt,sudo,N/A,75,High,Mac Failed Login Monitor,"2026-05-22 11:04:04.768 E  coreauthd[994:6fe85f] [com.apple.LocalAuthentication:Environment] companionForUser:501 type:4 -> Error Domain=com.apple.LocalAuthentication Code=-1000 ""companions not supported"" UserInfo={NSDebugDescription=companions not supported, NSLocalizedDescription=Authentication failure.}"
2026-05-22 11:04:04.878979,Failed Password Attempt,sudo,N/A,75,High,Mac Failed Login Monitor,"2026-05-22 11:04:04.878 E  coreauthd[994:7001a8] [com.apple.LocalAuthentication:Environment] companionForUser:501 type:1 -> Error Domain=com.apple.LocalAuthentication Code=-1000 ""companions not supported"" UserInfo={NSDebugDescription=companions not supported, NSLocalizedDescription=Authentication failure.}"
2026-05-22 11:04:04.883969,Failed Password Attempt,sudo,N/A,75,High,Mac Failed Login Monitor,"2026-05-22 11:04:04.883 E  coreauthd[994:7001a8] [com.apple.LocalAuthentication:Environment] companionForUser:501 type:2 -> Error Domain=com.apple.LocalAuthentication Code=-1000 ""companions not supported"" UserInfo={NSDebugDescription=companions not supported, NSLocalizedDescription=Authentication failure.}"
2026-05-22 11:04:04.884096,Failed Password Attempt,sudo,N/A,75,High,Mac Failed Login Monitor,"2026-05-22 11:04:04.883 E  coreauthd[994:7001a8] [com.apple.LocalAuthentication:Environment] companionForUser:501 type:4 -> Error Domain=com.apple.LocalAuthentication Code=-1000 ""companions not supported"" UserInfo={NSDebugDescription=companions not supported, NSLocalizedDescription=Authentication failure.}"
2026-05-22 11:04:12.891960,Failed Password Attempt,sudo,N/A,75,High,Mac Failed Login Monitor,"2026-05-22 11:04:12.890 E  coreauthd[994:6fe85f] [com.apple.LocalAuthentication:Environment] companionForUser:501 type:1 -> Error Domain=com.apple.LocalAuthentication Code=-1000 ""companions not supported"" UserInfo={NSDebugDescription=companions not supported, NSLocalizedDescription=Authentication failure.}"
2026-05-22 11:04:12.893746,Failed Password Attempt,sudo,N/A,75,High,Mac Failed Login Monitor,"2026-05-22 11:04:12.890 E  coreauthd[994:6fe85f] [com.apple.LocalAuthentication:Environment] companionForUser:501 type:2 -> Error Domain=com.apple.LocalAuthentication Code=-1000 ""companions not supported"" UserInfo={NSDebugDescription=companions not supported, NSLocalizedDescription=Authentication failure.}"
2026-05-22 11:04:12.894300,Failed Password Attempt,sudo,N/A,75,High,Mac Failed Login Monitor,"2026-05-22 11:04:12.890 E  coreauthd[994:6fe85f] [com.apple.LocalAuthentication:Environment] companionForUser:501 type:4 -> Error Domain=com.apple.LocalAuthentication Code=-1000 ""companions not supported"" UserInfo={NSDebugDescription=companions not supported, NSLocalizedDescription=Authentication failure.}"
2026-05-22 11:04:12.905005,Failed Password Attempt,sudo,N/A,75,High,Mac Failed Login Monitor,"2026-05-22 11:04:12.904 E  coreauthd[994:6fe85f] [com.apple.LocalAuthentication:Environment] companionForUser:501 type:1 -> Error Domain=com.apple.LocalAuthentication Code=-1000 ""companions not supported"" UserInfo={NSDebugDescription=companions not supported, NSLocalizedDescription=Authentication failure.}"
2026-05-22 11:04:12.905343,Failed Password Attempt,sudo,N/A,75,High,Mac Failed Login Monitor,"2026-05-22 11:04:12.904 E  coreauthd[994:6fe85f] [com.apple.LocalAuthentication:Environment] companionForUser:501 type:2 -> Error Domain=com.apple.LocalAuthentication Code=-1000 ""companions not supported"" UserInfo={NSDebugDescription=companions not supported, NSLocalizedDescription=Authentication failure.}"
2026-05-22 11:04:12.905507,Failed Password Attempt,sudo,N/A,75,High,Mac Failed Login Monitor,"2026-05-22 11:04:12.904 E  coreauthd[994:6fe85f] [com.apple.LocalAuthentication:Environment] companionForUser:501 type:4 -> Error Domain=com.apple.LocalAuthentication Code=-1000 ""companions not supported"" UserInfo={NSDebugDescription=companions not supported, NSLocalizedDescription=Authentication failure.}"
2026-05-22 11:06:19.415967,Failed Password Attempt,sudo,N/A,75,High,Mac Failed Login Monitor,"2026-05-22 11:06:19.409 E  coreauthd[994:701145] [com.apple.LocalAuthentication:Environment] companionForUser:501 type:1 -> Error Domain=com.apple.LocalAuthentication Code=-1000 ""companions not supported"" UserInfo={NSDebugDescription=companions not supported, NSLocalizedDescription=Authentication failure.}"
2026-05-22 11:06:19.417635,Failed Password Attempt,sudo,N/A,75,High,Mac Failed Login Monitor,"2026-05-22 11:06:19.409 E  coreauthd[994:701145] [com.apple.LocalAuthentication:Environment] companionForUser:501 type:2 -> Error Domain=com.apple.LocalAuthentication Code=-1000 ""companions not supported"" UserInfo={NSDebugDescription=companions not supported, NSLocalizedDescription=Authentication failure.}"
2026-05-22 11:06:19.417884,Failed Password Attempt,sudo,N/A,75,High,Mac Failed Login Monitor,"2026-05-22 11:06:19.409 E  coreauthd[994:701145] [com.apple.LocalAuthentication:Environment] companionForUser:501 type:4 -> Error Domain=com.apple.LocalAuthentication Code=-1000 ""companions not supported"" UserInfo={NSDebugDescription=companions not supported, NSLocalizedDescription=Authentication failure.}"
2026-05-22 11:06:19.477367,Failed Password Attempt,sudo,N/A,75,High,Mac Failed Login Monitor,"2026-05-22 11:06:19.476 E  coreauthd[994:701145] [com.apple.LocalAuthentication:Environment] companionForUser:501 type:1 -> Error Domain=com.apple.LocalAuthentication Code=-1000 ""companions not supported"" UserInfo={NSDebugDescription=companions not supported, NSLocalizedDescription=Authentication failure.}"
2026-05-22 11:06:19.477539,Failed Password Attempt,sudo,N/A,75,High,Mac Failed Login Monitor,"2026-05-22 11:06:19.477 E  coreauthd[994:701145] [com.apple.LocalAuthentication:Environment] companionForUser:501 type:2 -> Error Domain=com.apple.LocalAuthentication Code=-1000 ""companions not supported"" UserInfo={NSDebugDescription=companions not supported, NSLocalizedDescription=Authentication failure.}"
2026-05-22 11:06:19.477652,Failed Password Attempt,sudo,N/A,75,High,Mac Failed Login Monitor,"2026-05-22 11:06:19.477 E  coreauthd[994:701145] [com.apple.LocalAuthentication:Environment] companionForUser:501 type:4 -> Error Domain=com.apple.LocalAuthentication Code=-1000 ""companions not supported"" UserInfo={NSDebugDescription=companions not supported, NSLocalizedDescription=Authentication failure.}"
2026-05-22 11:06:20.392868,Failed Password Attempt,sudo,N/A,75,High,Mac Failed Login Monitor,"2026-05-22 11:06:20.392 E  coreauthd[994:700fce] [com.apple.LocalAuthentication:Environment] companionForUser:501 type:1 -> Error Domain=com.apple.LocalAuthentication Code=-1000 ""companions not supported"" UserInfo={NSDebugDescription=companions not supported, NSLocalizedDescription=Authentication failure.}"
2026-05-22 11:06:20.393237,Failed Password Attempt,sudo,N/A,75,High,Mac Failed Login Monitor,"2026-05-22 11:06:20.392 E  coreauthd[994:700fce] [com.apple.LocalAuthentication:Environment] companionForUser:501 type:2 -> Error Domain=com.apple.LocalAuthentication Code=-1000 ""companions not supported"" UserInfo={NSDebugDescription=companions not supported, NSLocalizedDescription=Authentication failure.}"
2026-05-22 11:06:20.393444,Failed Password Attempt,sudo,N/A,75,High,Mac Failed Login Monitor,"2026-05-22 11:06:20.392 E  coreauthd[994:700fce] [com.apple.LocalAuthentication:Environment] companionForUser:501 type:4 -> Error Domain=com.apple.LocalAuthentication Code=-1000 ""companions not supported"" UserInfo={NSDebugDescription=companions not supported, NSLocalizedDescription=Authentication failure.}"
2026-05-22 11:06:20.400094,Failed Password Attempt,sudo,N/A,75,High,Mac Failed Login Monitor,"2026-05-22 11:06:20.399 E  coreauthd[994:701145] [com.apple.LocalAuthentication:Environment] companionForUser:501 type:1 -> Error Domain=com.apple.LocalAuthentication Code=-1000 ""companions not supported"" UserInfo={NSDebugDescription=companions not supported, NSLocalizedDescription=Authentication failure.}"
2026-05-22 11:06:20.400546,Failed Password Attempt,sudo,N/A,75,High,Mac Failed Login Monitor,"2026-05-22 11:06:20.399 E  coreauthd[994:701145] [com.apple.LocalAuthentication:Environment] companionForUser:501 type:2 -> Error Domain=com.apple.LocalAuthentication Code=-1000 ""companions not supported"" UserInfo={NSDebugDescription=companions not supported, NSLocalizedDescription=Authentication failure.}"
2026-05-22 11:06:20.402189,Failed Password Attempt,sudo,N/A,75,High,Mac Failed Login Monitor,"2026-05-22 11:06:20.400 E  coreauthd[994:701145] [com.apple.LocalAuthentication:Environment] companionForUser:501 type:4 -> Error Domain=com.apple.LocalAuthentication Code=-1000 ""companions not supported"" UserInfo={NSDebugDescription=companions not supported, NSLocalizedDescription=Authentication failure.}"
2026-05-22 11:06:20.456255,Failed Password Attempt,sudo,N/A,75,High,Mac Failed Login Monitor,"2026-05-22 11:06:20.455 E  coreauthd[994:700fce] [com.apple.LocalAuthentication:Environment] companionForUser:501 type:1 -> Error Domain=com.apple.LocalAuthentication Code=-1000 ""companions not supported"" UserInfo={NSDebugDescription=companions not supported, NSLocalizedDescription=Authentication failure.}"
2026-05-22 11:06:20.456469,Failed Password Attempt,sudo,N/A,75,High,Mac Failed Login Monitor,"2026-05-22 11:06:20.455 E  coreauthd[994:700fce] [com.apple.LocalAuthentication:Environment] companionForUser:501 type:2 -> Error Domain=com.apple.LocalAuthentication Code=-1000 ""companions not supported"" UserInfo={NSDebugDescription=companions not supported, NSLocalizedDescription=Authentication failure.}"
2026-05-22 11:06:20.456630,Failed Password Attempt,sudo,N/A,75,High,Mac Failed Login Monitor,"2026-05-22 11:06:20.455 E  coreauthd[994:700fce] [com.apple.LocalAuthentication:Environment] companionForUser:501 type:4 -> Error Domain=com.apple.LocalAuthentication Code=-1000 ""companions not supported"" UserInfo={NSDebugDescription=companions not supported, NSLocalizedDescription=Authentication failure.}"
2026-05-22 11:06:20.500646,Failed Password Attempt,sudo,N/A,75,High,Mac Failed Login Monitor,"2026-05-22 11:06:20.500 E  coreauthd[994:700fce] [com.apple.LocalAuthentication:Environment] companionForUser:501 type:1 -> Error Domain=com.apple.LocalAuthentication Code=-1000 ""companions not supported"" UserInfo={NSDebugDescription=companions not supported, NSLocalizedDescription=Authentication failure.}"
2026-05-22 11:06:20.501161,Failed Password Attempt,sudo,N/A,75,High,Mac Failed Login Monitor,"2026-05-22 11:06:20.500 E  coreauthd[994:700fce] [com.apple.LocalAuthentication:Environment] companionForUser:501 type:2 -> Error Domain=com.apple.LocalAuthentication Code=-1000 ""companions not supported"" UserInfo={NSDebugDescription=companions not supported, NSLocalizedDescription=Authentication failure.}"
2026-05-22 11:06:20.501330,Failed Password Attempt,sudo,N/A,75,High,Mac Failed Login Monitor,"2026-05-22 11:06:20.500 E  coreauthd[994:700fce] [com.apple.LocalAuthentication:Environment] companionForUser:501 type:4 -> Error Domain=com.apple.LocalAuthentication Code=-1000 ""companions not supported"" UserInfo={NSDebugDescription=companions not supported, NSLocalizedDescription=Authentication failure.}"
2026-05-22 11:27:40.704647,Failed Password Attempt,sudo,N/A,75,High,Mac Failed Login Monitor,"2026-05-22 11:27:40.699 E  coreauthd[994:701f50] [com.apple.LocalAuthentication:Environment] companionForUser:501 type:1 -> Error Domain=com.apple.LocalAuthentication Code=-1000 ""companions not supported"" UserInfo={NSDebugDescription=companions not supported, NSLocalizedDescription=Authentication failure.}"
2026-05-22 11:27:40.705481,Failed Password Attempt,sudo,N/A,75,High,Mac Failed Login Monitor,"2026-05-22 11:27:40.699 E  coreauthd[994:701f50] [com.apple.LocalAuthentication:Environment] companionForUser:501 type:2 -> Error Domain=com.apple.LocalAuthentication Code=-1000 ""companions not supported"" UserInfo={NSDebugDescription=companions not supported, NSLocalizedDescription=Authentication failure.}"
2026-05-22 11:27:40.705556,Failed Password Attempt,sudo,N/A,75,High,Mac Failed Login Monitor,"2026-05-22 11:27:40.699 E  coreauthd[994:701f50] [com.apple.LocalAuthentication:Environment] companionForUser:501 type:4 -> Error Domain=com.apple.LocalAuthentication Code=-1000 ""companions not supported"" UserInfo={NSDebugDescription=companions not supported, NSLocalizedDescription=Authentication failure.}"
2026-05-22 11:27:40.736756,Failed Password Attempt,sudo,N/A,75,High,Mac Failed Login Monitor,"2026-05-22 11:27:40.736 E  coreauthd[994:701145] [com.apple.LocalAuthentication:Environment] companionForUser:501 type:1 -> Error Domain=com.apple.LocalAuthentication Code=-1000 ""companions not supported"" UserInfo={NSDebugDescription=companions not supported, NSLocalizedDescription=Authentication failure.}"
2026-05-22 11:27:40.739943,Failed Password Attempt,sudo,N/A,75,High,Mac Failed Login Monitor,"2026-05-22 11:27:40.739 E  coreauthd[994:701145] [com.apple.LocalAuthentication:Environment] companionForUser:501 type:2 -> Error Domain=com.apple.LocalAuthentication Code=-1000 ""companions not supported"" UserInfo={NSDebugDescription=companions not supported, NSLocalizedDescription=Authentication failure.}"
2026-05-22 11:27:40.740408,Failed Password Attempt,sudo,N/A,75,High,Mac Failed Login Monitor,"2026-05-22 11:27:40.740 E  coreauthd[994:701145] [com.apple.LocalAuthentication:Environment] companionForUser:501 type:4 -> Error Domain=com.apple.LocalAuthentication Code=-1000 ""companions not supported"" UserInfo={NSDebugDescription=companions not supported, NSLocalizedDescription=Authentication failure.}"
2026-05-22 11:27:49.991746,Failed Password Attempt,sudo,N/A,75,High,Mac Failed Login Monitor,"2026-05-22 11:27:49.990 E  coreauthd[994:70246b] [com.apple.LocalAuthentication:Environment] companionForUser:501 type:1 -> Error Domain=com.apple.LocalAuthentication Code=-1000 ""companions not supported"" UserInfo={NSDebugDescription=companions not supported, NSLocalizedDescription=Authentication failure.}"
2026-05-22 11:27:49.991971,Failed Password Attempt,sudo,N/A,75,High,Mac Failed Login Monitor,"2026-05-22 11:27:49.991 E  coreauthd[994:70246b] [com.apple.LocalAuthentication:Environment] companionForUser:501 type:2 -> Error Domain=com.apple.LocalAuthentication Code=-1000 ""companions not supported"" UserInfo={NSDebugDescription=companions not supported, NSLocalizedDescription=Authentication failure.}"
2026-05-22 11:27:49.992055,Failed Password Attempt,sudo,N/A,75,High,Mac Failed Login Monitor,"2026-05-22 11:27:49.991 E  coreauthd[994:70246b] [com.apple.LocalAuthentication:Environment] companionForUser:501 type:4 -> Error Domain=com.apple.LocalAuthentication Code=-1000 ""companions not supported"" UserInfo={NSDebugDescription=companions not supported, NSLocalizedDescription=Authentication failure.}"
2026-05-22 11:27:49.996725,Failed Password Attempt,sudo,N/A,75,High,Mac Failed Login Monitor,"2026-05-22 11:27:49.996 E  coreauthd[994:701f50] [com.apple.LocalAuthentication:Environment] companionForUser:501 type:1 -> Error Domain=com.apple.LocalAuthentication Code=-1000 ""companions not supported"" UserInfo={NSDebugDescription=companions not supported, NSLocalizedDescription=Authentication failure.}"
2026-05-22 11:27:49.996838,Failed Password Attempt,sudo,N/A,75,High,Mac Failed Login Monitor,"2026-05-22 11:27:49.996 E  coreauthd[994:701f50] [com.apple.LocalAuthentication:Environment] companionForUser:501 type:2 -> Error Domain=com.apple.LocalAuthentication Code=-1000 ""companions not supported"" UserInfo={NSDebugDescription=companions not supported, NSLocalizedDescription=Authentication failure.}"
2026-05-22 11:27:49.996916,Failed Password Attempt,sudo,N/A,75,High,Mac Failed Login Monitor,"2026-05-22 11:27:49.996 E  coreauthd[994:701f50] [com.apple.LocalAuthentication:Environment] companionForUser:501 type:4 -> Error Domain=com.apple.LocalAuthentication Code=-1000 ""companions not supported"" UserInfo={NSDebugDescription=companions not supported, NSLocalizedDescription=Authentication failure.}"
2026-05-22 11:27:51.107136,Failed Password Attempt,sudo,N/A,75,High,Mac Failed Login Monitor,2026-05-22 11:27:51.103 Df airportd[633:7021c7] [com.apple.WiFiManager:] Assoc: <airport[633]> <en0> Auto-join association failed due to incorrect password (-3925) on network <redacted>
2026-05-22 12:07:27.010580,Failed Password Attempt,sudo,N/A,75,High,Mac Failed Login Monitor,"2026-05-22 12:07:26.999 E  coreauthd[994:7031ee] [com.apple.LocalAuthentication:Environment] companionForUser:501 type:1 -> Error Domain=com.apple.LocalAuthentication Code=-1000 ""companions not supported"" UserInfo={NSDebugDescription=companions not supported, NSLocalizedDescription=Authentication failure.}"
2026-05-22 12:07:27.012284,Failed Password Attempt,sudo,N/A,75,High,Mac Failed Login Monitor,"2026-05-22 12:07:26.999 E  coreauthd[994:7031ee] [com.apple.LocalAuthentication:Environment] companionForUser:501 type:2 -> Error Domain=com.apple.LocalAuthentication Code=-1000 ""companions not supported"" UserInfo={NSDebugDescription=companions not supported, NSLocalizedDescription=Authentication failure.}"
2026-05-22 12:07:27.012481,Failed Password Attempt,sudo,N/A,75,High,Mac Failed Login Monitor,"2026-05-22 12:07:26.999 E  coreauthd[994:7031ee] [com.apple.LocalAuthentication:Environment] companionForUser:501 type:4 -> Error Domain=com.apple.LocalAuthentication Code=-1000 ""companions not supported"" UserInfo={NSDebugDescription=companions not supported, NSLocalizedDescription=Authentication failure.}"
2026-05-22 12:07:27.109599,Failed Password Attempt,sudo,N/A,75,High,Mac Failed Login Monitor,"2026-05-22 12:07:27.109 E  coreauthd[994:7031ee] [com.apple.LocalAuthentication:Environment] companionForUser:501 type:1 -> Error Domain=com.apple.LocalAuthentication Code=-1000 ""companions not supported"" UserInfo={NSDebugDescription=companions not supported, NSLocalizedDescription=Authentication failure.}"
2026-05-22 12:07:27.109712,Failed Password Attempt,sudo,N/A,75,High,Mac Failed Login Monitor,"2026-05-22 12:07:27.109 E  coreauthd[994:7031ee] [com.apple.LocalAuthentication:Environment] companionForUser:501 type:2 -> Error Domain=com.apple.LocalAuthentication Code=-1000 ""companions not supported"" UserInfo={NSDebugDescription=companions not supported, NSLocalizedDescription=Authentication failure.}"
2026-05-22 12:07:27.109783,Failed Password Attempt,sudo,N/A,75,High,Mac Failed Login Monitor,"2026-05-22 12:07:27.109 E  coreauthd[994:7031ee] [com.apple.LocalAuthentication:Environment] companionForUser:501 type:4 -> Error Domain=com.apple.LocalAuthentication Code=-1000 ""companions not supported"" UserInfo={NSDebugDescription=companions not supported, NSLocalizedDescription=Authentication failure.}"
2026-05-22 12:07:27.115406,Failed Password Attempt,sudo,N/A,75,High,Mac Failed Login Monitor,"2026-05-22 12:07:27.115 E  coreauthd[994:7031ee] [com.apple.LocalAuthentication:Environment] companionForUser:501 type:1 -> Error Domain=com.apple.LocalAuthentication Code=-1000 ""companions not supported"" UserInfo={NSDebugDescription=companions not supported, NSLocalizedDescription=Authentication failure.}"
2026-05-22 12:07:27.115480,Failed Password Attempt,sudo,N/A,75,High,Mac Failed Login Monitor,"2026-05-22 12:07:27.115 E  coreauthd[994:7031ee] [com.apple.LocalAuthentication:Environment] companionForUser:501 type:2 -> Error Domain=com.apple.LocalAuthentication Code=-1000 ""companions not supported"" UserInfo={NSDebugDescription=companions not supported, NSLocalizedDescription=Authentication failure.}"
2026-05-22 12:07:27.115651,Failed Password Attempt,sudo,N/A,75,High,Mac Failed Login Monitor,"2026-05-22 12:07:27.115 E  coreauthd[994:7031ee] [com.apple.LocalAuthentication:Environment] companionForUser:501 type:4 -> Error Domain=com.apple.LocalAuthentication Code=-1000 ""companions not supported"" UserInfo={NSDebugDescription=companions not supported, NSLocalizedDescription=Authentication failure.}"
2026-05-22 12:07:27.124784,Failed Password Attempt,sudo,N/A,75,High,Mac Failed Login Monitor,"2026-05-22 12:07:27.124 E  coreauthd[994:7031ee] [com.apple.LocalAuthentication:Environment] companionForUser:501 type:1 -> Error Domain=com.apple.LocalAuthentication Code=-1000 ""companions not supported"" UserInfo={NSDebugDescription=companions not supported, NSLocalizedDescription=Authentication failure.}"
2026-05-22 12:07:27.133044,Failed Password Attempt,sudo,N/A,75,High,Mac Failed Login Monitor,"2026-05-22 12:07:27.124 E  coreauthd[994:7031ee] [com.apple.LocalAuthentication:Environment] companionForUser:501 type:2 -> Error Domain=com.apple.LocalAuthentication Code=-1000 ""companions not supported"" UserInfo={NSDebugDescription=companions not supported, NSLocalizedDescription=Authentication failure.}"
2026-05-22 12:07:27.137286,Failed Password Attempt,sudo,N/A,75,High,Mac Failed Login Monitor,"2026-05-22 12:07:27.132 E  coreauthd[994:7031ee] [com.apple.LocalAuthentication:Environment] companionForUser:501 type:4 -> Error Domain=com.apple.LocalAuthentication Code=-1000 ""companions not supported"" UserInfo={NSDebugDescription=companions not supported, NSLocalizedDescription=Authentication failure.}"
2026-05-22 12:12:35.110438,Failed Password Attempt,sudo,N/A,75,High,Mac Failed Login Monitor,"2026-05-22 12:12:35.099 E  coreauthd[994:704b0f] [com.apple.LocalAuthentication:Environment] companionForUser:501 type:1 -> Error Domain=com.apple.LocalAuthentication Code=-1000 ""companions not supported"" UserInfo={NSDebugDescription=companions not supported, NSLocalizedDescription=Authentication failure.}"
2026-05-22 12:12:35.111484,Failed Password Attempt,sudo,N/A,75,High,Mac Failed Login Monitor,"2026-05-22 12:12:35.099 E  coreauthd[994:704b0f] [com.apple.LocalAuthentication:Environment] companionForUser:501 type:2 -> Error Domain=com.apple.LocalAuthentication Code=-1000 ""companions not supported"" UserInfo={NSDebugDescription=companions not supported, NSLocalizedDescription=Authentication failure.}"
2026-05-22 12:12:35.111579,Failed Password Attempt,sudo,N/A,75,High,Mac Failed Login Monitor,"2026-05-22 12:12:35.099 E  coreauthd[994:704b0f] [com.apple.LocalAuthentication:Environment] companionForUser:501 type:4 -> Error Domain=com.apple.LocalAuthentication Code=-1000 ""companions not supported"" UserInfo={NSDebugDescription=companions not supported, NSLocalizedDescription=Authentication failure.}"
2026-05-22 12:12:35.243288,Failed Password Attempt,sudo,N/A,75,High,Mac Failed Login Monitor,"2026-05-22 12:12:35.242 E  coreauthd[994:7055ef] [com.apple.LocalAuthentication:Environment] companionForUser:501 type:1 -> Error Domain=com.apple.LocalAuthentication Code=-1000 ""companions not supported"" UserInfo={NSDebugDescription=companions not supported, NSLocalizedDescription=Authentication failure.}"
2026-05-22 12:12:35.265679,Failed Password Attempt,sudo,N/A,75,High,Mac Failed Login Monitor,"2026-05-22 12:12:35.243 E  coreauthd[994:7055ef] [com.apple.LocalAuthentication:Environment] companionForUser:501 type:2 -> Error Domain=com.apple.LocalAuthentication Code=-1000 ""companions not supported"" UserInfo={NSDebugDescription=companions not supported, NSLocalizedDescription=Authentication failure.}"
2026-05-22 12:12:35.267387,Failed Password Attempt,sudo,N/A,75,High,Mac Failed Login Monitor,"2026-05-22 12:12:35.243 E  coreauthd[994:7055ef] [com.apple.LocalAuthentication:Environment] companionForUser:501 type:4 -> Error Domain=com.apple.LocalAuthentication Code=-1000 ""companions not supported"" UserInfo={NSDebugDescription=companions not supported, NSLocalizedDescription=Authentication failure.}"
2026-08-18 11:37:22.231835,Suspicious Process Execution,launchd,1,85,High,Mac Real-Time Agent,Detected suspicious keyword: nc
2026-08-18 11:37:22.233094,Suspicious Process Execution,launchservicesd,568,85,High,Mac Real-Time Agent,Detected suspicious keyword: nc
2026-08-18 11:37:22.234945,Suspicious Process Execution,audioclocksyncd,661,85,High,Mac Real-Time Agent,Detected suspicious keyword: nc
2026-08-18 11:37:22.236312,Suspicious Process Execution,universalaccessd,941,85,High,Mac Real-Time Agent,Detected suspicious keyword: nc
2026-08-18 11:37:22.237497,Suspicious Process Execution,CMFSyncAgent,1037,85,High,Mac Real-Time Agent,Detected suspicious keyword: nc
2026-08-18 11:37:22.238372,Suspicious Process Execution,NotificationCenter,1126,85,High,Mac Real-Time Agent,Detected suspicious keyword: nc
2026-08-18 11:37:22.239496,Suspicious Process Execution,PhotosReliveWidget,1179,85,High,Mac Real-Time Agent,Detected suspicious keyword: nc
2026-08-18 11:37:22.239813,Suspicious Process Execution,avconferenced,1190,85,High,Mac Real-Time Agent,Detected suspicious keyword: nc
2026-08-18 11:37:22.240015,Suspicious Process Execution,SafariWidgetExtension,1198,85,High,Mac Real-Time Agent,Detected suspicious keyword: nc
2026-08-18 11:37:22.240145,Suspicious Process Execution,TipsWidgetExtension,1204,85,High,Mac Real-Time Agent,Detected suspicious keyword: nc
2026-08-18 11:37:22.240255,Suspicious Process Execution,WorldClockWidget,1206,85,High,Mac Real-Time Agent,Detected suspicious keyword: nc
2026-08-18 11:37:22.240349,Suspicious Process Execution,WeatherWidget,1208,85,High,Mac Real-Time Agent,Detected suspicious keyword: nc
2026-08-18 11:37:22.240461,Suspicious Process Execution,CalendarWidgetExtension,1215,85,High,Mac Real-Time Agent,Detected suspicious keyword: nc
2026-08-18 11:37:22.240605,Suspicious Process Execution,WallpaperImageExtension,1236,85,High,Mac Real-Time Agent,Detected suspicious keyword: nc
2026-08-18 11:37:22.240723,Suspicious Process Execution,WallpaperAerialsExtension,1237,85,High,Mac Real-Time Agent,Detected suspicious keyword: nc
2026-08-18 11:37:22.240869,Suspicious Process Execution,imklaunchagent,1242,85,High,Mac Real-Time Agent,Detected suspicious keyword: nc
2026-08-18 11:37:22.241318,Suspicious Process Execution,AMPDeviceDiscoveryAgent,1266,85,High,Mac Real-Time Agent,Detected suspicious keyword: nc
2026-08-18 11:37:22.241511,Suspicious Process Execution,com.apple.CloudDocs.iCloudDriveFileProvider,1273,85,High,Mac Real-Time Agent,Detected suspicious keyword: nc
2026-08-18 11:37:22.241738,Suspicious Process Execution,FindMyWidgetPeople,1335,85,High,Mac Real-Time Agent,Detected suspicious keyword: nc
2026-08-18 11:37:22.241952,Suspicious Process Execution,JournalWidgetsSecure,1341,85,High,Mac Real-Time Agent,Detected suspicious keyword: nc
2026-08-18 11:37:22.242054,Suspicious Process Execution,ScreenTimeWidgetExtension,1345,85,High,Mac Real-Time Agent,Detected suspicious keyword: nc
2026-08-18 11:37:22.242149,Suspicious Process Execution,HomeEnergyWidgetsExtension,1349,85,High,Mac Real-Time Agent,Detected suspicious keyword: nc
2026-08-18 11:37:22.242275,Suspicious Process Execution,JournalWidgets,1352,85,High,Mac Real-Time Agent,Detected suspicious keyword: nc
2026-08-18 11:37:22.242363,Suspicious Process Execution,StocksWidget,1355,85,High,Mac Real-Time Agent,Detected suspicious keyword: nc
2026-08-18 11:37:22.242463,Suspicious Process Execution,RecordWidgetExtension,1356,85,High,Mac Real-Time Agent,Detected suspicious keyword: nc
2026-08-18 11:37:22.242579,Suspicious Process Execution,PodcastsWidget,1358,85,High,Mac Real-Time Agent,Detected suspicious keyword: nc
2026-08-18 11:37:22.242734,Suspicious Process Execution,BatteriesAvocadoWidgetExtension,1360,85,High,Mac Real-Time Agent,Detected suspicious keyword: nc
2026-08-18 11:37:22.242847,Suspicious Process Execution,FindMyWidgetItems,1363,85,High,Mac Real-Time Agent,Detected suspicious keyword: nc
2026-08-18 11:37:22.243022,Suspicious Process Execution,VoiceMemosSettingsWidgetExtension,1364,85,High,Mac Real-Time Agent,Detected suspicious keyword: nc
2026-08-18 11:37:22.243135,Suspicious Process Execution,HomeWidget,1366,85,High,Mac Real-Time Agent,Detected suspicious keyword: nc
2026-08-18 11:37:22.243278,Suspicious Process Execution,UserNotificationCenter,1389,85,High,Mac Real-Time Agent,Detected suspicious keyword: nc
2026-08-18 11:37:22.243402,Suspicious Process Execution,AirPlayUIAgent,1401,85,High,Mac Real-Time Agent,Detected suspicious keyword: nc
2026-08-18 11:37:22.243589,Suspicious Process Execution,PeopleWidget_macOSExtension,1416,85,High,Mac Real-Time Agent,Detected suspicious keyword: nc
2026-08-18 11:37:22.243684,Suspicious Process Execution,RemindersWidgetExtension,1421,85,High,Mac Real-Time Agent,Detected suspicious keyword: nc
2026-08-18 11:37:22.243815,Suspicious Process Execution,ShortcutsWidgetExtension,1430,85,High,Mac Real-Time Agent,Detected suspicious keyword: nc
2026-08-18 11:37:22.243908,Suspicious Process Execution,com.apple.Notes.WidgetExtension,1431,85,High,Mac Real-Time Agent,Detected suspicious keyword: nc
2026-08-18 11:37:22.244072,Suspicious Process Execution,WallpaperMacintoshExtension,1499,85,High,Mac Real-Time Agent,Detected suspicious keyword: nc
2026-08-18 11:37:22.244157,Suspicious Process Execution,WallpaperGradientExtension,1500,85,High,Mac Real-Time Agent,Detected suspicious keyword: nc
2026-08-18 11:37:22.244254,Suspicious Process Execution,WallpaperLegacyExtension,1501,85,High,Mac Real-Time Agent,Detected suspicious keyword: nc
2026-08-18 11:37:22.244339,Suspicious Process Execution,WallpaperDynamicExtension,1502,85,High,Mac Real-Time Agent,Detected suspicious keyword: nc
2026-08-18 11:37:22.244423,Suspicious Process Execution,WallpaperSonomaExtension,1503,85,High,Mac Real-Time Agent,Detected suspicious keyword: nc
2026-08-18 11:37:22.244509,Suspicious Process Execution,WallpaperSequoiaExtension,1504,85,High,Mac Real-Time Agent,Detected suspicious keyword: nc
2026-08-18 11:37:22.244614,Suspicious Process Execution,NeptuneOneWallpaper,1505,85,High,Mac Real-Time Agent,Detected suspicious keyword: nc
2026-08-18 11:37:22.244931,Suspicious Process Execution,IMAutomaticHistoryDeletionAgent,2486,85,High,Mac Real-Time Agent,Detected suspicious keyword: nc
2026-08-18 11:37:22.245478,Suspicious Process Execution,IMDPersistenceAgent,26635,85,High,Mac Real-Time Agent,Detected suspicious keyword: nc
2026-08-18 11:37:22.245662,Suspicious Process Execution,Google Chrome Helper,26789,85,High,Mac Real-Time Agent,Detected suspicious keyword: nc
2026-08-18 11:37:22.245852,Suspicious Process Execution,Google Chrome Helper (Renderer),26799,85,High,Mac Real-Time Agent,Detected suspicious keyword: nc
2026-08-18 11:37:22.246047,Suspicious Process Execution,Google Chrome Helper (Renderer),26857,85,High,Mac Real-Time Agent,Detected suspicious keyword: nc
2026-08-18 11:37:22.246139,Suspicious Process Execution,Google Chrome Helper (Renderer),26870,85,High,Mac Real-Time Agent,Detected suspicious keyword: nc
2026-08-18 11:37:22.246294,Suspicious Process Execution,ScreenshotControls,26917,85,High,Mac Real-Time Agent,Detected suspicious keyword: nc
2026-08-18 11:37:22.246381,Suspicious Process Execution,DockControls,26921,85,High,Mac Real-Time Agent,Detected suspicious keyword: nc
2026-08-18 11:37:22.246477,Suspicious Process Execution,Google Chrome Helper (Renderer),27623,85,High,Mac Real-Time Agent,Detected suspicious keyword: nc
2026-08-18 11:37:22.246972,Suspicious Process Execution,Google Chrome Helper (Renderer),31010,85,High,Mac Real-Time Agent,Detected suspicious keyword: nc
2026-08-18 11:37:22.247075,Suspicious Process Execution,Google Chrome Helper (Renderer),31011,85,High,Mac Real-Time Agent,Detected suspicious keyword: nc
2026-08-18 11:37:22.247165,Suspicious Process Execution,Google Chrome Helper (Renderer),31056,85,High,Mac Real-Time Agent,Detected suspicious keyword: nc
2026-08-18 11:37:22.247299,Suspicious Process Execution,Google Chrome Helper (Renderer),31764,85,High,Mac Real-Time Agent,Detected suspicious keyword: nc
2026-08-18 11:37:22.247396,Suspicious Process Execution,Google Chrome Helper (Renderer),31769,85,High,Mac Real-Time Agent,Detected suspicious keyword: nc
2026-08-18 11:37:22.247493,Suspicious Process Execution,Google Chrome Helper (Renderer),31776,85,High,Mac Real-Time Agent,Detected suspicious keyword: nc
2026-08-18 11:37:22.247587,Suspicious Process Execution,Google Chrome Helper (Renderer),31777,85,High,Mac Real-Time Agent,Detected suspicious keyword: nc
2026-08-18 11:37:22.247676,Suspicious Process Execution,Google Chrome Helper (Renderer),31794,85,High,Mac Real-Time Agent,Detected suspicious keyword: nc
2026-08-18 11:37:22.247766,Suspicious Process Execution,Google Chrome Helper (Renderer),31795,85,High,Mac Real-Time Agent,Detected suspicious keyword: nc
2026-08-18 11:37:22.247978,Suspicious Process Execution,Google Chrome Helper (Renderer),33117,85,High,Mac Real-Time Agent,Detected suspicious keyword: nc
2026-08-18 11:37:22.248072,Suspicious Process Execution,Google Chrome Helper (Renderer),33180,85,High,Mac Real-Time Agent,Detected suspicious keyword: nc
2026-08-18 11:37:22.248162,Suspicious Process Execution,Google Chrome Helper (Renderer),33192,85,High,Mac Real-Time Agent,Detected suspicious keyword: nc
2026-08-18 11:37:22.248285,Suspicious Process Execution,Google Chrome Helper (Renderer),33273,85,High,Mac Real-Time Agent,Detected suspicious keyword: nc
2026-08-18 11:37:22.248463,Suspicious Process Execution,Antigravity IDE Helper (GPU),34644,85,High,Mac Real-Time Agent,Detected suspicious keyword: nc
2026-08-18 11:37:22.248557,Suspicious Process Execution,Antigravity IDE Helper,34645,85,High,Mac Real-Time Agent,Detected suspicious keyword: nc
2026-08-18 11:37:22.248773,Suspicious Process Execution,Antigravity IDE Helper,34665,85,High,Mac Real-Time Agent,Detected suspicious keyword: nc
2026-08-18 11:37:22.248915,Suspicious Process Execution,Antigravity IDE Helper (Plugin),34666,85,High,Mac Real-Time Agent,Detected suspicious keyword: nc
2026-08-18 11:37:22.249027,Suspicious Process Execution,Antigravity IDE Helper,34669,85,High,Mac Real-Time Agent,Detected suspicious keyword: nc
2026-08-18 11:37:22.249165,Suspicious Process Execution,node,34693,85,High,Mac Real-Time Agent,Detected suspicious keyword: nc
2026-08-18 11:37:22.249268,Suspicious Process Execution,Antigravity IDE Helper,34701,85,High,Mac Real-Time Agent,Detected suspicious keyword: nc
2026-08-18 11:37:22.249418,Suspicious Process Execution,Google Chrome Helper (Renderer),35090,85,High,Mac Real-Time Agent,Detected suspicious keyword: nc
2026-08-18 11:37:22.249688,Suspicious Process Execution,Google Chrome Helper (Renderer),35525,85,High,Mac Real-Time Agent,Detected suspicious keyword: nc
2026-08-18 11:37:22.249790,Suspicious Process Execution,Google Chrome Helper (Renderer),35527,85,High,Mac Real-Time Agent,Detected suspicious keyword: nc
2026-08-18 11:37:22.249891,Suspicious Process Execution,Google Chrome Helper (Renderer),35528,85,High,Mac Real-Time Agent,Detected suspicious keyword: nc
2026-08-18 11:37:22.249988,Suspicious Process Execution,Google Chrome Helper (Renderer),35529,85,High,Mac Real-Time Agent,Detected suspicious keyword: nc
2026-08-18 11:37:22.250081,Suspicious Process Execution,Google Chrome Helper (Renderer),35530,85,High,Mac Real-Time Agent,Detected suspicious keyword: nc
2026-08-18 11:37:22.250193,Suspicious Process Execution,Google Chrome Helper (Renderer),35531,85,High,Mac Real-Time Agent,Detected suspicious keyword: nc
2026-08-18 11:37:22.250319,Suspicious Process Execution,Google Chrome Helper (Renderer),35532,85,High,Mac Real-Time Agent,Detected suspicious keyword: nc
2026-08-18 11:37:22.250426,Suspicious Process Execution,Google Chrome Helper (Renderer),35533,85,High,Mac Real-Time Agent,Detected suspicious keyword: nc
2026-08-18 11:37:22.250525,Suspicious Process Execution,Google Chrome Helper (Renderer),36569,85,High,Mac Real-Time Agent,Detected suspicious keyword: nc
2026-08-18 11:37:22.250722,Suspicious Process Execution,Google Chrome Helper (Renderer),37964,85,High,Mac Real-Time Agent,Detected suspicious keyword: nc
2026-08-18 11:37:22.251116,Suspicious Process Execution,Google Chrome Helper (Renderer),43379,85,High,Mac Real-Time Agent,Detected suspicious keyword: nc
2026-08-18 11:37:22.251212,Suspicious Process Execution,Google Chrome Helper (Renderer),43380,85,High,Mac Real-Time Agent,Detected suspicious keyword: nc
2026-08-18 11:37:22.251729,Suspicious Process Execution,Google Chrome Helper (Renderer),47790,85,High,Mac Real-Time Agent,Detected suspicious keyword: nc
2026-08-18 11:37:22.252273,Suspicious Process Execution,Google Chrome Helper (Renderer),47801,85,High,Mac Real-Time Agent,Detected suspicious keyword: nc
2026-08-18 11:37:22.252485,Suspicious Process Execution,Google Chrome Helper (Renderer),47862,85,High,Mac Real-Time Agent,Detected suspicious keyword: nc
2026-08-18 11:37:22.252702,Suspicious Process Execution,Google Chrome Helper (Renderer),48039,85,High,Mac Real-Time Agent,Detected suspicious keyword: nc
2026-08-18 11:37:22.252946,Suspicious Process Execution,Brave Browser Helper,48652,85,High,Mac Real-Time Agent,Detected suspicious keyword: nc
2026-08-18 11:37:22.253140,Suspicious Process Execution,Brave Browser Helper (Renderer),48657,85,High,Mac Real-Time Agent,Detected suspicious keyword: nc
2026-08-18 11:37:22.253237,Suspicious Process Execution,Brave Browser Helper (Renderer),48658,85,High,Mac Real-Time Agent,Detected suspicious keyword: nc
2026-08-18 11:37:22.253325,Suspicious Process Execution,Brave Browser Helper (Renderer),48661,85,High,Mac Real-Time Agent,Detected suspicious keyword: nc
2026-08-18 11:37:22.253416,Suspicious Process Execution,Brave Browser Helper (Renderer),48662,85,High,Mac Real-Time Agent,Detected suspicious keyword: nc
2026-08-18 11:37:22.253507,Suspicious Process Execution,Brave Browser Helper (Renderer),48665,85,High,Mac Real-Time Agent,Detected suspicious keyword: nc
2026-08-18 11:37:22.253597,Suspicious Process Execution,Brave Browser Helper (Renderer),48670,85,High,Mac Real-Time Agent,Detected suspicious keyword: nc
2026-08-18 11:37:22.253738,Suspicious Process Execution,Brave Browser Helper (Renderer),48674,85,High,Mac Real-Time Agent,Detected suspicious keyword: nc
2026-08-18 11:37:22.253872,Suspicious Process Execution,Brave Browser Helper (Renderer),48679,85,High,Mac Real-Time Agent,Detected suspicious keyword: nc
2026-08-18 11:37:22.253957,Suspicious Process Execution,Brave Browser Helper (Renderer),48683,85,High,Mac Real-Time Agent,Detected suspicious keyword: nc
2026-08-18 11:37:22.254043,Suspicious Process Execution,Brave Browser Helper (Renderer),48684,85,High,Mac Real-Time Agent,Detected suspicious keyword: nc
2026-08-18 11:37:22.254127,Suspicious Process Execution,Brave Browser Helper (Renderer),48686,85,High,Mac Real-Time Agent,Detected suspicious keyword: nc
2026-08-18 11:37:22.254211,Suspicious Process Execution,Brave Browser Helper (Renderer),48690,85,High,Mac Real-Time Agent,Detected suspicious keyword: nc
2026-08-18 11:37:22.254295,Suspicious Process Execution,Brave Browser Helper (Renderer),48693,85,High,Mac Real-Time Agent,Detected suspicious keyword: nc
2026-08-18 11:37:22.254383,Suspicious Process Execution,Brave Browser Helper (Renderer),48703,85,High,Mac Real-Time Agent,Detected suspicious keyword: nc
2026-08-18 11:37:22.254467,Suspicious Process Execution,Brave Browser Helper (Renderer),48704,85,High,Mac Real-Time Agent,Detected suspicious keyword: nc
2026-08-18 11:37:22.254556,Suspicious Process Execution,Brave Browser Helper (Renderer),48705,85,High,Mac Real-Time Agent,Detected suspicious keyword: nc
2026-08-18 11:37:22.254643,Suspicious Process Execution,Brave Browser Helper (Renderer),48706,85,High,Mac Real-Time Agent,Detected suspicious keyword: nc
2026-08-18 11:37:22.254730,Suspicious Process Execution,Brave Browser Helper (Renderer),48760,85,High,Mac Real-Time Agent,Detected suspicious keyword: nc
2026-08-18 11:37:22.254860,Suspicious Process Execution,Brave Browser Helper (Renderer),48814,85,High,Mac Real-Time Agent,Detected suspicious keyword: nc
2026-08-18 11:37:22.255103,Suspicious Process Execution,Brave Browser Helper (Renderer),50678,85,High,Mac Real-Time Agent,Detected suspicious keyword: nc
2026-08-18 11:37:22.255198,Suspicious Process Execution,Google Chrome Helper (Renderer),51322,85,High,Mac Real-Time Agent,Detected suspicious keyword: nc
2026-08-18 11:37:22.255282,Suspicious Process Execution,Google Chrome Helper (Renderer),51325,85,High,Mac Real-Time Agent,Detected suspicious keyword: nc
2026-08-18 11:37:22.255685,Suspicious Process Execution,Google Chrome Helper (Renderer),52822,85,High,Mac Real-Time Agent,Detected suspicious keyword: nc
2026-08-18 11:37:22.255772,Suspicious Process Execution,Google Chrome Helper (Renderer),52824,85,High,Mac Real-Time Agent,Detected suspicious keyword: nc
2026-08-18 11:37:22.255903,Suspicious Process Execution,IntelligencePlatformComputeService,53342,85,High,Mac Real-Time Agent,Detected suspicious keyword: nc
2026-08-18 11:37:22.256030,Suspicious Process Execution,routined,53591,85,High,Mac Real-Time Agent,Detected suspicious keyword: nc
2026-08-18 11:37:22.256508,Suspicious Process Execution,Google Chrome Helper (Renderer),54628,85,High,Mac Real-Time Agent,Detected suspicious keyword: nc
2026-08-18 11:37:22.258695,Suspicious Process Execution,syncdefaultsd,55904,85,High,Mac Real-Time Agent,Detected suspicious keyword: nc
2026-08-18 11:37:22.259459,Suspicious Process Execution,Siri,55910,85,High,Mac Real-Time Agent,Detected suspicious keyword: nc
2026-08-18 11:37:22.259594,Suspicious Process Execution,SiriNCService,55911,85,High,Mac Real-Time Agent,Detected suspicious keyword: nc
2026-08-18 11:37:22.260169,Suspicious Process Execution,liveactivitiesd,55950,85,High,Mac Real-Time Agent,Detected suspicious keyword: nc
2026-08-18 11:37:22.261555,Suspicious Process Execution,TextThumbnailExtension,56057,85,High,Mac Real-Time Agent,Detected suspicious keyword: nc
2026-08-18 11:37:22.261963,Suspicious Process Execution,intelligencecontextd,56080,85,High,Mac Real-Time Agent,Detected suspicious keyword: nc
2026-08-18 11:37:22.262399,Suspicious Process Execution,ImageThumbnailExtension,56089,85,High,Mac Real-Time Agent,Detected suspicious keyword: nc
2026-08-18 11:37:22.262843,Suspicious Process Execution,Code Helper (GPU),56107,85,High,Mac Real-Time Agent,Detected suspicious keyword: nc
2026-08-18 11:37:22.262935,Suspicious Process Execution,Code Helper,56108,85,High,Mac Real-Time Agent,Detected suspicious keyword: nc
2026-08-18 11:37:22.263145,Suspicious Process Execution,Code Helper,56138,85,High,Mac Real-Time Agent,Detected suspicious keyword: nc
2026-08-18 11:37:22.263311,Suspicious Process Execution,Code Helper,56145,85,High,Mac Real-Time Agent,Detected suspicious keyword: nc
2026-08-18 11:37:22.263779,Suspicious Process Execution,OfficeThumbnailExtension,57020,85,High,Mac Real-Time Agent,Detected suspicious keyword: nc
2026-08-18 11:37:22.263946,Suspicious Process Execution,WebThumbnailExtension,57023,85,High,Mac Real-Time Agent,Detected suspicious keyword: nc
2026-08-18 11:37:22.264350,Suspicious Process Execution,AudiovisualThumbnailExtension,57052,85,High,Mac Real-Time Agent,Detected suspicious keyword: nc
2026-08-18 11:37:22.264661,Suspicious Process Execution,Code Helper (Renderer),57465,85,High,Mac Real-Time Agent,Detected suspicious keyword: nc
2026-08-18 11:37:22.264745,Suspicious Process Execution,Code Helper,57475,85,High,Mac Real-Time Agent,Detected suspicious keyword: nc
2026-08-18 11:37:22.264839,Suspicious Process Execution,Code Helper (Plugin),57476,85,High,Mac Real-Time Agent,Detected suspicious keyword: nc
2026-08-18 11:37:22.265032,Suspicious Process Execution,Code Helper (Plugin),57657,85,High,Mac Real-Time Agent,Detected suspicious keyword: nc
2026-08-18 11:37:22.265659,Suspicious Process Execution,Google Chrome Helper (Renderer),57985,85,High,Mac Real-Time Agent,Detected suspicious keyword: nc
2026-08-18 11:37:22.265890,Suspicious Process Execution,Google Chrome Helper (Renderer),57993,85,High,Mac Real-Time Agent,Detected suspicious keyword: nc
2026-08-18 11:37:22.266075,Suspicious Process Execution,powerexperienced,57996,85,High,Mac Real-Time Agent,Detected suspicious keyword: nc
2026-08-18 11:37:22.266695,Suspicious Process Execution,generativeexperiencesd,58004,85,High,Mac Real-Time Agent,Detected suspicious keyword: nc
2026-08-18 11:37:22.268874,Suspicious Process Execution,Python,58380,85,High,Mac Real-Time Agent,Detected suspicious keyword: nc
2026-08-18 11:37:22.269127,Suspicious Process Execution,Google Chrome Helper (Renderer),58384,85,High,Mac Real-Time Agent,Detected suspicious keyword: nc
2026-08-18 11:37:22.269405,Suspicious Process Execution,Antigravity IDE Helper (Renderer),58426,85,High,Mac Real-Time Agent,Detected suspicious keyword: nc
2026-08-18 11:37:22.269810,Suspicious Process Execution,Antigravity IDE Helper,58536,85,High,Mac Real-Time Agent,Detected suspicious keyword: nc
2026-08-18 11:37:22.269922,Suspicious Process Execution,Antigravity IDE Helper (Plugin),58537,85,High,Mac Real-Time Agent,Detected suspicious keyword: nc
2026-08-18 11:37:22.270115,Suspicious Process Execution,language_server_macos_arm,58656,85,High,Mac Real-Time Agent,Detected suspicious keyword: nc
2026-08-18 11:37:22.270192,Suspicious Process Execution,node,58717,85,High,Mac Real-Time Agent,Detected suspicious keyword: nc
2026-08-18 11:37:22.270562,Suspicious Process Execution,intelligencetasksd,58817,85,High,Mac Real-Time Agent,Detected suspicious keyword: nc
2026-08-18 11:37:22.270717,Suspicious Process Execution,siriinferenced,58821,85,High,Mac Real-Time Agent,Detected suspicious keyword: nc
2026-08-18 11:37:22.270922,Suspicious Process Execution,intelligenceplatformd,58825,85,High,Mac Real-Time Agent,Detected suspicious keyword: nc
2026-08-18 11:37:22.271376,Suspicious Process Execution,swtransparencyd,58849,85,High,Mac Real-Time Agent,Detected suspicious keyword: nc
2026-08-18 11:37:22.271568,Suspicious Process Execution,AMPLibraryAgent,58855,85,High,Mac Real-Time Agent,Detected suspicious keyword: nc
2026-08-18 11:37:22.271693,Suspicious Process Execution,AMPArtworkAgent,58858,85,High,Mac Real-Time Agent,Detected suspicious keyword: nc
2026-08-18 11:37:22.273123,Suspicious Process Execution,ManagedPreferenc,58908,85,High,Mac Real-Time Agent,Detected suspicious keyword: nc
2026-08-18 11:37:22.274297,Suspicious Process Execution,AppleIntelligenceReportingProcessingService,58943,85,High,Mac Real-Time Agent,Detected suspicious keyword: nc
2026-08-18 11:37:22.274452,Suspicious Process Execution,mapssyncd,58946,85,High,Mac Real-Time Agent,Detected suspicious keyword: nc
2026-08-18 11:37:22.274534,Suspicious Process Execution,localizationswitcherd,58947,85,High,Mac Real-Time Agent,Detected suspicious keyword: nc
2026-08-18 11:37:22.276060,Suspicious Process Execution,BiomeSELFIngestor,59156,85,High,Mac Real-Time Agent,Detected suspicious keyword: nc
2026-08-18 11:37:22.276156,Suspicious Process Execution,IFTranscriptSELFIngestor,59157,85,High,Mac Real-Time Agent,Detected suspicious keyword: nc
2026-08-18 11:37:22.276275,Suspicious Process Execution,IFTelemetrySELFIngestor,59158,85,High,Mac Real-Time Agent,Detected suspicious keyword: nc
2026-08-18 11:37:22.276396,Suspicious Process Execution,GMSSELFIngestor,59159,85,High,Mac Real-Time Agent,Detected suspicious keyword: nc
2026-08-18 11:37:22.276657,Suspicious Process Execution,AXVisualSupportAgent,59261,85,High,Mac Real-Time Agent,Detected suspicious keyword: nc
2026-08-18 11:38:05.501552,Suspicious Process Execution,AXVisualSupportAgent,59461,85,High,Mac Real-Time Agent,Detected suspicious keyword: nc
2026-08-18 11:38:05.864220,Failed Password Attempt,sudo,N/A,75,High,Mac Failed Login Monitor,"2026-08-18 11:38:05.863 E  coreauthd[50470:2b8dd9] [com.apple.LocalAuthentication:Environment] companionForUser:501 type:1 -> Error Domain=com.apple.LocalAuthentication Code=-1000 ""companions not supported"" UserInfo={NSDebugDescription=companions not supported, NSLocalizedDescription=Authentication failure.}"
2026-08-18 11:38:05.864382,Failed Password Attempt,sudo,N/A,75,High,Mac Failed Login Monitor,"2026-08-18 11:38:05.863 E  coreauthd[50470:2b8dd9] [com.apple.LocalAuthentication:Environment] companionForUser:501 type:2 -> Error Domain=com.apple.LocalAuthentication Code=-1000 ""companions not supported"" UserInfo={NSDebugDescription=companions not supported, NSLocalizedDescription=Authentication failure.}"
2026-08-18 11:38:05.864443,Failed Password Attempt,sudo,N/A,75,High,Mac Failed Login Monitor,"2026-08-18 11:38:05.863 E  coreauthd[50470:2b8dd9] [com.apple.LocalAuthentication:Environment] companionForUser:501 type:4 -> Error Domain=com.apple.LocalAuthentication Code=-1000 ""companions not supported"" UserInfo={NSDebugDescription=companions not supported, NSLocalizedDescription=Authentication failure.}"
2026-08-18 11:38:05.867682,Failed Password Attempt,sudo,N/A,75,High,Mac Failed Login Monitor,"2026-08-18 11:38:05.867 E  coreauthd[50470:2b9053] [com.apple.LocalAuthentication:Environment] companionForUser:501 type:1 -> Error Domain=com.apple.LocalAuthentication Code=-1000 ""companions not supported"" UserInfo={NSDebugDescription=companions not supported, NSLocalizedDescription=Authentication failure.}"
2026-08-18 11:38:05.867797,Failed Password Attempt,sudo,N/A,75,High,Mac Failed Login Monitor,"2026-08-18 11:38:05.867 E  coreauthd[50470:2b9053] [com.apple.LocalAuthentication:Environment] companionForUser:501 type:2 -> Error Domain=com.apple.LocalAuthentication Code=-1000 ""companions not supported"" UserInfo={NSDebugDescription=companions not supported, NSLocalizedDescription=Authentication failure.}"
2026-08-18 11:38:05.867858,Failed Password Attempt,sudo,N/A,75,High,Mac Failed Login Monitor,"2026-08-18 11:38:05.867 E  coreauthd[50470:2b9053] [com.apple.LocalAuthentication:Environment] companionForUser:501 type:4 -> Error Domain=com.apple.LocalAuthentication Code=-1000 ""companions not supported"" UserInfo={NSDebugDescription=companions not supported, NSLocalizedDescription=Authentication failure.}"
2026-08-18 11:38:05.868340,Failed Password Attempt,sudo,N/A,75,High,Mac Failed Login Monitor,"2026-08-18 11:38:05.868 E  coreauthd[50470:2b8dd9] [com.apple.LocalAuthentication:Environment] companionForUser:501 type:1 -> Error Domain=com.apple.LocalAuthentication Code=-1000 ""companions not supported"" UserInfo={NSDebugDescription=companions not supported, NSLocalizedDescription=Authentication failure.}"
2026-08-18 11:38:05.868405,Failed Password Attempt,sudo,N/A,75,High,Mac Failed Login Monitor,"2026-08-18 11:38:05.868 E  coreauthd[50470:2b8dd9] [com.apple.LocalAuthentication:Environment] companionForUser:501 type:2 -> Error Domain=com.apple.LocalAuthentication Code=-1000 ""companions not supported"" UserInfo={NSDebugDescription=companions not supported, NSLocalizedDescription=Authentication failure.}"
2026-08-18 11:38:05.868459,Failed Password Attempt,sudo,N/A,75,High,Mac Failed Login Monitor,"2026-08-18 11:38:05.868 E  coreauthd[50470:2b8dd9] [com.apple.LocalAuthentication:Environment] companionForUser:501 type:4 -> Error Domain=com.apple.LocalAuthentication Code=-1000 ""companions not supported"" UserInfo={NSDebugDescription=companions not supported, NSLocalizedDescription=Authentication failure.}"
2026-08-18 11:38:05.869516,Failed Password Attempt,sudo,N/A,75,High,Mac Failed Login Monitor,"2026-08-18 11:38:05.869 E  coreauthd[50470:2b9053] [com.apple.LocalAuthentication:Environment] companionForUser:501 type:1 -> Error Domain=com.apple.LocalAuthentication Code=-1000 ""companions not supported"" UserInfo={NSDebugDescription=companions not supported, NSLocalizedDescription=Authentication failure.}"
2026-08-18 11:38:05.869621,Failed Password Attempt,sudo,N/A,75,High,Mac Failed Login Monitor,"2026-08-18 11:38:05.869 E  coreauthd[50470:2b9053] [com.apple.LocalAuthentication:Environment] companionForUser:501 type:2 -> Error Domain=com.apple.LocalAuthentication Code=-1000 ""companions not supported"" UserInfo={NSDebugDescription=companions not supported, NSLocalizedDescription=Authentication failure.}"
2026-08-18 11:38:05.869890,Failed Password Attempt,sudo,N/A,75,High,Mac Failed Login Monitor,"2026-08-18 11:38:05.869 E  coreauthd[50470:2b9053] [com.apple.LocalAuthentication:Environment] companionForUser:501 type:4 -> Error Domain=com.apple.LocalAuthentication Code=-1000 ""companions not supported"" UserInfo={NSDebugDescription=companions not supported, NSLocalizedDescription=Authentication failure.}"
2026-08-18 11:38:10.270065,Failed Password Attempt,sudo,N/A,75,High,Mac Failed Login Monitor,2026-08-18 11:38:10.264 Df loginwindow[601:1019] [com.apple.loginwindow.logging:Standard] -[LWDefaultScreenLockUI authFailWithMessage:] | enter. INCORRECT password
2026-08-18 11:38:15.337490,Failed Password Attempt,sudo,N/A,75,High,Mac Failed Login Monitor,2026-08-18 11:38:15.336 Df loginwindow[601:1019] [com.apple.loginwindow.logging:Standard] -[LWDefaultScreenLockUI authFailWithMessage:] | enter. INCORRECT password
2026-08-18 11:38:15.642041,Failed Password Attempt,sudo,N/A,75,High,Mac Failed Login Monitor,"2026-08-18 11:38:15.639 E  coreauthd[50470:2b9177] [com.apple.LocalAuthentication:Environment] companionForUser:501 type:1 -> Error Domain=com.apple.LocalAuthentication Code=-1000 ""companions not supported"" UserInfo={NSDebugDescription=companions not supported, NSLocalizedDescription=Authentication failure.}"
2026-08-18 11:38:15.642994,Failed Password Attempt,sudo,N/A,75,High,Mac Failed Login Monitor,"2026-08-18 11:38:15.639 E  coreauthd[50470:2b9177] [com.apple.LocalAuthentication:Environment] companionForUser:501 type:2 -> Error Domain=com.apple.LocalAuthentication Code=-1000 ""companions not supported"" UserInfo={NSDebugDescription=companions not supported, NSLocalizedDescription=Authentication failure.}"
2026-08-18 11:38:15.643426,Failed Password Attempt,sudo,N/A,75,High,Mac Failed Login Monitor,"2026-08-18 11:38:15.639 E  coreauthd[50470:2b9177] [com.apple.LocalAuthentication:Environment] companionForUser:501 type:4 -> Error Domain=com.apple.LocalAuthentication Code=-1000 ""companions not supported"" UserInfo={NSDebugDescription=companions not supported, NSLocalizedDescription=Authentication failure.}"
2026-08-18 11:38:15.655420,Failed Password Attempt,sudo,N/A,75,High,Mac Failed Login Monitor,"2026-08-18 11:38:15.654 E  coreauthd[50470:2b9053] [com.apple.LocalAuthentication:Environment] companionForUser:501 type:1 -> Error Domain=com.apple.LocalAuthentication Code=-1000 ""companions not supported"" UserInfo={NSDebugDescription=companions not supported, NSLocalizedDescription=Authentication failure.}"
2026-08-18 11:38:15.656437,Failed Password Attempt,sudo,N/A,75,High,Mac Failed Login Monitor,"2026-08-18 11:38:15.654 E  coreauthd[50470:2b9053] [com.apple.LocalAuthentication:Environment] companionForUser:501 type:2 -> Error Domain=com.apple.LocalAuthentication Code=-1000 ""companions not supported"" UserInfo={NSDebugDescription=companions not supported, NSLocalizedDescription=Authentication failure.}"
2026-08-18 11:38:15.657151,Failed Password Attempt,sudo,N/A,75,High,Mac Failed Login Monitor,"2026-08-18 11:38:15.654 E  coreauthd[50470:2b9053] [com.apple.LocalAuthentication:Environment] companionForUser:501 type:4 -> Error Domain=com.apple.LocalAuthentication Code=-1000 ""companions not supported"" UserInfo={NSDebugDescription=companions not supported, NSLocalizedDescription=Authentication failure.}"
2026-08-18 11:38:15.660771,Failed Password Attempt,sudo,N/A,75,High,Mac Failed Login Monitor,"2026-08-18 11:38:15.660 E  coreauthd[50470:2b9053] [com.apple.LocalAuthentication:Environment] companionForUser:501 type:1 -> Error Domain=com.apple.LocalAuthentication Code=-1000 ""companions not supported"" UserInfo={NSDebugDescription=companions not supported, NSLocalizedDescription=Authentication failure.}"
2026-08-18 11:38:15.661158,Failed Password Attempt,sudo,N/A,75,High,Mac Failed Login Monitor,"2026-08-18 11:38:15.660 E  coreauthd[50470:2b9053] [com.apple.LocalAuthentication:Environment] companionForUser:501 type:2 -> Error Domain=com.apple.LocalAuthentication Code=-1000 ""companions not supported"" UserInfo={NSDebugDescription=companions not supported, NSLocalizedDescription=Authentication failure.}"
2026-08-18 11:38:15.661366,Failed Password Attempt,sudo,N/A,75,High,Mac Failed Login Monitor,"2026-08-18 11:38:15.660 E  coreauthd[50470:2b9053] [com.apple.LocalAuthentication:Environment] companionForUser:501 type:4 -> Error Domain=com.apple.LocalAuthentication Code=-1000 ""companions not supported"" UserInfo={NSDebugDescription=companions not supported, NSLocalizedDescription=Authentication failure.}"
2026-08-18 11:38:15.665662,Failed Password Attempt,sudo,N/A,75,High,Mac Failed Login Monitor,"2026-08-18 11:38:15.665 E  coreauthd[50470:2b9053] [com.apple.LocalAuthentication:Environment] companionForUser:501 type:1 -> Error Domain=com.apple.LocalAuthentication Code=-1000 ""companions not supported"" UserInfo={NSDebugDescription=companions not supported, NSLocalizedDescription=Authentication failure.}"
2026-08-18 11:38:15.666032,Failed Password Attempt,sudo,N/A,75,High,Mac Failed Login Monitor,"2026-08-18 11:38:15.665 E  coreauthd[50470:2b9053] [com.apple.LocalAuthentication:Environment] companionForUser:501 type:2 -> Error Domain=com.apple.LocalAuthentication Code=-1000 ""companions not supported"" UserInfo={NSDebugDescription=companions not supported, NSLocalizedDescription=Authentication failure.}"
2026-08-18 11:38:15.666278,Failed Password Attempt,sudo,N/A,75,High,Mac Failed Login Monitor,"2026-08-18 11:38:15.665 E  coreauthd[50470:2b9053] [com.apple.LocalAuthentication:Environment] companionForUser:501 type:4 -> Error Domain=com.apple.LocalAuthentication Code=-1000 ""companions not supported"" UserInfo={NSDebugDescription=companions not supported, NSLocalizedDescription=Authentication failure.}"
2026-08-18 11:38:16.753598,Failed Password Attempt,sudo,N/A,75,High,Mac Failed Login Monitor,"2026-08-18 11:38:16.751 E  coreauthd[50470:2b9053] [com.apple.LocalAuthentication:Environment] companionForUser:501 type:1 -> Error Domain=com.apple.LocalAuthentication Code=-1000 ""companions not supported"" UserInfo={NSDebugDescription=companions not supported, NSLocalizedDescription=Authentication failure.}"
2026-08-18 11:38:16.753785,Failed Password Attempt,sudo,N/A,75,High,Mac Failed Login Monitor,"2026-08-18 11:38:16.751 E  coreauthd[50470:2b9053] [com.apple.LocalAuthentication:Environment] companionForUser:501 type:2 -> Error Domain=com.apple.LocalAuthentication Code=-1000 ""companions not supported"" UserInfo={NSDebugDescription=companions not supported, NSLocalizedDescription=Authentication failure.}"
2026-08-18 11:38:16.753899,Failed Password Attempt,sudo,N/A,75,High,Mac Failed Login Monitor,"2026-08-18 11:38:16.751 E  coreauthd[50470:2b9053] [com.apple.LocalAuthentication:Environment] companionForUser:501 type:4 -> Error Domain=com.apple.LocalAuthentication Code=-1000 ""companions not supported"" UserInfo={NSDebugDescription=companions not supported, NSLocalizedDescription=Authentication failure.}"
2026-08-18 11:38:16.761872,Failed Password Attempt,sudo,N/A,75,High,Mac Failed Login Monitor,"2026-08-18 11:38:16.760 E  coreauthd[50470:2b9053] [com.apple.LocalAuthentication:Environment] companionForUser:501 type:1 -> Error Domain=com.apple.LocalAuthentication Code=-1000 ""companions not supported"" UserInfo={NSDebugDescription=companions not supported, NSLocalizedDescription=Authentication failure.}"
2026-08-18 11:38:16.762080,Failed Password Attempt,sudo,N/A,75,High,Mac Failed Login Monitor,"2026-08-18 11:38:16.761 E  coreauthd[50470:2b9053] [com.apple.LocalAuthentication:Environment] companionForUser:501 type:2 -> Error Domain=com.apple.LocalAuthentication Code=-1000 ""companions not supported"" UserInfo={NSDebugDescription=companions not supported, NSLocalizedDescription=Authentication failure.}"
2026-08-18 11:38:16.762214,Failed Password Attempt,sudo,N/A,75,High,Mac Failed Login Monitor,"2026-08-18 11:38:16.761 E  coreauthd[50470:2b9053] [com.apple.LocalAuthentication:Environment] companionForUser:501 type:4 -> Error Domain=com.apple.LocalAuthentication Code=-1000 ""companions not supported"" UserInfo={NSDebugDescription=companions not supported, NSLocalizedDescription=Authentication failure.}"
2026-08-18 11:38:16.768042,Failed Password Attempt,sudo,N/A,75,High,Mac Failed Login Monitor,"2026-08-18 11:38:16.767 E  coreauthd[50470:2b9177] [com.apple.LocalAuthentication:Environment] companionForUser:501 type:1 -> Error Domain=com.apple.LocalAuthentication Code=-1000 ""companions not supported"" UserInfo={NSDebugDescription=companions not supported, NSLocalizedDescription=Authentication failure.}"
2026-08-18 11:38:16.768360,Failed Password Attempt,sudo,N/A,75,High,Mac Failed Login Monitor,"2026-08-18 11:38:16.767 E  coreauthd[50470:2b9177] [com.apple.LocalAuthentication:Environment] companionForUser:501 type:2 -> Error Domain=com.apple.LocalAuthentication Code=-1000 ""companions not supported"" UserInfo={NSDebugDescription=companions not supported, NSLocalizedDescription=Authentication failure.}"
2026-08-18 11:38:16.768726,Failed Password Attempt,sudo,N/A,75,High,Mac Failed Login Monitor,"2026-08-18 11:38:16.767 E  coreauthd[50470:2b9177] [com.apple.LocalAuthentication:Environment] companionForUser:501 type:4 -> Error Domain=com.apple.LocalAuthentication Code=-1000 ""companions not supported"" UserInfo={NSDebugDescription=companions not supported, NSLocalizedDescription=Authentication failure.}"
2026-08-18 11:38:16.779780,Failed Password Attempt,sudo,N/A,75,High,Mac Failed Login Monitor,"2026-08-18 11:38:16.779 E  coreauthd[50470:2b9053] [com.apple.LocalAuthentication:Environment] companionForUser:501 type:1 -> Error Domain=com.apple.LocalAuthentication Code=-1000 ""companions not supported"" UserInfo={NSDebugDescription=companions not supported, NSLocalizedDescription=Authentication failure.}"
2026-08-18 11:38:16.780025,Failed Password Attempt,sudo,N/A,75,High,Mac Failed Login Monitor,"2026-08-18 11:38:16.779 E  coreauthd[50470:2b9053] [com.apple.LocalAuthentication:Environment] companionForUser:501 type:2 -> Error Domain=com.apple.LocalAuthentication Code=-1000 ""companions not supported"" UserInfo={NSDebugDescription=companions not supported, NSLocalizedDescription=Authentication failure.}"
2026-08-18 11:38:16.780196,Failed Password Attempt,sudo,N/A,75,High,Mac Failed Login Monitor,"2026-08-18 11:38:16.779 E  coreauthd[50470:2b9053] [com.apple.LocalAuthentication:Environment] companionForUser:501 type:4 -> Error Domain=com.apple.LocalAuthentication Code=-1000 ""companions not supported"" UserInfo={NSDebugDescription=companions not supported, NSLocalizedDescription=Authentication failure.}"
2026-08-18 11:38:16.801486,Failed Password Attempt,sudo,N/A,75,High,Mac Failed Login Monitor,"2026-08-18 11:38:16.801 E  coreauthd[50470:2b9053] [com.apple.LocalAuthentication:Environment] companionForUser:501 type:1 -> Error Domain=com.apple.LocalAuthentication Code=-1000 ""companions not supported"" UserInfo={NSDebugDescription=companions not supported, NSLocalizedDescription=Authentication failure.}"
2026-08-18 11:38:16.801681,Failed Password Attempt,sudo,N/A,75,High,Mac Failed Login Monitor,"2026-08-18 11:38:16.801 E  coreauthd[50470:2b9053] [com.apple.LocalAuthentication:Environment] companionForUser:501 type:2 -> Error Domain=com.apple.LocalAuthentication Code=-1000 ""companions not supported"" UserInfo={NSDebugDescription=companions not supported, NSLocalizedDescription=Authentication failure.}"
2026-08-18 11:38:16.801787,Failed Password Attempt,sudo,N/A,75,High,Mac Failed Login Monitor,"2026-08-18 11:38:16.801 E  coreauthd[50470:2b9053] [com.apple.LocalAuthentication:Environment] companionForUser:501 type:4 -> Error Domain=com.apple.LocalAuthentication Code=-1000 ""companions not supported"" UserInfo={NSDebugDescription=companions not supported, NSLocalizedDescription=Authentication failure.}"
2026-08-18 11:38:16.812420,Failed Password Attempt,sudo,N/A,75,High,Mac Failed Login Monitor,"2026-08-18 11:38:16.811 E  coreauthd[50470:2b9177] [com.apple.LocalAuthentication:Environment] companionForUser:501 type:1 -> Error Domain=com.apple.LocalAuthentication Code=-1000 ""companions not supported"" UserInfo={NSDebugDescription=companions not supported, NSLocalizedDescription=Authentication failure.}"
2026-08-18 11:38:16.812599,Failed Password Attempt,sudo,N/A,75,High,Mac Failed Login Monitor,"2026-08-18 11:38:16.812 E  coreauthd[50470:2b9177] [com.apple.LocalAuthentication:Environment] companionForUser:501 type:2 -> Error Domain=com.apple.LocalAuthentication Code=-1000 ""companions not supported"" UserInfo={NSDebugDescription=companions not supported, NSLocalizedDescription=Authentication failure.}"
2026-08-18 11:38:16.812717,Failed Password Attempt,sudo,N/A,75,High,Mac Failed Login Monitor,"2026-08-18 11:38:16.812 E  coreauthd[50470:2b9177] [com.apple.LocalAuthentication:Environment] companionForUser:501 type:4 -> Error Domain=com.apple.LocalAuthentication Code=-1000 ""companions not supported"" UserInfo={NSDebugDescription=companions not supported, NSLocalizedDescription=Authentication failure.}"
2026-08-18 11:38:16.817670,Failed Password Attempt,sudo,N/A,75,High,Mac Failed Login Monitor,"2026-08-18 11:38:16.817 E  coreauthd[50470:2b9053] [com.apple.LocalAuthentication:Environment] companionForUser:501 type:1 -> Error Domain=com.apple.LocalAuthentication Code=-1000 ""companions not supported"" UserInfo={NSDebugDescription=companions not supported, NSLocalizedDescription=Authentication failure.}"
2026-08-18 11:38:16.817816,Failed Password Attempt,sudo,N/A,75,High,Mac Failed Login Monitor,"2026-08-18 11:38:16.817 E  coreauthd[50470:2b9053] [com.apple.LocalAuthentication:Environment] companionForUser:501 type:2 -> Error Domain=com.apple.LocalAuthentication Code=-1000 ""companions not supported"" UserInfo={NSDebugDescription=companions not supported, NSLocalizedDescription=Authentication failure.}"
2026-08-18 11:38:16.818004,Failed Password Attempt,sudo,N/A,75,High,Mac Failed Login Monitor,"2026-08-18 11:38:16.817 E  coreauthd[50470:2b9053] [com.apple.LocalAuthentication:Environment] companionForUser:501 type:4 -> Error Domain=com.apple.LocalAuthentication Code=-1000 ""companions not supported"" UserInfo={NSDebugDescription=companions not supported, NSLocalizedDescription=Authentication failure.}"
2026-08-18 11:38:16.820269,Failed Password Attempt,sudo,N/A,75,High,Mac Failed Login Monitor,"2026-08-18 11:38:16.820 E  coreauthd[50470:2b9053] [com.apple.LocalAuthentication:Environment] companionForUser:501 type:1 -> Error Domain=com.apple.LocalAuthentication Code=-1000 ""companions not supported"" UserInfo={NSDebugDescription=companions not supported, NSLocalizedDescription=Authentication failure.}"
2026-08-18 11:38:16.820377,Failed Password Attempt,sudo,N/A,75,High,Mac Failed Login Monitor,"2026-08-18 11:38:16.820 E  coreauthd[50470:2b9053] [com.apple.LocalAuthentication:Environment] companionForUser:501 type:2 -> Error Domain=com.apple.LocalAuthentication Code=-1000 ""companions not supported"" UserInfo={NSDebugDescription=companions not supported, NSLocalizedDescription=Authentication failure.}"
2026-08-18 11:38:16.820475,Failed Password Attempt,sudo,N/A,75,High,Mac Failed Login Monitor,"2026-08-18 11:38:16.820 E  coreauthd[50470:2b9053] [com.apple.LocalAuthentication:Environment] companionForUser:501 type:4 -> Error Domain=com.apple.LocalAuthentication Code=-1000 ""companions not supported"" UserInfo={NSDebugDescription=companions not supported, NSLocalizedDescription=Authentication failure.}"
2026-08-18 11:39:00.879244,Suspicious Process Execution,biomesyncd,59497,85,High,Mac Real-Time Agent,Detected suspicious keyword: nc
2026-08-18 11:39:07.049684,Suspicious Process Execution,AXVisualSupportAgent,59501,85,High,Mac Real-Time Agent,Detected suspicious keyword: nc
2026-08-18 11:40:06.505150,Suspicious Process Execution,AXVisualSupportAgent,59529,85,High,Mac Real-Time Agent,Detected suspicious keyword: nc
2026-08-18 11:41:08.010298,Suspicious Process Execution,AXVisualSupportAgent,59739,85,High,Mac Real-Time Agent,Detected suspicious keyword: nc
2026-08-18 11:41:36.798331,Suspicious Process Execution,Python,59747,85,High,Mac Real-Time Agent,Detected suspicious keyword: nc
2026-08-18 11:42:07.615382,Suspicious Process Execution,AXVisualSupportAgent,59768,85,High,Mac Real-Time Agent,Detected suspicious keyword: nc
2026-08-18 11:43:07.221620,Suspicious Process Execution,AXVisualSupportAgent,59783,85,High,Mac Real-Time Agent,Detected suspicious keyword: nc
2026-08-18 11:43:58.410992,Suspicious Process Execution,SearchUploadWorker,59873,85,High,Mac Real-Time Agent,Detected suspicious keyword: nc
2026-08-18 11:43:58.411642,Suspicious Process Execution,SiriUploadWorker,59874,85,High,Mac Real-Time Agent,Detected suspicious keyword: nc
2026-08-18 11:44:06.640707,Suspicious Process Execution,AXVisualSupportAgent,59886,85,High,Mac Real-Time Agent,Detected suspicious keyword: nc
2026-08-18 11:44:10.743666,Suspicious Process Execution,screencapture,59893,85,High,Mac Real-Time Agent,Detected suspicious keyword: nc
2026-08-18 11:44:10.744386,Suspicious Process Execution,screencaptureui,59894,85,High,Mac Real-Time Agent,Detected suspicious keyword: nc
2026-08-18 11:44:33.257090,Suspicious Process Execution,powerexperienced,59948,85,High,Mac Real-Time Agent,Detected suspicious keyword: nc
2026-08-18 11:45:08.067569,Suspicious Process Execution,AXVisualSupportAgent,59976,85,High,Mac Real-Time Agent,Detected suspicious keyword: nc
2026-08-18 11:46:07.577247,Suspicious Process Execution,AXVisualSupportAgent,59996,85,High,Mac Real-Time Agent,Detected suspicious keyword: nc
2026-08-18 11:47:09.122626,Suspicious Process Execution,AXVisualSupportAgent,60017,85,High,Mac Real-Time Agent,Detected suspicious keyword: nc
2026-08-18 11:48:08.566053,Suspicious Process Execution,AXVisualSupportAgent,60040,85,High,Mac Real-Time Agent,Detected suspicious keyword: nc
2026-08-18 11:49:09.988699,Suspicious Process Execution,AXVisualSupportAgent,60069,85,High,Mac Real-Time Agent,Detected suspicious keyword: nc
2026-08-18 11:50:09.344424,Suspicious Process Execution,AXVisualSupportAgent,60107,85,High,Mac Real-Time Agent,Detected suspicious keyword: nc
2026-08-18 11:51:08.670559,Suspicious Process Execution,AXVisualSupportAgent,60172,85,High,Mac Real-Time Agent,Detected suspicious keyword: nc
2026-08-18 11:52:10.224194,Suspicious Process Execution,AXVisualSupportAgent,60200,85,High,Mac Real-Time Agent,Detected suspicious keyword: nc
2026-08-18 11:52:57.384171,Suspicious Process Execution,biomesyncd,60232,85,High,Mac Real-Time Agent,Detected suspicious keyword: nc
2026-08-18 11:53:01.483338,Suspicious Process Execution,AMPArtworkAgent,60237,85,High,Mac Real-Time Agent,Detected suspicious keyword: nc
2026-08-18 11:53:09.639701,Suspicious Process Execution,AXVisualSupportAgent,60252,85,High,Mac Real-Time Agent,Detected suspicious keyword: nc
2026-08-18 11:53:42.263448,Suspicious Process Execution,screencaptureui,60289,85,High,Mac Real-Time Agent,Detected suspicious keyword: nc
2026-08-18 11:54:08.757774,Suspicious Process Execution,AXVisualSupportAgent,60323,85,High,Mac Real-Time Agent,Detected suspicious keyword: nc
2026-08-18 11:54:53.790524,Suspicious Process Execution,Google Chrome Helper (Renderer),60370,85,High,Mac Real-Time Agent,Detected suspicious keyword: nc
2026-08-18 11:55:10.144414,Suspicious Process Execution,AXVisualSupportAgent,60379,85,High,Mac Real-Time Agent,Detected suspicious keyword: nc
2026-08-18 11:55:44.673424,Suspicious Process Execution,screencaptureui,60421,85,High,Mac Real-Time Agent,Detected suspicious keyword: nc
2026-08-18 11:55:56.883551,Suspicious Process Execution,powerexperienced,60435,85,High,Mac Real-Time Agent,Detected suspicious keyword: nc
2026-08-18 11:56:11.141469,Suspicious Process Execution,AXVisualSupportAgent,60450,85,High,Mac Real-Time Agent,Detected suspicious keyword: nc
2026-08-18 11:57:10.205034,Suspicious Process Execution,AXVisualSupportAgent,60508,85,High,Mac Real-Time Agent,Detected suspicious keyword: nc
2026-08-18 11:58:11.376020,Suspicious Process Execution,AXVisualSupportAgent,60545,85,High,Mac Real-Time Agent,Detected suspicious keyword: nc
2026-08-18 11:58:29.729327,Suspicious Process Execution,IFTelemetrySELFIngestor,60557,85,High,Mac Real-Time Agent,Detected suspicious keyword: nc
2026-08-18 11:58:29.730553,Suspicious Process Execution,BiomeSELFIngestor,60558,85,High,Mac Real-Time Agent,Detected suspicious keyword: nc
2026-08-18 11:58:29.730825,Suspicious Process Execution,GMSSELFIngestor,60560,85,High,Mac Real-Time Agent,Detected suspicious keyword: nc
2026-08-18 11:58:29.730970,Suspicious Process Execution,IFTranscriptSELFIngestor,60561,85,High,Mac Real-Time Agent,Detected suspicious keyword: nc
2026-08-18 11:58:54.186848,Suspicious Process Execution,AddressBookSourceSync,60573,85,High,Mac Real-Time Agent,Detected suspicious keyword: nc
2026-08-18 11:59:10.513033,Suspicious Process Execution,AXVisualSupportAgent,60600,85,High,Mac Real-Time Agent,Detected suspicious keyword: nc
2026-08-18 11:59:34.895674,Suspicious Process Execution,generativeexperiencesd,60639,85,High,Mac Real-Time Agent,Detected suspicious keyword: nc
2026-08-18 11:59:45.097952,Suspicious Process Execution,powerexperienced,60673,85,High,Mac Real-Time Agent,Detected suspicious keyword: nc
2026-08-18 12:00:04.061907,Failed Password Attempt,sudo,N/A,75,High,Mac Failed Login Monitor,"2026-08-18 12:00:04.018 E  coreauthd[50470:2bda88] [com.apple.LocalAuthentication:Environment] companionForUser:501 type:1 -> Error Domain=com.apple.LocalAuthentication Code=-1000 ""companions not supported"" UserInfo={NSDebugDescription=companions not supported, NSLocalizedDescription=Authentication failure.}"
2026-08-18 12:00:04.062234,Failed Password Attempt,sudo,N/A,75,High,Mac Failed Login Monitor,"2026-08-18 12:00:04.018 E  coreauthd[50470:2bda88] [com.apple.LocalAuthentication:Environment] companionForUser:501 type:2 -> Error Domain=com.apple.LocalAuthentication Code=-1000 ""companions not supported"" UserInfo={NSDebugDescription=companions not supported, NSLocalizedDescription=Authentication failure.}"
2026-08-18 12:00:04.062335,Failed Password Attempt,sudo,N/A,75,High,Mac Failed Login Monitor,"2026-08-18 12:00:04.018 E  coreauthd[50470:2bda88] [com.apple.LocalAuthentication:Environment] companionForUser:501 type:4 -> Error Domain=com.apple.LocalAuthentication Code=-1000 ""companions not supported"" UserInfo={NSDebugDescription=companions not supported, NSLocalizedDescription=Authentication failure.}"
2026-08-18 12:00:04.072676,Failed Password Attempt,sudo,N/A,75,High,Mac Failed Login Monitor,"2026-08-18 12:00:04.037 E  coreauthd[50470:2bd4e1] [com.apple.LocalAuthentication:Environment] companionForUser:501 type:1 -> Error Domain=com.apple.LocalAuthentication Code=-1000 ""companions not supported"" UserInfo={NSDebugDescription=companions not supported, NSLocalizedDescription=Authentication failure.}"
2026-08-18 12:00:04.072790,Failed Password Attempt,sudo,N/A,75,High,Mac Failed Login Monitor,"2026-08-18 12:00:04.037 E  coreauthd[50470:2bd4e1] [com.apple.LocalAuthentication:Environment] companionForUser:501 type:2 -> Error Domain=com.apple.LocalAuthentication Code=-1000 ""companions not supported"" UserInfo={NSDebugDescription=companions not supported, NSLocalizedDescription=Authentication failure.}"
2026-08-18 12:00:04.072868,Failed Password Attempt,sudo,N/A,75,High,Mac Failed Login Monitor,"2026-08-18 12:00:04.037 E  coreauthd[50470:2bd4e1] [com.apple.LocalAuthentication:Environment] companionForUser:501 type:4 -> Error Domain=com.apple.LocalAuthentication Code=-1000 ""companions not supported"" UserInfo={NSDebugDescription=companions not supported, NSLocalizedDescription=Authentication failure.}"
2026-08-18 12:00:04.181026,Failed Password Attempt,sudo,N/A,75,High,Mac Failed Login Monitor,"2026-08-18 12:00:04.180 E  coreauthd[50470:2bd4e1] [com.apple.LocalAuthentication:Environment] companionForUser:501 type:1 -> Error Domain=com.apple.LocalAuthentication Code=-1000 ""companions not supported"" UserInfo={NSDebugDescription=companions not supported, NSLocalizedDescription=Authentication failure.}"
2026-08-18 12:00:04.181277,Failed Password Attempt,sudo,N/A,75,High,Mac Failed Login Monitor,"2026-08-18 12:00:04.180 E  coreauthd[50470:2bd4e1] [com.apple.LocalAuthentication:Environment] companionForUser:501 type:2 -> Error Domain=com.apple.LocalAuthentication Code=-1000 ""companions not supported"" UserInfo={NSDebugDescription=companions not supported, NSLocalizedDescription=Authentication failure.}"
2026-08-18 12:00:04.181367,Failed Password Attempt,sudo,N/A,75,High,Mac Failed Login Monitor,"2026-08-18 12:00:04.180 E  coreauthd[50470:2bd4e1] [com.apple.LocalAuthentication:Environment] companionForUser:501 type:4 -> Error Domain=com.apple.LocalAuthentication Code=-1000 ""companions not supported"" UserInfo={NSDebugDescription=companions not supported, NSLocalizedDescription=Authentication failure.}"
2026-08-18 12:00:04.185246,Failed Password Attempt,sudo,N/A,75,High,Mac Failed Login Monitor,"2026-08-18 12:00:04.184 E  coreauthd[50470:2bd4e1] [com.apple.LocalAuthentication:Environment] companionForUser:501 type:1 -> Error Domain=com.apple.LocalAuthentication Code=-1000 ""companions not supported"" UserInfo={NSDebugDescription=companions not supported, NSLocalizedDescription=Authentication failure.}"
2026-08-18 12:00:04.185338,Failed Password Attempt,sudo,N/A,75,High,Mac Failed Login Monitor,"2026-08-18 12:00:04.185 E  coreauthd[50470:2bd4e1] [com.apple.LocalAuthentication:Environment] companionForUser:501 type:2 -> Error Domain=com.apple.LocalAuthentication Code=-1000 ""companions not supported"" UserInfo={NSDebugDescription=companions not supported, NSLocalizedDescription=Authentication failure.}"
2026-08-18 12:00:04.185433,Failed Password Attempt,sudo,N/A,75,High,Mac Failed Login Monitor,"2026-08-18 12:00:04.185 E  coreauthd[50470:2bd4e1] [com.apple.LocalAuthentication:Environment] companionForUser:501 type:4 -> Error Domain=com.apple.LocalAuthentication Code=-1000 ""companions not supported"" UserInfo={NSDebugDescription=companions not supported, NSLocalizedDescription=Authentication failure.}"
2026-08-18 12:00:04.247964,Failed Password Attempt,sudo,N/A,75,High,Mac Failed Login Monitor,"2026-08-18 12:00:04.247 E  coreauthd[50470:2bd4e1] [com.apple.LocalAuthentication:Environment] companionForUser:501 type:1 -> Error Domain=com.apple.LocalAuthentication Code=-1000 ""companions not supported"" UserInfo={NSDebugDescription=companions not supported, NSLocalizedDescription=Authentication failure.}"
2026-08-18 12:00:04.248196,Failed Password Attempt,sudo,N/A,75,High,Mac Failed Login Monitor,"2026-08-18 12:00:04.247 E  coreauthd[50470:2bd4e1] [com.apple.LocalAuthentication:Environment] companionForUser:501 type:2 -> Error Domain=com.apple.LocalAuthentication Code=-1000 ""companions not supported"" UserInfo={NSDebugDescription=companions not supported, NSLocalizedDescription=Authentication failure.}"
2026-08-18 12:00:04.248298,Failed Password Attempt,sudo,N/A,75,High,Mac Failed Login Monitor,"2026-08-18 12:00:04.247 E  coreauthd[50470:2bd4e1] [com.apple.LocalAuthentication:Environment] companionForUser:501 type:4 -> Error Domain=com.apple.LocalAuthentication Code=-1000 ""companions not supported"" UserInfo={NSDebugDescription=companions not supported, NSLocalizedDescription=Authentication failure.}"
2026-08-18 12:00:04.261235,Failed Password Attempt,sudo,N/A,75,High,Mac Failed Login Monitor,"2026-08-18 12:00:04.261 E  coreauthd[50470:2bd4e1] [com.apple.LocalAuthentication:Environment] companionForUser:501 type:1 -> Error Domain=com.apple.LocalAuthentication Code=-1000 ""companions not supported"" UserInfo={NSDebugDescription=companions not supported, NSLocalizedDescription=Authentication failure.}"
2026-08-18 12:00:04.261321,Failed Password Attempt,sudo,N/A,75,High,Mac Failed Login Monitor,"2026-08-18 12:00:04.261 E  coreauthd[50470:2bd4e1] [com.apple.LocalAuthentication:Environment] companionForUser:501 type:2 -> Error Domain=com.apple.LocalAuthentication Code=-1000 ""companions not supported"" UserInfo={NSDebugDescription=companions not supported, NSLocalizedDescription=Authentication failure.}"
2026-08-18 12:00:04.261378,Failed Password Attempt,sudo,N/A,75,High,Mac Failed Login Monitor,"2026-08-18 12:00:04.261 E  coreauthd[50470:2bd4e1] [com.apple.LocalAuthentication:Environment] companionForUser:501 type:4 -> Error Domain=com.apple.LocalAuthentication Code=-1000 ""companions not supported"" UserInfo={NSDebugDescription=companions not supported, NSLocalizedDescription=Authentication failure.}"
2026-08-18 12:00:04.401910,Failed Password Attempt,sudo,N/A,75,High,Mac Failed Login Monitor,"2026-08-18 12:00:04.401 E  coreauthd[50470:2bd4e1] [com.apple.LocalAuthentication:Environment] companionForUser:501 type:1 -> Error Domain=com.apple.LocalAuthentication Code=-1000 ""companions not supported"" UserInfo={NSDebugDescription=companions not supported, NSLocalizedDescription=Authentication failure.}"
2026-08-18 12:00:04.402083,Failed Password Attempt,sudo,N/A,75,High,Mac Failed Login Monitor,"2026-08-18 12:00:04.401 E  coreauthd[50470:2bd4e1] [com.apple.LocalAuthentication:Environment] companionForUser:501 type:2 -> Error Domain=com.apple.LocalAuthentication Code=-1000 ""companions not supported"" UserInfo={NSDebugDescription=companions not supported, NSLocalizedDescription=Authentication failure.}"
2026-08-18 12:00:04.402280,Failed Password Attempt,sudo,N/A,75,High,Mac Failed Login Monitor,"2026-08-18 12:00:04.401 E  coreauthd[50470:2bd4e1] [com.apple.LocalAuthentication:Environment] companionForUser:501 type:4 -> Error Domain=com.apple.LocalAuthentication Code=-1000 ""companions not supported"" UserInfo={NSDebugDescription=companions not supported, NSLocalizedDescription=Authentication failure.}"
2026-08-18 12:00:04.402446,Failed Password Attempt,sudo,N/A,75,High,Mac Failed Login Monitor,"2026-08-18 12:00:04.402 E  coreauthd[50470:2bd4e1] [com.apple.LocalAuthentication:Environment] companionForUser:501 type:1 -> Error Domain=com.apple.LocalAuthentication Code=-1000 ""companions not supported"" UserInfo={NSDebugDescription=companions not supported, NSLocalizedDescription=Authentication failure.}"
2026-08-18 12:00:04.402536,Failed Password Attempt,sudo,N/A,75,High,Mac Failed Login Monitor,"2026-08-18 12:00:04.402 E  coreauthd[50470:2bd4e1] [com.apple.LocalAuthentication:Environment] companionForUser:501 type:2 -> Error Domain=com.apple.LocalAuthentication Code=-1000 ""companions not supported"" UserInfo={NSDebugDescription=companions not supported, NSLocalizedDescription=Authentication failure.}"
2026-08-18 12:00:04.402604,Failed Password Attempt,sudo,N/A,75,High,Mac Failed Login Monitor,"2026-08-18 12:00:04.402 E  coreauthd[50470:2bd4e1] [com.apple.LocalAuthentication:Environment] companionForUser:501 type:4 -> Error Domain=com.apple.LocalAuthentication Code=-1000 ""companions not supported"" UserInfo={NSDebugDescription=companions not supported, NSLocalizedDescription=Authentication failure.}"
2026-08-18 12:00:07.544998,Suspicious Process Execution,AssetMetricsExtension,60731,85,High,Mac Real-Time Agent,Detected suspicious keyword: nc
2026-08-18 12:00:11.615420,Suspicious Process Execution,AXVisualSupportAgent,60769,85,High,Mac Real-Time Agent,Detected suspicious keyword: nc
2026-08-18 12:13:59.606393,Failed Password Attempt,sudo,N/A,75,High,Mac Failed Login Monitor,"2026-08-18 12:13:59.395 E  coreauthd[50470:2bdaac] [com.apple.LocalAuthentication:Environment] companionForUser:501 type:1 -> Error Domain=com.apple.LocalAuthentication Code=-1000 ""companions not supported"" UserInfo={NSDebugDescription=companions not supported, NSLocalizedDescription=Authentication failure.}"
2026-08-18 12:13:59.606608,Failed Password Attempt,sudo,N/A,75,High,Mac Failed Login Monitor,"2026-08-18 12:13:59.395 E  coreauthd[50470:2bdaac] [com.apple.LocalAuthentication:Environment] companionForUser:501 type:2 -> Error Domain=com.apple.LocalAuthentication Code=-1000 ""companions not supported"" UserInfo={NSDebugDescription=companions not supported, NSLocalizedDescription=Authentication failure.}"
2026-08-18 12:13:59.606689,Failed Password Attempt,sudo,N/A,75,High,Mac Failed Login Monitor,"2026-08-18 12:13:59.395 E  coreauthd[50470:2bdaac] [com.apple.LocalAuthentication:Environment] companionForUser:501 type:4 -> Error Domain=com.apple.LocalAuthentication Code=-1000 ""companions not supported"" UserInfo={NSDebugDescription=companions not supported, NSLocalizedDescription=Authentication failure.}"
2026-08-18 12:13:59.607579,Failed Password Attempt,sudo,N/A,75,High,Mac Failed Login Monitor,"2026-08-18 12:13:59.607 E  coreauthd[50470:2bdaac] [com.apple.LocalAuthentication:Environment] companionForUser:501 type:1 -> Error Domain=com.apple.LocalAuthentication Code=-1000 ""companions not supported"" UserInfo={NSDebugDescription=companions not supported, NSLocalizedDescription=Authentication failure.}"
2026-08-18 12:13:59.607660,Failed Password Attempt,sudo,N/A,75,High,Mac Failed Login Monitor,"2026-08-18 12:13:59.607 E  coreauthd[50470:2bdaac] [com.apple.LocalAuthentication:Environment] companionForUser:501 type:2 -> Error Domain=com.apple.LocalAuthentication Code=-1000 ""companions not supported"" UserInfo={NSDebugDescription=companions not supported, NSLocalizedDescription=Authentication failure.}"
2026-08-18 12:13:59.607718,Failed Password Attempt,sudo,N/A,75,High,Mac Failed Login Monitor,"2026-08-18 12:13:59.607 E  coreauthd[50470:2bdaac] [com.apple.LocalAuthentication:Environment] companionForUser:501 type:4 -> Error Domain=com.apple.LocalAuthentication Code=-1000 ""companions not supported"" UserInfo={NSDebugDescription=companions not supported, NSLocalizedDescription=Authentication failure.}"
2026-08-18 12:14:01.423168,Suspicious Process Execution,liveactivitiesd,60811,85,High,Mac Real-Time Agent,Detected suspicious keyword: nc
2026-08-18 12:14:02.573992,Failed Password Attempt,sudo,N/A,75,High,Mac Failed Login Monitor,"2026-08-18 12:14:02.573 E  coreauthd[50470:2be000] [com.apple.LocalAuthentication:Environment] companionForUser:501 type:1 -> Error Domain=com.apple.LocalAuthentication Code=-1000 ""companions not supported"" UserInfo={NSDebugDescription=companions not supported, NSLocalizedDescription=Authentication failure.}"
2026-08-18 12:14:02.574292,Failed Password Attempt,sudo,N/A,75,High,Mac Failed Login Monitor,"2026-08-18 12:14:02.573 E  coreauthd[50470:2be000] [com.apple.LocalAuthentication:Environment] companionForUser:501 type:2 -> Error Domain=com.apple.LocalAuthentication Code=-1000 ""companions not supported"" UserInfo={NSDebugDescription=companions not supported, NSLocalizedDescription=Authentication failure.}"
2026-08-18 12:14:02.574397,Failed Password Attempt,sudo,N/A,75,High,Mac Failed Login Monitor,"2026-08-18 12:14:02.573 E  coreauthd[50470:2be000] [com.apple.LocalAuthentication:Environment] companionForUser:501 type:4 -> Error Domain=com.apple.LocalAuthentication Code=-1000 ""companions not supported"" UserInfo={NSDebugDescription=companions not supported, NSLocalizedDescription=Authentication failure.}"
2026-08-18 12:14:02.661467,Failed Password Attempt,sudo,N/A,75,High,Mac Failed Login Monitor,"2026-08-18 12:14:02.661 E  coreauthd[50470:2bdaac] [com.apple.LocalAuthentication:Environment] companionForUser:501 type:1 -> Error Domain=com.apple.LocalAuthentication Code=-1000 ""companions not supported"" UserInfo={NSDebugDescription=companions not supported, NSLocalizedDescription=Authentication failure.}"
2026-08-18 12:14:02.661610,Failed Password Attempt,sudo,N/A,75,High,Mac Failed Login Monitor,"2026-08-18 12:14:02.661 E  coreauthd[50470:2bdaac] [com.apple.LocalAuthentication:Environment] companionForUser:501 type:2 -> Error Domain=com.apple.LocalAuthentication Code=-1000 ""companions not supported"" UserInfo={NSDebugDescription=companions not supported, NSLocalizedDescription=Authentication failure.}"
2026-08-18 12:14:02.662112,Failed Password Attempt,sudo,N/A,75,High,Mac Failed Login Monitor,"2026-08-18 12:14:02.661 E  coreauthd[50470:2bdaac] [com.apple.LocalAuthentication:Environment] companionForUser:501 type:4 -> Error Domain=com.apple.LocalAuthentication Code=-1000 ""companions not supported"" UserInfo={NSDebugDescription=companions not supported, NSLocalizedDescription=Authentication failure.}"
2026-08-18 12:14:03.453696,Suspicious Process Execution,siriinferenced,60836,85,High,Mac Real-Time Agent,Detected suspicious keyword: nc
2026-08-18 12:14:05.525698,Suspicious Process Execution,Google Chrome Helper (Renderer),60863,85,High,Mac Real-Time Agent,Detected suspicious keyword: nc
2026-08-18 12:14:05.527322,Suspicious Process Execution,uncd,60866,85,High,Mac Real-Time Agent,Detected suspicious keyword: nc
2026-08-18 12:14:07.559267,Suspicious Process Execution,swtransparencyd,60869,85,High,Mac Real-Time Agent,Detected suspicious keyword: nc
2026-08-18 12:14:07.560075,Suspicious Process Execution,biomesyncd,60873,85,High,Mac Real-Time Agent,Detected suspicious keyword: nc
2026-08-18 12:14:09.655506,Failed Password Attempt,sudo,N/A,75,High,Mac Failed Login Monitor,"2026-08-18 12:14:09.652 E  coreauthd[50470:2be000] [com.apple.LocalAuthentication:Environment] companionForUser:501 type:1 -> Error Domain=com.apple.LocalAuthentication Code=-1000 ""companions not supported"" UserInfo={NSDebugDescription=companions not supported, NSLocalizedDescription=Authentication failure.}"
2026-08-18 12:14:09.656232,Failed Password Attempt,sudo,N/A,75,High,Mac Failed Login Monitor,"2026-08-18 12:14:09.653 E  coreauthd[50470:2be000] [com.apple.LocalAuthentication:Environment] companionForUser:501 type:2 -> Error Domain=com.apple.LocalAuthentication Code=-1000 ""companions not supported"" UserInfo={NSDebugDescription=companions not supported, NSLocalizedDescription=Authentication failure.}"
2026-08-18 12:14:09.656592,Failed Password Attempt,sudo,N/A,75,High,Mac Failed Login Monitor,"2026-08-18 12:14:09.653 E  coreauthd[50470:2be000] [com.apple.LocalAuthentication:Environment] companionForUser:501 type:4 -> Error Domain=com.apple.LocalAuthentication Code=-1000 ""companions not supported"" UserInfo={NSDebugDescription=companions not supported, NSLocalizedDescription=Authentication failure.}"
2026-08-18 12:14:09.656906,Failed Password Attempt,sudo,N/A,75,High,Mac Failed Login Monitor,"2026-08-18 12:14:09.656 E  coreauthd[50470:2be000] [com.apple.LocalAuthentication:Environment] companionForUser:501 type:1 -> Error Domain=com.apple.LocalAuthentication Code=-1000 ""companions not supported"" UserInfo={NSDebugDescription=companions not supported, NSLocalizedDescription=Authentication failure.}"
2026-08-18 12:14:09.657127,Failed Password Attempt,sudo,N/A,75,High,Mac Failed Login Monitor,"2026-08-18 12:14:09.656 E  coreauthd[50470:2be000] [com.apple.LocalAuthentication:Environment] companionForUser:501 type:2 -> Error Domain=com.apple.LocalAuthentication Code=-1000 ""companions not supported"" UserInfo={NSDebugDescription=companions not supported, NSLocalizedDescription=Authentication failure.}"
2026-08-18 12:14:09.657346,Failed Password Attempt,sudo,N/A,75,High,Mac Failed Login Monitor,"2026-08-18 12:14:09.656 E  coreauthd[50470:2be000] [com.apple.LocalAuthentication:Environment] companionForUser:501 type:4 -> Error Domain=com.apple.LocalAuthentication Code=-1000 ""companions not supported"" UserInfo={NSDebugDescription=companions not supported, NSLocalizedDescription=Authentication failure.}"
2026-08-18 12:14:09.660351,Failed Password Attempt,sudo,N/A,75,High,Mac Failed Login Monitor,"2026-08-18 12:14:09.659 E  coreauthd[50470:2bdaac] [com.apple.LocalAuthentication:Environment] companionForUser:501 type:1 -> Error Domain=com.apple.LocalAuthentication Code=-1000 ""companions not supported"" UserInfo={NSDebugDescription=companions not supported, NSLocalizedDescription=Authentication failure.}"
2026-08-18 12:14:09.660583,Failed Password Attempt,sudo,N/A,75,High,Mac Failed Login Monitor,"2026-08-18 12:14:09.659 E  coreauthd[50470:2bdaac] [com.apple.LocalAuthentication:Environment] companionForUser:501 type:2 -> Error Domain=com.apple.LocalAuthentication Code=-1000 ""companions not supported"" UserInfo={NSDebugDescription=companions not supported, NSLocalizedDescription=Authentication failure.}"
2026-08-18 12:14:09.660663,Failed Password Attempt,sudo,N/A,75,High,Mac Failed Login Monitor,"2026-08-18 12:14:09.660 E  coreauthd[50470:2bdaac] [com.apple.LocalAuthentication:Environment] companionForUser:501 type:4 -> Error Domain=com.apple.LocalAuthentication Code=-1000 ""companions not supported"" UserInfo={NSDebugDescription=companions not supported, NSLocalizedDescription=Authentication failure.}"
2026-08-18 12:14:09.661533,Failed Password Attempt,sudo,N/A,75,High,Mac Failed Login Monitor,"2026-08-18 12:14:09.661 E  coreauthd[50470:2be000] [com.apple.LocalAuthentication:Environment] companionForUser:501 type:1 -> Error Domain=com.apple.LocalAuthentication Code=-1000 ""companions not supported"" UserInfo={NSDebugDescription=companions not supported, NSLocalizedDescription=Authentication failure.}"
2026-08-18 12:14:09.661649,Failed Password Attempt,sudo,N/A,75,High,Mac Failed Login Monitor,"2026-08-18 12:14:09.661 E  coreauthd[50470:2be000] [com.apple.LocalAuthentication:Environment] companionForUser:501 type:2 -> Error Domain=com.apple.LocalAuthentication Code=-1000 ""companions not supported"" UserInfo={NSDebugDescription=companions not supported, NSLocalizedDescription=Authentication failure.}"
2026-08-18 12:14:09.661719,Failed Password Attempt,sudo,N/A,75,High,Mac Failed Login Monitor,"2026-08-18 12:14:09.661 E  coreauthd[50470:2be000] [com.apple.LocalAuthentication:Environment] companionForUser:501 type:4 -> Error Domain=com.apple.LocalAuthentication Code=-1000 ""companions not supported"" UserInfo={NSDebugDescription=companions not supported, NSLocalizedDescription=Authentication failure.}"
2026-08-18 12:14:10.220278,Suspicious Process Execution,DevicePropertiesExtension,60891,85,High,Mac Real-Time Agent,Detected suspicious keyword: nc
2026-08-18 12:14:12.257157,Suspicious Process Execution,IntelligencePlatformComputeService,60908,85,High,Mac Real-Time Agent,Detected suspicious keyword: nc
2026-08-18 12:14:12.257622,Suspicious Process Execution,mapssyncd,60911,85,High,Mac Real-Time Agent,Detected suspicious keyword: nc
2026-08-18 12:14:12.257763,Suspicious Process Execution,PnROnDeviceWorker,60913,85,High,Mac Real-Time Agent,Detected suspicious keyword: nc
2026-08-18 12:14:14.299826,Suspicious Process Execution,AMPLibraryAgent,60924,85,High,Mac Real-Time Agent,Detected suspicious keyword: nc
2026-08-18 12:14:18.397737,Suspicious Process Execution,AMPArtworkAgent,60928,85,High,Mac Real-Time Agent,Detected suspicious keyword: nc
2026-08-18 12:15:59.004031,Suspicious Process Execution,Google Chrome Helper (Renderer),60933,85,High,Mac Real-Time Agent,Detected suspicious keyword: nc
2026-08-18 12:17:52.638190,Suspicious Process Execution,AXVisualSupportAgent,60960,85,High,Mac Real-Time Agent,Detected suspicious keyword: nc
2026-08-18 12:35:22.265463,Suspicious Process Execution,AssetMetricsExtension,60976,85,High,Mac Real-Time Agent,Detected suspicious keyword: nc
2026-08-18 12:50:46.986170,Suspicious Process Execution,transparencyd,60981,85,High,Mac Real-Time Agent,Detected suspicious keyword: nc
2026-08-18 12:50:46.988113,Suspicious Process Execution,AddressBookSourceSync,60983,85,High,Mac Real-Time Agent,Detected suspicious keyword: nc
2026-08-18 12:50:46.988503,Suspicious Process Execution,com.apple.mlhost.TelemetryWorker,60986,85,High,Mac Real-Time Agent,Detected suspicious keyword: nc
2026-08-18 12:50:46.989233,Suspicious Process Execution,MediaMLExtension,60990,85,High,Mac Real-Time Agent,Detected suspicious keyword: nc
2026-08-18 12:50:51.103125,Suspicious Process Execution,ProtectedCloudKeySyncing,60998,85,High,Mac Real-Time Agent,Detected suspicious keyword: nc
2026-08-18 13:07:44.749377,Suspicious Process Execution,intelligenceplatformd,61003,85,High,Mac Real-Time Agent,Detected suspicious keyword: nc
2026-08-18 13:07:44.750046,Suspicious Process Execution,DevicePropertiesExtension,61008,85,High,Mac Real-Time Agent,Detected suspicious keyword: nc
2026-08-18 13:07:44.750312,Suspicious Process Execution,AssetMetricsExtension,61010,85,High,Mac Real-Time Agent,Detected suspicious keyword: nc
2026-08-18 13:07:44.750476,Suspicious Process Execution,MetricsExtension,61011,85,High,Mac Real-Time Agent,Detected suspicious keyword: nc
2026-08-18 13:22:51.041437,Suspicious Process Execution,AssetMetricsExtension,61020,85,High,Mac Real-Time Agent,Detected suspicious keyword: nc
2026-08-18 13:22:59.205951,Suspicious Process Execution,CarbonComponentScannerXPC,61029,85,High,Mac Real-Time Agent,Detected suspicious keyword: nc
2026-08-18 13:26:31.797635,Suspicious Process Execution,AXVisualSupportAgent,61058,85,High,Mac Real-Time Agent,Detected suspicious keyword: nc
2026-08-18 13:42:25.380387,Suspicious Process Execution,AddressBookSourceSync,61067,85,High,Mac Real-Time Agent,Detected suspicious keyword: nc
2026-08-18 14:12:44.921066,Suspicious Process Execution,biomesyncd,61071,85,High,Mac Real-Time Agent,Detected suspicious keyword: nc
2026-08-18 14:31:52.227662,Suspicious Process Execution,AddressBookSourceSync,61084,85,High,Mac Real-Time Agent,Detected suspicious keyword: nc
2026-08-18 14:31:52.228309,Suspicious Process Execution,AssetMetricsExtension,61087,85,High,Mac Real-Time Agent,Detected suspicious keyword: nc
2026-08-18 14:47:03.825227,Suspicious Process Execution,AXVisualSupportAgent,61094,85,High,Mac Real-Time Agent,Detected suspicious keyword: nc
2026-08-18 15:09:18.246277,Suspicious Process Execution,AddressBookSourceSync,61105,85,High,Mac Real-Time Agent,Detected suspicious keyword: nc
2026-08-18 15:16:03.961660,Suspicious Process Execution,biomesyncd,61109,85,High,Mac Real-Time Agent,Detected suspicious keyword: nc
2026-08-18 15:31:10.166883,Suspicious Process Execution,AssetMetricsExtension,61114,85,High,Mac Real-Time Agent,Detected suspicious keyword: nc
2026-08-18 15:31:36.607473,Suspicious Process Execution,AXVisualSupportAgent,61123,85,High,Mac Real-Time Agent,Detected suspicious keyword: nc
2026-08-18 15:46:44.484226,Suspicious Process Execution,AddressBookSourceSync,61128,85,High,Mac Real-Time Agent,Detected suspicious keyword: nc
2026-08-18 16:03:05.223726,Suspicious Process Execution,generativeexperiencesd,61133,85,High,Mac Real-Time Agent,Detected suspicious keyword: nc
2026-08-18 16:17:02.740488,Failed Password Attempt,sudo,N/A,75,High,Mac Failed Login Monitor,"2026-08-18 16:17:02.739 E  coreauthd[50470:2c0d01] [com.apple.LocalAuthentication:Environment] companionForUser:501 type:1 -> Error Domain=com.apple.LocalAuthentication Code=-1000 ""companions not supported"" UserInfo={NSDebugDescription=companions not supported, NSLocalizedDescription=Authentication failure.}"
2026-08-18 16:17:02.740740,Failed Password Attempt,sudo,N/A,75,High,Mac Failed Login Monitor,"2026-08-18 16:17:02.739 E  coreauthd[50470:2c0d01] [com.apple.LocalAuthentication:Environment] companionForUser:501 type:2 -> Error Domain=com.apple.LocalAuthentication Code=-1000 ""companions not supported"" UserInfo={NSDebugDescription=companions not supported, NSLocalizedDescription=Authentication failure.}"
2026-08-18 16:17:02.740844,Failed Password Attempt,sudo,N/A,75,High,Mac Failed Login Monitor,"2026-08-18 16:17:02.739 E  coreauthd[50470:2c0d01] [com.apple.LocalAuthentication:Environment] companionForUser:501 type:4 -> Error Domain=com.apple.LocalAuthentication Code=-1000 ""companions not supported"" UserInfo={NSDebugDescription=companions not supported, NSLocalizedDescription=Authentication failure.}"
2026-08-18 16:17:02.746058,Failed Password Attempt,sudo,N/A,75,High,Mac Failed Login Monitor,"2026-08-18 16:17:02.745 E  coreauthd[50470:2c0d01] [com.apple.LocalAuthentication:Environment] companionForUser:501 type:1 -> Error Domain=com.apple.LocalAuthentication Code=-1000 ""companions not supported"" UserInfo={NSDebugDescription=companions not supported, NSLocalizedDescription=Authentication failure.}"
2026-08-18 16:17:02.746169,Failed Password Attempt,sudo,N/A,75,High,Mac Failed Login Monitor,"2026-08-18 16:17:02.745 E  coreauthd[50470:2c0d01] [com.apple.LocalAuthentication:Environment] companionForUser:501 type:2 -> Error Domain=com.apple.LocalAuthentication Code=-1000 ""companions not supported"" UserInfo={NSDebugDescription=companions not supported, NSLocalizedDescription=Authentication failure.}"
2026-08-18 16:17:02.746260,Failed Password Attempt,sudo,N/A,75,High,Mac Failed Login Monitor,"2026-08-18 16:17:02.745 E  coreauthd[50470:2c0d01] [com.apple.LocalAuthentication:Environment] companionForUser:501 type:4 -> Error Domain=com.apple.LocalAuthentication Code=-1000 ""companions not supported"" UserInfo={NSDebugDescription=companions not supported, NSLocalizedDescription=Authentication failure.}"
2026-08-18 16:17:02.762097,Failed Password Attempt,sudo,N/A,75,High,Mac Failed Login Monitor,"2026-08-18 16:17:02.761 E  coreauthd[50470:2c0d01] [com.apple.LocalAuthentication:Environment] companionForUser:501 type:1 -> Error Domain=com.apple.LocalAuthentication Code=-1000 ""companions not supported"" UserInfo={NSDebugDescription=companions not supported, NSLocalizedDescription=Authentication failure.}"
2026-08-18 16:17:02.762515,Failed Password Attempt,sudo,N/A,75,High,Mac Failed Login Monitor,"2026-08-18 16:17:02.762 E  coreauthd[50470:2c0d01] [com.apple.LocalAuthentication:Environment] companionForUser:501 type:2 -> Error Domain=com.apple.LocalAuthentication Code=-1000 ""companions not supported"" UserInfo={NSDebugDescription=companions not supported, NSLocalizedDescription=Authentication failure.}"
2026-08-18 16:17:02.762636,Failed Password Attempt,sudo,N/A,75,High,Mac Failed Login Monitor,"2026-08-18 16:17:02.762 E  coreauthd[50470:2c0d01] [com.apple.LocalAuthentication:Environment] companionForUser:501 type:4 -> Error Domain=com.apple.LocalAuthentication Code=-1000 ""companions not supported"" UserInfo={NSDebugDescription=companions not supported, NSLocalizedDescription=Authentication failure.}"
2026-08-18 16:17:02.765913,Failed Password Attempt,sudo,N/A,75,High,Mac Failed Login Monitor,"2026-08-18 16:17:02.765 E  coreauthd[50470:2c0d01] [com.apple.LocalAuthentication:Environment] companionForUser:501 type:1 -> Error Domain=com.apple.LocalAuthentication Code=-1000 ""companions not supported"" UserInfo={NSDebugDescription=companions not supported, NSLocalizedDescription=Authentication failure.}"
2026-08-18 16:17:02.766030,Failed Password Attempt,sudo,N/A,75,High,Mac Failed Login Monitor,"2026-08-18 16:17:02.765 E  coreauthd[50470:2c0d01] [com.apple.LocalAuthentication:Environment] companionForUser:501 type:2 -> Error Domain=com.apple.LocalAuthentication Code=-1000 ""companions not supported"" UserInfo={NSDebugDescription=companions not supported, NSLocalizedDescription=Authentication failure.}"
2026-08-18 16:17:02.766123,Failed Password Attempt,sudo,N/A,75,High,Mac Failed Login Monitor,"2026-08-18 16:17:02.765 E  coreauthd[50470:2c0d01] [com.apple.LocalAuthentication:Environment] companionForUser:501 type:4 -> Error Domain=com.apple.LocalAuthentication Code=-1000 ""companions not supported"" UserInfo={NSDebugDescription=companions not supported, NSLocalizedDescription=Authentication failure.}"
2026-08-18 16:17:04.981771,Suspicious Process Execution,AddressBookSourceSync,61140,85,High,Mac Real-Time Agent,Detected suspicious keyword: nc
2026-08-18 16:35:00.585756,Failed Password Attempt,sudo,N/A,75,High,Mac Failed Login Monitor,"2026-08-18 16:35:00.585 E  coreauthd[50470:2c0d01] [com.apple.LocalAuthentication:Environment] companionForUser:501 type:1 -> Error Domain=com.apple.LocalAuthentication Code=-1000 ""companions not supported"" UserInfo={NSDebugDescription=companions not supported, NSLocalizedDescription=Authentication failure.}"
2026-08-18 16:35:00.586492,Failed Password Attempt,sudo,N/A,75,High,Mac Failed Login Monitor,"2026-08-18 16:35:00.586 E  coreauthd[50470:2c0d01] [com.apple.LocalAuthentication:Environment] companionForUser:501 type:2 -> Error Domain=com.apple.LocalAuthentication Code=-1000 ""companions not supported"" UserInfo={NSDebugDescription=companions not supported, NSLocalizedDescription=Authentication failure.}"
2026-08-18 16:35:00.586900,Failed Password Attempt,sudo,N/A,75,High,Mac Failed Login Monitor,"2026-08-18 16:35:00.586 E  coreauthd[50470:2c0d01] [com.apple.LocalAuthentication:Environment] companionForUser:501 type:4 -> Error Domain=com.apple.LocalAuthentication Code=-1000 ""companions not supported"" UserInfo={NSDebugDescription=companions not supported, NSLocalizedDescription=Authentication failure.}"
2026-08-18 16:35:00.587909,Failed Password Attempt,sudo,N/A,75,High,Mac Failed Login Monitor,"2026-08-18 16:35:00.587 E  coreauthd[50470:2c0d01] [com.apple.LocalAuthentication:Environment] companionForUser:501 type:1 -> Error Domain=com.apple.LocalAuthentication Code=-1000 ""companions not supported"" UserInfo={NSDebugDescription=companions not supported, NSLocalizedDescription=Authentication failure.}"
2026-08-18 16:35:00.589587,Failed Password Attempt,sudo,N/A,75,High,Mac Failed Login Monitor,"2026-08-18 16:35:00.589 E  coreauthd[50470:2c0d01] [com.apple.LocalAuthentication:Environment] companionForUser:501 type:2 -> Error Domain=com.apple.LocalAuthentication Code=-1000 ""companions not supported"" UserInfo={NSDebugDescription=companions not supported, NSLocalizedDescription=Authentication failure.}"
2026-08-18 16:35:00.589715,Failed Password Attempt,sudo,N/A,75,High,Mac Failed Login Monitor,"2026-08-18 16:35:00.589 E  coreauthd[50470:2c0d01] [com.apple.LocalAuthentication:Environment] companionForUser:501 type:4 -> Error Domain=com.apple.LocalAuthentication Code=-1000 ""companions not supported"" UserInfo={NSDebugDescription=companions not supported, NSLocalizedDescription=Authentication failure.}"
2026-08-18 16:35:00.618489,Failed Password Attempt,sudo,N/A,75,High,Mac Failed Login Monitor,"2026-08-18 16:35:00.618 E  coreauthd[50470:2c0d01] [com.apple.LocalAuthentication:Environment] companionForUser:501 type:1 -> Error Domain=com.apple.LocalAuthentication Code=-1000 ""companions not supported"" UserInfo={NSDebugDescription=companions not supported, NSLocalizedDescription=Authentication failure.}"
2026-08-18 16:35:00.618729,Failed Password Attempt,sudo,N/A,75,High,Mac Failed Login Monitor,"2026-08-18 16:35:00.618 E  coreauthd[50470:2c0d01] [com.apple.LocalAuthentication:Environment] companionForUser:501 type:2 -> Error Domain=com.apple.LocalAuthentication Code=-1000 ""companions not supported"" UserInfo={NSDebugDescription=companions not supported, NSLocalizedDescription=Authentication failure.}"
2026-08-18 16:35:00.618866,Failed Password Attempt,sudo,N/A,75,High,Mac Failed Login Monitor,"2026-08-18 16:35:00.618 E  coreauthd[50470:2c0d01] [com.apple.LocalAuthentication:Environment] companionForUser:501 type:4 -> Error Domain=com.apple.LocalAuthentication Code=-1000 ""companions not supported"" UserInfo={NSDebugDescription=companions not supported, NSLocalizedDescription=Authentication failure.}"
2026-08-18 16:35:00.619464,Failed Password Attempt,sudo,N/A,75,High,Mac Failed Login Monitor,"2026-08-18 16:35:00.619 E  coreauthd[50470:2c0d01] [com.apple.LocalAuthentication:Environment] companionForUser:501 type:1 -> Error Domain=com.apple.LocalAuthentication Code=-1000 ""companions not supported"" UserInfo={NSDebugDescription=companions not supported, NSLocalizedDescription=Authentication failure.}"
2026-08-18 16:35:00.619586,Failed Password Attempt,sudo,N/A,75,High,Mac Failed Login Monitor,"2026-08-18 16:35:00.619 E  coreauthd[50470:2c0d01] [com.apple.LocalAuthentication:Environment] companionForUser:501 type:2 -> Error Domain=com.apple.LocalAuthentication Code=-1000 ""companions not supported"" UserInfo={NSDebugDescription=companions not supported, NSLocalizedDescription=Authentication failure.}"
2026-08-18 16:35:00.619689,Failed Password Attempt,sudo,N/A,75,High,Mac Failed Login Monitor,"2026-08-18 16:35:00.619 E  coreauthd[50470:2c0d01] [com.apple.LocalAuthentication:Environment] companionForUser:501 type:4 -> Error Domain=com.apple.LocalAuthentication Code=-1000 ""companions not supported"" UserInfo={NSDebugDescription=companions not supported, NSLocalizedDescription=Authentication failure.}"
2026-08-18 16:35:01.479799,Suspicious Process Execution,AssetMetricsExtension,61156,85,High,Mac Real-Time Agent,Detected suspicious keyword: nc
2026-08-18 17:05:31.658490,Suspicious Process Execution,AddressBookSourceSync,61172,85,High,Mac Real-Time Agent,Detected suspicious keyword: nc
2026-08-18 17:05:39.870080,Suspicious Process Execution,AXVisualSupportAgent,61180,85,High,Mac Real-Time Agent,Detected suspicious keyword: nc
2026-08-18 17:18:03.684069,Suspicious Process Execution,biomesyncd,61183,85,High,Mac Real-Time Agent,Detected suspicious keyword: nc
2026-08-18 17:18:37.450185,Suspicious Process Execution,AXVisualSupportAgent,61193,85,High,Mac Real-Time Agent,Detected suspicious keyword: nc
2026-08-18 18:05:24.358935,Suspicious Process Execution,AddressBookSourceSync,61199,85,High,Mac Real-Time Agent,Detected suspicious keyword: nc
2026-08-18 18:36:47.873628,Suspicious Process Execution,AddressBookSourceSync,61207,85,High,Mac Real-Time Agent,Detected suspicious keyword: nc
2026-08-18 18:53:45.589140,Suspicious Process Execution,AssetMetricsExtension,61214,85,High,Mac Real-Time Agent,Detected suspicious keyword: nc
2026-08-18 19:03:56.446757,Failed Password Attempt,sudo,N/A,75,High,Mac Failed Login Monitor,"2026-08-18 19:03:56.446 E  coreauthd[50470:2c2cb6] [com.apple.LocalAuthentication:Environment] companionForUser:501 type:1 -> Error Domain=com.apple.LocalAuthentication Code=-1000 ""companions not supported"" UserInfo={NSDebugDescription=companions not supported, NSLocalizedDescription=Authentication failure.}"
2026-08-18 19:03:56.447047,Failed Password Attempt,sudo,N/A,75,High,Mac Failed Login Monitor,"2026-08-18 19:03:56.446 E  coreauthd[50470:2c2cb6] [com.apple.LocalAuthentication:Environment] companionForUser:501 type:2 -> Error Domain=com.apple.LocalAuthentication Code=-1000 ""companions not supported"" UserInfo={NSDebugDescription=companions not supported, NSLocalizedDescription=Authentication failure.}"
2026-08-18 19:03:56.447114,Failed Password Attempt,sudo,N/A,75,High,Mac Failed Login Monitor,"2026-08-18 19:03:56.446 E  coreauthd[50470:2c2cb6] [com.apple.LocalAuthentication:Environment] companionForUser:501 type:4 -> Error Domain=com.apple.LocalAuthentication Code=-1000 ""companions not supported"" UserInfo={NSDebugDescription=companions not supported, NSLocalizedDescription=Authentication failure.}"
2026-08-18 19:03:56.483419,Failed Password Attempt,sudo,N/A,75,High,Mac Failed Login Monitor,"2026-08-18 19:03:56.483 E  coreauthd[50470:2c2cb6] [com.apple.LocalAuthentication:Environment] companionForUser:501 type:1 -> Error Domain=com.apple.LocalAuthentication Code=-1000 ""companions not supported"" UserInfo={NSDebugDescription=companions not supported, NSLocalizedDescription=Authentication failure.}"
2026-08-18 19:03:56.483519,Failed Password Attempt,sudo,N/A,75,High,Mac Failed Login Monitor,"2026-08-18 19:03:56.483 E  coreauthd[50470:2c2cb6] [com.apple.LocalAuthentication:Environment] companionForUser:501 type:2 -> Error Domain=com.apple.LocalAuthentication Code=-1000 ""companions not supported"" UserInfo={NSDebugDescription=companions not supported, NSLocalizedDescription=Authentication failure.}"
2026-08-18 19:03:56.483573,Failed Password Attempt,sudo,N/A,75,High,Mac Failed Login Monitor,"2026-08-18 19:03:56.483 E  coreauthd[50470:2c2cb6] [com.apple.LocalAuthentication:Environment] companionForUser:501 type:4 -> Error Domain=com.apple.LocalAuthentication Code=-1000 ""companions not supported"" UserInfo={NSDebugDescription=companions not supported, NSLocalizedDescription=Authentication failure.}"
2026-08-18 19:03:56.492047,Failed Password Attempt,sudo,N/A,75,High,Mac Failed Login Monitor,"2026-08-18 19:03:56.491 E  coreauthd[50470:2c2cb6] [com.apple.LocalAuthentication:Environment] companionForUser:501 type:1 -> Error Domain=com.apple.LocalAuthentication Code=-1000 ""companions not supported"" UserInfo={NSDebugDescription=companions not supported, NSLocalizedDescription=Authentication failure.}"
2026-08-18 19:03:56.492136,Failed Password Attempt,sudo,N/A,75,High,Mac Failed Login Monitor,"2026-08-18 19:03:56.491 E  coreauthd[50470:2c2cb6] [com.apple.LocalAuthentication:Environment] companionForUser:501 type:2 -> Error Domain=com.apple.LocalAuthentication Code=-1000 ""companions not supported"" UserInfo={NSDebugDescription=companions not supported, NSLocalizedDescription=Authentication failure.}"
2026-08-18 19:03:56.492207,Failed Password Attempt,sudo,N/A,75,High,Mac Failed Login Monitor,"2026-08-18 19:03:56.491 E  coreauthd[50470:2c2cb6] [com.apple.LocalAuthentication:Environment] companionForUser:501 type:4 -> Error Domain=com.apple.LocalAuthentication Code=-1000 ""companions not supported"" UserInfo={NSDebugDescription=companions not supported, NSLocalizedDescription=Authentication failure.}"
2026-08-18 19:03:56.492684,Failed Password Attempt,sudo,N/A,75,High,Mac Failed Login Monitor,"2026-08-18 19:03:56.492 E  coreauthd[50470:2c2cb6] [com.apple.LocalAuthentication:Environment] companionForUser:501 type:1 -> Error Domain=com.apple.LocalAuthentication Code=-1000 ""companions not supported"" UserInfo={NSDebugDescription=companions not supported, NSLocalizedDescription=Authentication failure.}"
2026-08-18 19:03:56.492822,Failed Password Attempt,sudo,N/A,75,High,Mac Failed Login Monitor,"2026-08-18 19:03:56.492 E  coreauthd[50470:2c2cb6] [com.apple.LocalAuthentication:Environment] companionForUser:501 type:2 -> Error Domain=com.apple.LocalAuthentication Code=-1000 ""companions not supported"" UserInfo={NSDebugDescription=companions not supported, NSLocalizedDescription=Authentication failure.}"
2026-08-18 19:03:56.492892,Failed Password Attempt,sudo,N/A,75,High,Mac Failed Login Monitor,"2026-08-18 19:03:56.492 E  coreauthd[50470:2c2cb6] [com.apple.LocalAuthentication:Environment] companionForUser:501 type:4 -> Error Domain=com.apple.LocalAuthentication Code=-1000 ""companions not supported"" UserInfo={NSDebugDescription=companions not supported, NSLocalizedDescription=Authentication failure.}"
2026-08-18 19:03:56.677577,Failed Password Attempt,sudo,N/A,75,High,Mac Failed Login Monitor,"2026-08-18 19:03:56.677 E  coreauthd[50470:2c3042] [com.apple.LocalAuthentication:Environment] companionForUser:501 type:1 -> Error Domain=com.apple.LocalAuthentication Code=-1000 ""companions not supported"" UserInfo={NSDebugDescription=companions not supported, NSLocalizedDescription=Authentication failure.}"
2026-08-18 19:03:56.677706,Failed Password Attempt,sudo,N/A,75,High,Mac Failed Login Monitor,"2026-08-18 19:03:56.677 E  coreauthd[50470:2c3042] [com.apple.LocalAuthentication:Environment] companionForUser:501 type:2 -> Error Domain=com.apple.LocalAuthentication Code=-1000 ""companions not supported"" UserInfo={NSDebugDescription=companions not supported, NSLocalizedDescription=Authentication failure.}"
2026-08-18 19:03:56.677854,Failed Password Attempt,sudo,N/A,75,High,Mac Failed Login Monitor,"2026-08-18 19:03:56.677 E  coreauthd[50470:2c3042] [com.apple.LocalAuthentication:Environment] companionForUser:501 type:4 -> Error Domain=com.apple.LocalAuthentication Code=-1000 ""companions not supported"" UserInfo={NSDebugDescription=companions not supported, NSLocalizedDescription=Authentication failure.}"
2026-08-18 19:03:56.680367,Failed Password Attempt,sudo,N/A,75,High,Mac Failed Login Monitor,"2026-08-18 19:03:56.679 E  coreauthd[50470:2c3042] [com.apple.LocalAuthentication:Environment] companionForUser:501 type:1 -> Error Domain=com.apple.LocalAuthentication Code=-1000 ""companions not supported"" UserInfo={NSDebugDescription=companions not supported, NSLocalizedDescription=Authentication failure.}"
2026-08-18 19:03:56.689596,Failed Password Attempt,sudo,N/A,75,High,Mac Failed Login Monitor,"2026-08-18 19:03:56.689 E  coreauthd[50470:2c3042] [com.apple.LocalAuthentication:Environment] companionForUser:501 type:2 -> Error Domain=com.apple.LocalAuthentication Code=-1000 ""companions not supported"" UserInfo={NSDebugDescription=companions not supported, NSLocalizedDescription=Authentication failure.}"
2026-08-18 19:03:56.689792,Failed Password Attempt,sudo,N/A,75,High,Mac Failed Login Monitor,"2026-08-18 19:03:56.689 E  coreauthd[50470:2c3042] [com.apple.LocalAuthentication:Environment] companionForUser:501 type:4 -> Error Domain=com.apple.LocalAuthentication Code=-1000 ""companions not supported"" UserInfo={NSDebugDescription=companions not supported, NSLocalizedDescription=Authentication failure.}"
2026-08-18 19:03:56.737792,Failed Password Attempt,sudo,N/A,75,High,Mac Failed Login Monitor,"2026-08-18 19:03:56.737 E  coreauthd[50470:2c3042] [com.apple.LocalAuthentication:Environment] companionForUser:501 type:1 -> Error Domain=com.apple.LocalAuthentication Code=-1000 ""companions not supported"" UserInfo={NSDebugDescription=companions not supported, NSLocalizedDescription=Authentication failure.}"
2026-08-18 19:03:56.738017,Failed Password Attempt,sudo,N/A,75,High,Mac Failed Login Monitor,"2026-08-18 19:03:56.737 E  coreauthd[50470:2c3042] [com.apple.LocalAuthentication:Environment] companionForUser:501 type:2 -> Error Domain=com.apple.LocalAuthentication Code=-1000 ""companions not supported"" UserInfo={NSDebugDescription=companions not supported, NSLocalizedDescription=Authentication failure.}"
2026-08-18 19:03:56.738096,Failed Password Attempt,sudo,N/A,75,High,Mac Failed Login Monitor,"2026-08-18 19:03:56.737 E  coreauthd[50470:2c3042] [com.apple.LocalAuthentication:Environment] companionForUser:501 type:4 -> Error Domain=com.apple.LocalAuthentication Code=-1000 ""companions not supported"" UserInfo={NSDebugDescription=companions not supported, NSLocalizedDescription=Authentication failure.}"
2026-08-18 19:03:56.738802,Failed Password Attempt,sudo,N/A,75,High,Mac Failed Login Monitor,"2026-08-18 19:03:56.738 E  coreauthd[50470:2c3042] [com.apple.LocalAuthentication:Environment] companionForUser:501 type:1 -> Error Domain=com.apple.LocalAuthentication Code=-1000 ""companions not supported"" UserInfo={NSDebugDescription=companions not supported, NSLocalizedDescription=Authentication failure.}"
2026-08-18 19:03:56.738909,Failed Password Attempt,sudo,N/A,75,High,Mac Failed Login Monitor,"2026-08-18 19:03:56.738 E  coreauthd[50470:2c3042] [com.apple.LocalAuthentication:Environment] companionForUser:501 type:2 -> Error Domain=com.apple.LocalAuthentication Code=-1000 ""companions not supported"" UserInfo={NSDebugDescription=companions not supported, NSLocalizedDescription=Authentication failure.}"
2026-08-18 19:03:56.739030,Failed Password Attempt,sudo,N/A,75,High,Mac Failed Login Monitor,"2026-08-18 19:03:56.738 E  coreauthd[50470:2c3042] [com.apple.LocalAuthentication:Environment] companionForUser:501 type:4 -> Error Domain=com.apple.LocalAuthentication Code=-1000 ""companions not supported"" UserInfo={NSDebugDescription=companions not supported, NSLocalizedDescription=Authentication failure.}"
2026-08-18 19:04:09.001667,Suspicious Process Execution,GMSSELFIngestor,61237,85,High,Mac Real-Time Agent,Detected suspicious keyword: nc
2026-08-18 19:04:09.002601,Suspicious Process Execution,IFTelemetrySELFIngestor,61238,85,High,Mac Real-Time Agent,Detected suspicious keyword: nc
2026-08-18 19:04:09.002792,Suspicious Process Execution,BiomeSELFIngestor,61239,85,High,Mac Real-Time Agent,Detected suspicious keyword: nc
2026-08-18 19:04:09.002958,Suspicious Process Execution,IFTranscriptSELFIngestor,61240,85,High,Mac Real-Time Agent,Detected suspicious keyword: nc
2026-08-18 19:04:09.003113,Suspicious Process Execution,AXVisualSupportAgent,61241,85,High,Mac Real-Time Agent,Detected suspicious keyword: nc
2026-08-18 19:04:25.352660,Suspicious Process Execution,Brave Browser Helper (Renderer),61253,85,High,Mac Real-Time Agent,Detected suspicious keyword: nc
2026-08-18 19:05:10.350708,Suspicious Process Execution,AXVisualSupportAgent,61282,85,High,Mac Real-Time Agent,Detected suspicious keyword: nc
2026-08-18 19:05:36.891732,Suspicious Process Execution,Brave Browser Helper (Renderer),61307,85,High,Mac Real-Time Agent,Detected suspicious keyword: nc
2026-08-18 19:05:40.973076,Suspicious Process Execution,Brave Browser Helper (Renderer),61316,85,High,Mac Real-Time Agent,Detected suspicious keyword: nc
2026-08-18 19:06:09.616652,Suspicious Process Execution,AXVisualSupportAgent,61337,85,High,Mac Real-Time Agent,Detected suspicious keyword: nc
2026-08-18 19:06:23.960277,Suspicious Process Execution,Brave Browser Helper (Renderer),61340,85,High,Mac Real-Time Agent,Detected suspicious keyword: nc
2026-08-18 19:06:26.012683,Suspicious Process Execution,Brave Browser Helper (Renderer),61343,85,High,Mac Real-Time Agent,Detected suspicious keyword: nc
2026-08-18 19:07:11.146811,Suspicious Process Execution,AXVisualSupportAgent,61352,85,High,Mac Real-Time Agent,Detected suspicious keyword: nc
2026-08-18 19:08:10.651779,Suspicious Process Execution,AXVisualSupportAgent,61365,85,High,Mac Real-Time Agent,Detected suspicious keyword: nc
2026-08-18 19:09:10.111130,Suspicious Process Execution,AXVisualSupportAgent,61378,85,High,Mac Real-Time Agent,Detected suspicious keyword: nc
2026-08-18 19:09:18.314688,Suspicious Process Execution,AddressBookSourceSync,61383,85,High,Mac Real-Time Agent,Detected suspicious keyword: nc
2026-08-18 19:10:11.609277,Suspicious Process Execution,AXVisualSupportAgent,61401,85,High,Mac Real-Time Agent,Detected suspicious keyword: nc
